id,tma_mdpl
2025-09-19 06:00:00 - Arjowinangun - Pacitan,1.0534858
2025-09-19 12:00:00 - Arjowinangun - Pacitan,1.0752048
2025-09-19 18:00:00 - Arjowinangun - Pacitan,0.8759992
2025-09-20 06:00:00 - Arjowinangun - Pacitan,1.1562073
2025-09-20 12:00:00 - Arjowinangun - Pacitan,1.1978456
2025-09-20 18:00:00 - Arjowinangun - Pacitan,0.8488879
2025-09-21 06:00:00 - Arjowinangun - Pacitan,1.015273
2025-09-21 12:00:00 - Arjowinangun - Pacitan,1.0751653
2025-09-21 18:00:00 - Arjowinangun - Pacitan,0.74551874
2025-09-22 06:00:00 - Arjowinangun - Pacitan,1.0845884
2025-09-22 12:00:00 - Arjowinangun - Pacitan,1.0954587
2025-09-22 18:00:00 - Arjowinangun - Pacitan,0.8687722
2025-09-23 06:00:00 - Arjowinangun - Pacitan,1.0270792
2025-09-23 12:00:00 - Arjowinangun - Pacitan,1.0994998
2025-09-23 18:00:00 - Arjowinangun - Pacitan,0.9139166
2025-09-24 06:00:00 - Arjowinangun - Pacitan,1.0144116
2025-09-24 12:00:00 - Arjowinangun - Pacitan,1.0535151
2025-09-24 18:00:00 - Arjowinangun - Pacitan,0.9230539
2025-09-25 06:00:00 - Arjowinangun - Pacitan,0.9545322
2025-09-25 12:00:00 - Arjowinangun - Pacitan,1.1306893
2025-09-25 18:00:00 - Arjowinangun - Pacitan,0.89786184
2025-09-26 06:00:00 - Arjowinangun - Pacitan,0.98022944
2025-09-26 12:00:00 - Arjowinangun - Pacitan,1.0058482
2025-09-26 18:00:00 - Arjowinangun - Pacitan,0.85708374
2025-09-27 06:00:00 - Arjowinangun - Pacitan,1.0036057
2025-09-27 12:00:00 - Arjowinangun - Pacitan,1.1688011
2025-09-27 18:00:00 - Arjowinangun - Pacitan,0.923514
2025-09-28 06:00:00 - Arjowinangun - Pacitan,0.9226166
2025-09-28 12:00:00 - Arjowinangun - Pacitan,1.0478748
2025-09-28 18:00:00 - Arjowinangun - Pacitan,0.9571126
2025-09-29 06:00:00 - Arjowinangun - Pacitan,1.175764
2025-09-29 12:00:00 - Arjowinangun - Pacitan,1.3556925
2025-09-29 18:00:00 - Arjowinangun - Pacitan,1.0730659
2025-09-30 06:00:00 - Arjowinangun - Pacitan,1.3058366
2025-09-30 12:00:00 - Arjowinangun - Pacitan,1.2464858
2025-09-30 18:00:00 - Arjowinangun - Pacitan,1.0930123
2025-10-01 06:00:00 - Arjowinangun - Pacitan,1.1648742
2025-10-01 12:00:00 - Arjowinangun - Pacitan,1.2296543
2025-10-01 18:00:00 - Arjowinangun - Pacitan,1.1381625
2025-10-02 06:00:00 - Arjowinangun - Pacitan,1.26274
2025-10-02 12:00:00 - Arjowinangun - Pacitan,1.2699821
2025-10-02 18:00:00 - Arjowinangun - Pacitan,1.0539103
2025-10-03 06:00:00 - Arjowinangun - Pacitan,0.9248135
2025-10-03 12:00:00 - Arjowinangun - Pacitan,0.97623664
2025-10-03 18:00:00 - Arjowinangun - Pacitan,0.74928457
2025-10-04 06:00:00 - Arjowinangun - Pacitan,0.8575269
2025-10-04 12:00:00 - Arjowinangun - Pacitan,0.95285517
2025-10-04 18:00:00 - Arjowinangun - Pacitan,0.81759435
2025-10-05 06:00:00 - Arjowinangun - Pacitan,1.0533398
2025-10-05 12:00:00 - Arjowinangun - Pacitan,1.0040741
2025-10-05 18:00:00 - Arjowinangun - Pacitan,0.79272723
2025-10-06 06:00:00 - Arjowinangun - Pacitan,0.9397701
2025-10-06 12:00:00 - Arjowinangun - Pacitan,1.0175798
2025-10-06 18:00:00 - Arjowinangun - Pacitan,0.76549476
2025-10-07 06:00:00 - Arjowinangun - Pacitan,0.9446862
2025-10-07 12:00:00 - Arjowinangun - Pacitan,0.93459785
2025-10-07 18:00:00 - Arjowinangun - Pacitan,0.85070044
2025-10-08 06:00:00 - Arjowinangun - Pacitan,0.9408564
2025-10-08 12:00:00 - Arjowinangun - Pacitan,1.006019
2025-10-08 18:00:00 - Arjowinangun - Pacitan,0.84495914
2025-10-09 06:00:00 - Arjowinangun - Pacitan,1.032011
2025-10-09 12:00:00 - Arjowinangun - Pacitan,0.992634
2025-10-09 18:00:00 - Arjowinangun - Pacitan,0.8732921
2025-10-10 06:00:00 - Arjowinangun - Pacitan,0.99910915
2025-10-10 12:00:00 - Arjowinangun - Pacitan,1.099979
2025-10-10 18:00:00 - Arjowinangun - Pacitan,0.99630904
2025-10-11 06:00:00 - Arjowinangun - Pacitan,1.0471802
2025-10-11 12:00:00 - Arjowinangun - Pacitan,1.0626829
2025-10-11 18:00:00 - Arjowinangun - Pacitan,0.96042514
2025-10-12 06:00:00 - Arjowinangun - Pacitan,0.95821327
2025-10-12 12:00:00 - Arjowinangun - Pacitan,1.01881
2025-10-12 18:00:00 - Arjowinangun - Pacitan,0.9630533
2025-10-13 06:00:00 - Arjowinangun - Pacitan,0.9448927
2025-10-13 12:00:00 - Arjowinangun - Pacitan,1.0898485
2025-10-13 18:00:00 - Arjowinangun - Pacitan,0.97119594
2025-10-14 06:00:00 - Arjowinangun - Pacitan,0.95029277
2025-10-14 12:00:00 - Arjowinangun - Pacitan,1.0657362
2025-10-14 18:00:00 - Arjowinangun - Pacitan,0.95910543
2025-10-15 06:00:00 - Arjowinangun - Pacitan,1.1291625
2025-10-15 12:00:00 - Arjowinangun - Pacitan,1.2801694
2025-10-15 18:00:00 - Arjowinangun - Pacitan,1.2116548
2025-10-16 06:00:00 - Arjowinangun - Pacitan,1.1229316
2025-10-16 12:00:00 - Arjowinangun - Pacitan,1.3174988
2025-10-16 18:00:00 - Arjowinangun - Pacitan,1.1544073
2025-10-17 06:00:00 - Arjowinangun - Pacitan,1.1298159
2025-10-17 12:00:00 - Arjowinangun - Pacitan,1.2302371
2025-10-17 18:00:00 - Arjowinangun - Pacitan,1.1622559
2025-10-18 06:00:00 - Arjowinangun - Pacitan,1.1052825
2025-10-18 12:00:00 - Arjowinangun - Pacitan,1.2077332
2025-10-18 18:00:00 - Arjowinangun - Pacitan,1.125416
2025-10-19 06:00:00 - Arjowinangun - Pacitan,1.1308566
2025-10-19 12:00:00 - Arjowinangun - Pacitan,1.2877367
2025-10-19 18:00:00 - Arjowinangun - Pacitan,1.1872703
2025-10-20 06:00:00 - Arjowinangun - Pacitan,1.1884264
2025-10-20 12:00:00 - Arjowinangun - Pacitan,1.4066153
2025-10-20 18:00:00 - Arjowinangun - Pacitan,1.3266712
2025-10-21 06:00:00 - Arjowinangun - Pacitan,1.5327985
2025-10-21 12:00:00 - Arjowinangun - Pacitan,1.5590403
2025-10-21 18:00:00 - Arjowinangun - Pacitan,1.58747
2025-10-22 06:00:00 - Arjowinangun - Pacitan,1.4621222
2025-10-22 12:00:00 - Arjowinangun - Pacitan,1.235908
2025-10-22 18:00:00 - Arjowinangun - Pacitan,1.0025394
2025-10-23 06:00:00 - Arjowinangun - Pacitan,1.2553539
2025-10-23 12:00:00 - Arjowinangun - Pacitan,1.3900696
2025-10-23 18:00:00 - Arjowinangun - Pacitan,1.2851027
2025-10-24 06:00:00 - Arjowinangun - Pacitan,1.3257837
2025-10-24 12:00:00 - Arjowinangun - Pacitan,1.3330765
2025-10-24 18:00:00 - Arjowinangun - Pacitan,1.4787923
2025-10-25 06:00:00 - Arjowinangun - Pacitan,1.3281657
2025-10-25 12:00:00 - Arjowinangun - Pacitan,1.3678447
2025-10-25 18:00:00 - Arjowinangun - Pacitan,1.4659215
2025-10-26 06:00:00 - Arjowinangun - Pacitan,1.1399018
2025-10-26 12:00:00 - Arjowinangun - Pacitan,1.4467314
2025-10-26 18:00:00 - Arjowinangun - Pacitan,1.5742152
2025-10-27 06:00:00 - Arjowinangun - Pacitan,1.4402483
2025-10-27 12:00:00 - Arjowinangun - Pacitan,1.559867
2025-10-27 18:00:00 - Arjowinangun - Pacitan,1.4104857
2025-10-28 06:00:00 - Arjowinangun - Pacitan,1.8755952
2025-10-28 12:00:00 - Arjowinangun - Pacitan,1.5041924
2025-10-28 18:00:00 - Arjowinangun - Pacitan,1.4127973
2025-10-29 06:00:00 - Arjowinangun - Pacitan,1.22444
2025-10-29 12:00:00 - Arjowinangun - Pacitan,1.5507257
2025-10-29 18:00:00 - Arjowinangun - Pacitan,1.5374532
2025-10-30 06:00:00 - Arjowinangun - Pacitan,1.5297289
2025-10-30 12:00:00 - Arjowinangun - Pacitan,1.6559196
2025-10-30 18:00:00 - Arjowinangun - Pacitan,1.3682703
2025-10-31 06:00:00 - Arjowinangun - Pacitan,1.2958869
2025-10-31 12:00:00 - Arjowinangun - Pacitan,1.3485771
2025-10-31 18:00:00 - Arjowinangun - Pacitan,1.3463985
2025-11-01 06:00:00 - Arjowinangun - Pacitan,0.9942312
2025-11-01 12:00:00 - Arjowinangun - Pacitan,1.2444432
2025-11-01 18:00:00 - Arjowinangun - Pacitan,1.2641252
2025-11-02 06:00:00 - Arjowinangun - Pacitan,1.1273168
2025-11-02 12:00:00 - Arjowinangun - Pacitan,1.0348101
2025-11-02 18:00:00 - Arjowinangun - Pacitan,1.3535309
2025-11-03 06:00:00 - Arjowinangun - Pacitan,1.3994727
2025-11-03 12:00:00 - Arjowinangun - Pacitan,1.5454787
2025-11-03 18:00:00 - Arjowinangun - Pacitan,1.4700078
2025-11-04 06:00:00 - Arjowinangun - Pacitan,1.7991669
2025-11-04 12:00:00 - Arjowinangun - Pacitan,1.7710483
2025-11-04 18:00:00 - Arjowinangun - Pacitan,1.808279
2025-11-05 06:00:00 - Arjowinangun - Pacitan,1.2456723
2025-11-05 12:00:00 - Arjowinangun - Pacitan,1.2654033
2025-11-05 18:00:00 - Arjowinangun - Pacitan,1.3011127
2025-11-06 06:00:00 - Arjowinangun - Pacitan,1.4249531
2025-11-06 12:00:00 - Arjowinangun - Pacitan,1.6049651
2025-11-06 18:00:00 - Arjowinangun - Pacitan,1.5393726
2025-11-07 06:00:00 - Arjowinangun - Pacitan,1.2951936
2025-11-07 12:00:00 - Arjowinangun - Pacitan,1.4254029
2025-11-07 18:00:00 - Arjowinangun - Pacitan,1.7258799
2025-11-08 06:00:00 - Arjowinangun - Pacitan,1.4976691
2025-11-08 12:00:00 - Arjowinangun - Pacitan,1.6748838
2025-11-08 18:00:00 - Arjowinangun - Pacitan,1.5036608
2025-11-09 06:00:00 - Arjowinangun - Pacitan,2.1336722
2025-11-09 12:00:00 - Arjowinangun - Pacitan,1.6427616
2025-11-09 18:00:00 - Arjowinangun - Pacitan,1.8799366
2025-11-10 06:00:00 - Arjowinangun - Pacitan,1.9246838
2025-11-10 12:00:00 - Arjowinangun - Pacitan,1.685496
2025-11-10 18:00:00 - Arjowinangun - Pacitan,1.8223851
2025-11-11 06:00:00 - Arjowinangun - Pacitan,2.0999427
2025-11-11 12:00:00 - Arjowinangun - Pacitan,1.9253083
2025-11-11 18:00:00 - Arjowinangun - Pacitan,1.9719205
2025-11-12 06:00:00 - Arjowinangun - Pacitan,2.2932513
2025-11-12 12:00:00 - Arjowinangun - Pacitan,2.1797147
2025-11-12 18:00:00 - Arjowinangun - Pacitan,2.5746408
2025-11-13 06:00:00 - Arjowinangun - Pacitan,2.3800645
2025-11-13 12:00:00 - Arjowinangun - Pacitan,1.9773905
2025-11-13 18:00:00 - Arjowinangun - Pacitan,1.971209
2025-11-14 06:00:00 - Arjowinangun - Pacitan,2.2770889
2025-11-14 12:00:00 - Arjowinangun - Pacitan,1.868277
2025-11-14 18:00:00 - Arjowinangun - Pacitan,2.2688267
2025-11-15 06:00:00 - Arjowinangun - Pacitan,1.8881295
2025-11-15 12:00:00 - Arjowinangun - Pacitan,1.9272314
2025-11-15 18:00:00 - Arjowinangun - Pacitan,1.832761
2025-11-16 06:00:00 - Arjowinangun - Pacitan,1.7081058
2025-11-16 12:00:00 - Arjowinangun - Pacitan,1.6059635
2025-11-16 18:00:00 - Arjowinangun - Pacitan,1.5676992
2025-11-17 06:00:00 - Arjowinangun - Pacitan,1.4301726
2025-11-17 12:00:00 - Arjowinangun - Pacitan,1.7279264
2025-11-17 18:00:00 - Arjowinangun - Pacitan,1.4462415
2025-11-18 06:00:00 - Arjowinangun - Pacitan,1.4372985
2025-11-18 12:00:00 - Arjowinangun - Pacitan,1.5289667
2025-11-18 18:00:00 - Arjowinangun - Pacitan,1.4123229
2025-11-19 06:00:00 - Arjowinangun - Pacitan,1.6905062
2025-11-19 12:00:00 - Arjowinangun - Pacitan,1.6704581
2025-11-19 18:00:00 - Arjowinangun - Pacitan,1.6759759
2025-11-20 06:00:00 - Arjowinangun - Pacitan,1.7368602
2025-11-20 12:00:00 - Arjowinangun - Pacitan,1.7297643
2025-11-20 18:00:00 - Arjowinangun - Pacitan,1.6945263
2025-11-21 06:00:00 - Arjowinangun - Pacitan,1.7221913
2025-11-21 12:00:00 - Arjowinangun - Pacitan,1.5825771
2025-11-21 18:00:00 - Arjowinangun - Pacitan,1.9984559
2025-11-22 06:00:00 - Arjowinangun - Pacitan,2.202948
2025-11-22 12:00:00 - Arjowinangun - Pacitan,2.3339221
2025-11-22 18:00:00 - Arjowinangun - Pacitan,1.8900939
2025-11-23 06:00:00 - Arjowinangun - Pacitan,1.7465992
2025-11-23 12:00:00 - Arjowinangun - Pacitan,1.8876597
2025-11-23 18:00:00 - Arjowinangun - Pacitan,1.7247769
2025-11-24 06:00:00 - Arjowinangun - Pacitan,1.6984696
2025-11-24 12:00:00 - Arjowinangun - Pacitan,1.7720823
2025-11-24 18:00:00 - Arjowinangun - Pacitan,1.6023533
2025-11-25 06:00:00 - Arjowinangun - Pacitan,1.3527439
2025-11-25 12:00:00 - Arjowinangun - Pacitan,1.4685469
2025-11-25 18:00:00 - Arjowinangun - Pacitan,1.3776224
2025-11-26 06:00:00 - Arjowinangun - Pacitan,1.3855908
2025-11-26 12:00:00 - Arjowinangun - Pacitan,1.4686198
2025-11-26 18:00:00 - Arjowinangun - Pacitan,1.7527255
2025-11-27 06:00:00 - Arjowinangun - Pacitan,1.502402
2025-11-27 12:00:00 - Arjowinangun - Pacitan,1.5227214
2025-11-27 18:00:00 - Arjowinangun - Pacitan,1.3661081
2025-11-28 06:00:00 - Arjowinangun - Pacitan,1.5141895
2025-11-28 12:00:00 - Arjowinangun - Pacitan,1.4757048
2025-11-28 18:00:00 - Arjowinangun - Pacitan,1.5680164
2025-11-29 06:00:00 - Arjowinangun - Pacitan,1.4452276
2025-11-29 12:00:00 - Arjowinangun - Pacitan,1.5072405
2025-11-29 18:00:00 - Arjowinangun - Pacitan,1.5996413
2025-11-30 06:00:00 - Arjowinangun - Pacitan,1.5227547
2025-11-30 12:00:00 - Arjowinangun - Pacitan,1.5923573
2025-11-30 18:00:00 - Arjowinangun - Pacitan,1.337709
2025-12-01 06:00:00 - Arjowinangun - Pacitan,1.4449483
2025-12-01 12:00:00 - Arjowinangun - Pacitan,1.4922448
2025-12-01 18:00:00 - Arjowinangun - Pacitan,1.2910432
2025-12-02 06:00:00 - Arjowinangun - Pacitan,1.3721778
2025-12-02 12:00:00 - Arjowinangun - Pacitan,1.5981908
2025-12-02 18:00:00 - Arjowinangun - Pacitan,1.63092
2025-12-03 06:00:00 - Arjowinangun - Pacitan,1.5043573
2025-12-03 12:00:00 - Arjowinangun - Pacitan,1.2091012
2025-12-03 18:00:00 - Arjowinangun - Pacitan,1.3070207
2025-12-04 06:00:00 - Arjowinangun - Pacitan,1.0206554
2025-12-04 12:00:00 - Arjowinangun - Pacitan,1.143914
2025-12-04 18:00:00 - Arjowinangun - Pacitan,1.2167671
2025-12-05 06:00:00 - Arjowinangun - Pacitan,1.2109381
2025-12-05 12:00:00 - Arjowinangun - Pacitan,1.3413208
2025-12-05 18:00:00 - Arjowinangun - Pacitan,1.2920249
2025-12-06 06:00:00 - Arjowinangun - Pacitan,1.2635471
2025-12-06 12:00:00 - Arjowinangun - Pacitan,1.3641127
2025-12-06 18:00:00 - Arjowinangun - Pacitan,1.4013054
2025-12-07 06:00:00 - Arjowinangun - Pacitan,1.3866966
2025-12-07 12:00:00 - Arjowinangun - Pacitan,1.3849765
2025-12-07 18:00:00 - Arjowinangun - Pacitan,1.4867734
2025-12-08 06:00:00 - Arjowinangun - Pacitan,1.5900874
2025-12-08 12:00:00 - Arjowinangun - Pacitan,1.7189406
2025-12-08 18:00:00 - Arjowinangun - Pacitan,1.5978355
2025-12-09 06:00:00 - Arjowinangun - Pacitan,1.9372635
2025-12-09 12:00:00 - Arjowinangun - Pacitan,2.14685
2025-12-09 18:00:00 - Arjowinangun - Pacitan,1.7546176
2025-12-10 06:00:00 - Arjowinangun - Pacitan,1.6437433
2025-12-10 12:00:00 - Arjowinangun - Pacitan,1.793165
2025-12-10 18:00:00 - Arjowinangun - Pacitan,1.4493116
2025-12-11 06:00:00 - Arjowinangun - Pacitan,1.431551
2025-12-11 12:00:00 - Arjowinangun - Pacitan,1.5429391
2025-12-11 18:00:00 - Arjowinangun - Pacitan,1.3155271
2025-12-12 06:00:00 - Arjowinangun - Pacitan,1.2393346
2025-12-12 12:00:00 - Arjowinangun - Pacitan,1.3563756
2025-12-12 18:00:00 - Arjowinangun - Pacitan,1.0551792
2025-12-13 06:00:00 - Arjowinangun - Pacitan,1.1294647
2025-12-13 12:00:00 - Arjowinangun - Pacitan,1.4517049
2025-12-13 18:00:00 - Arjowinangun - Pacitan,1.1200265
2025-12-14 06:00:00 - Arjowinangun - Pacitan,1.2274581
2025-12-14 12:00:00 - Arjowinangun - Pacitan,1.3458343
2025-12-14 18:00:00 - Arjowinangun - Pacitan,1.288395
2025-12-15 06:00:00 - Arjowinangun - Pacitan,1.3934537
2025-12-15 12:00:00 - Arjowinangun - Pacitan,1.6519266
2025-12-15 18:00:00 - Arjowinangun - Pacitan,1.4067672
2025-12-16 06:00:00 - Arjowinangun - Pacitan,1.312202
2025-12-16 12:00:00 - Arjowinangun - Pacitan,1.3416184
2025-12-16 18:00:00 - Arjowinangun - Pacitan,1.2886286
2025-12-17 06:00:00 - Arjowinangun - Pacitan,1.3075591
2025-12-17 12:00:00 - Arjowinangun - Pacitan,1.2778784
2025-12-17 18:00:00 - Arjowinangun - Pacitan,1.2609274
2025-12-18 06:00:00 - Arjowinangun - Pacitan,1.1198062
2025-12-18 12:00:00 - Arjowinangun - Pacitan,1.2884387
2025-12-18 18:00:00 - Arjowinangun - Pacitan,1.3258682
2025-12-19 06:00:00 - Arjowinangun - Pacitan,1.2104939
2025-12-19 12:00:00 - Arjowinangun - Pacitan,1.3848038
2025-12-19 18:00:00 - Arjowinangun - Pacitan,1.2628176
2025-12-20 06:00:00 - Arjowinangun - Pacitan,1.1673394
2025-12-20 12:00:00 - Arjowinangun - Pacitan,1.2347621
2025-12-20 18:00:00 - Arjowinangun - Pacitan,1.1294535
2025-12-21 06:00:00 - Arjowinangun - Pacitan,1.1390053
2025-12-21 12:00:00 - Arjowinangun - Pacitan,1.247163
2025-12-21 18:00:00 - Arjowinangun - Pacitan,1.256683
2025-12-22 06:00:00 - Arjowinangun - Pacitan,1.3252336
2025-12-22 12:00:00 - Arjowinangun - Pacitan,1.4196651
2025-12-22 18:00:00 - Arjowinangun - Pacitan,1.3953372
2025-12-23 06:00:00 - Arjowinangun - Pacitan,1.207064
2025-12-23 12:00:00 - Arjowinangun - Pacitan,1.4888157
2025-12-23 18:00:00 - Arjowinangun - Pacitan,1.3975044
2025-12-24 06:00:00 - Arjowinangun - Pacitan,1.1971043
2025-12-24 12:00:00 - Arjowinangun - Pacitan,1.4358705
2025-12-24 18:00:00 - Arjowinangun - Pacitan,1.3290191
2025-12-25 06:00:00 - Arjowinangun - Pacitan,1.1783166
2025-12-25 12:00:00 - Arjowinangun - Pacitan,1.5029507
2025-12-25 18:00:00 - Arjowinangun - Pacitan,1.31887
2025-12-26 06:00:00 - Arjowinangun - Pacitan,1.6383146
2025-12-26 12:00:00 - Arjowinangun - Pacitan,1.491663
2025-12-26 18:00:00 - Arjowinangun - Pacitan,1.6047188
2025-12-27 06:00:00 - Arjowinangun - Pacitan,1.3833666
2025-12-27 12:00:00 - Arjowinangun - Pacitan,1.5553229
2025-12-27 18:00:00 - Arjowinangun - Pacitan,1.3280615
2025-12-28 06:00:00 - Arjowinangun - Pacitan,1.168286
2025-12-28 12:00:00 - Arjowinangun - Pacitan,1.4764042
2025-12-28 18:00:00 - Arjowinangun - Pacitan,1.5557573
2025-12-29 06:00:00 - Arjowinangun - Pacitan,1.3656725
2025-12-29 12:00:00 - Arjowinangun - Pacitan,1.5862287
2025-12-29 18:00:00 - Arjowinangun - Pacitan,1.3152838
2025-12-30 06:00:00 - Arjowinangun - Pacitan,1.3086373
2025-12-30 12:00:00 - Arjowinangun - Pacitan,1.4281646
2025-12-30 18:00:00 - Arjowinangun - Pacitan,1.3864474
2025-12-31 06:00:00 - Arjowinangun - Pacitan,1.2425663
2025-12-31 12:00:00 - Arjowinangun - Pacitan,1.505355
2025-12-31 18:00:00 - Arjowinangun - Pacitan,1.5041505
2026-01-01 06:00:00 - Arjowinangun - Pacitan,1.3376667
2026-01-01 12:00:00 - Arjowinangun - Pacitan,1.2640208
2026-01-01 18:00:00 - Arjowinangun - Pacitan,1.4592345
2026-01-02 06:00:00 - Arjowinangun - Pacitan,1.8775226
2026-01-02 12:00:00 - Arjowinangun - Pacitan,1.7088368
2026-01-02 18:00:00 - Arjowinangun - Pacitan,1.4570575
2026-01-03 06:00:00 - Arjowinangun - Pacitan,1.5389369
2026-01-03 12:00:00 - Arjowinangun - Pacitan,1.6345859
2026-01-03 18:00:00 - Arjowinangun - Pacitan,1.6122404
2026-01-04 06:00:00 - Arjowinangun - Pacitan,1.7769327
2026-01-04 12:00:00 - Arjowinangun - Pacitan,1.8024021
2026-01-04 18:00:00 - Arjowinangun - Pacitan,1.6195425
2026-01-05 06:00:00 - Arjowinangun - Pacitan,1.3978567
2026-01-05 12:00:00 - Arjowinangun - Pacitan,1.5349264
2026-01-05 18:00:00 - Arjowinangun - Pacitan,1.3787367
2026-01-06 06:00:00 - Arjowinangun - Pacitan,1.1279932
2026-01-06 12:00:00 - Arjowinangun - Pacitan,1.5280397
2026-01-06 18:00:00 - Arjowinangun - Pacitan,1.3122163
2026-01-07 06:00:00 - Arjowinangun - Pacitan,1.3999907
2026-01-07 12:00:00 - Arjowinangun - Pacitan,1.5388118
2026-01-07 18:00:00 - Arjowinangun - Pacitan,1.4047818
2026-01-08 06:00:00 - Arjowinangun - Pacitan,1.4779048
2026-01-08 12:00:00 - Arjowinangun - Pacitan,1.5729121
2026-01-08 18:00:00 - Arjowinangun - Pacitan,1.3329015
2026-01-09 06:00:00 - Arjowinangun - Pacitan,1.4800615
2026-01-09 12:00:00 - Arjowinangun - Pacitan,1.743207
2026-01-09 18:00:00 - Arjowinangun - Pacitan,1.534512
2026-01-10 06:00:00 - Arjowinangun - Pacitan,1.791616
2026-01-10 12:00:00 - Arjowinangun - Pacitan,2.4739525
2026-01-10 18:00:00 - Arjowinangun - Pacitan,1.8583443
2026-01-11 06:00:00 - Arjowinangun - Pacitan,1.7954375
2026-01-11 12:00:00 - Arjowinangun - Pacitan,1.7505006
2026-01-11 18:00:00 - Arjowinangun - Pacitan,1.6838037
2026-01-12 06:00:00 - Arjowinangun - Pacitan,2.0590487
2026-01-12 12:00:00 - Arjowinangun - Pacitan,2.2762237
2026-01-12 18:00:00 - Arjowinangun - Pacitan,2.1904457
2026-01-13 06:00:00 - Arjowinangun - Pacitan,1.8935665
2026-01-13 12:00:00 - Arjowinangun - Pacitan,2.0757844
2026-01-13 18:00:00 - Arjowinangun - Pacitan,2.2427962
2026-01-14 06:00:00 - Arjowinangun - Pacitan,2.6871746
2026-01-14 12:00:00 - Arjowinangun - Pacitan,2.550153
2026-01-14 18:00:00 - Arjowinangun - Pacitan,3.3120205
2026-01-15 06:00:00 - Arjowinangun - Pacitan,2.5829685
2026-01-15 12:00:00 - Arjowinangun - Pacitan,2.2916374
2026-01-15 18:00:00 - Arjowinangun - Pacitan,2.8602755
2026-01-16 06:00:00 - Arjowinangun - Pacitan,2.208321
2026-01-16 12:00:00 - Arjowinangun - Pacitan,2.0557752
2026-01-16 18:00:00 - Arjowinangun - Pacitan,2.3076918
2026-01-17 06:00:00 - Arjowinangun - Pacitan,2.350036
2026-01-17 12:00:00 - Arjowinangun - Pacitan,2.015859
2026-01-17 18:00:00 - Arjowinangun - Pacitan,1.8280585
2026-01-18 06:00:00 - Arjowinangun - Pacitan,2.0961275
2026-01-18 12:00:00 - Arjowinangun - Pacitan,1.9842093
2026-01-18 18:00:00 - Arjowinangun - Pacitan,1.6896571
2026-01-19 06:00:00 - Arjowinangun - Pacitan,1.6145517
2026-01-19 12:00:00 - Arjowinangun - Pacitan,1.7900198
2026-01-19 18:00:00 - Arjowinangun - Pacitan,1.9174877
2026-01-20 06:00:00 - Arjowinangun - Pacitan,1.8306067
2026-01-20 12:00:00 - Arjowinangun - Pacitan,1.9738733
2026-01-20 18:00:00 - Arjowinangun - Pacitan,1.7302727
2026-01-21 06:00:00 - Arjowinangun - Pacitan,1.7647408
2026-01-21 12:00:00 - Arjowinangun - Pacitan,1.858474
2026-01-21 18:00:00 - Arjowinangun - Pacitan,1.9220334
2026-01-22 06:00:00 - Arjowinangun - Pacitan,2.4594598
2026-01-22 12:00:00 - Arjowinangun - Pacitan,2.2454557
2026-01-22 18:00:00 - Arjowinangun - Pacitan,1.995242
2026-01-23 06:00:00 - Arjowinangun - Pacitan,1.988744
2026-01-23 12:00:00 - Arjowinangun - Pacitan,2.3326797
2026-01-23 18:00:00 - Arjowinangun - Pacitan,2.3293822
2026-01-24 06:00:00 - Arjowinangun - Pacitan,2.0142448
2026-01-24 12:00:00 - Arjowinangun - Pacitan,1.82394
2026-01-24 18:00:00 - Arjowinangun - Pacitan,1.6693506
2026-01-25 06:00:00 - Arjowinangun - Pacitan,1.69396
2026-01-25 12:00:00 - Arjowinangun - Pacitan,1.9690502
2026-01-25 18:00:00 - Arjowinangun - Pacitan,1.8889402
2026-01-26 06:00:00 - Arjowinangun - Pacitan,1.5049973
2026-01-26 12:00:00 - Arjowinangun - Pacitan,1.8340276
2026-01-26 18:00:00 - Arjowinangun - Pacitan,1.7135969
2026-01-27 06:00:00 - Arjowinangun - Pacitan,1.6641872
2026-01-27 12:00:00 - Arjowinangun - Pacitan,2.0305593
2026-01-27 18:00:00 - Arjowinangun - Pacitan,2.742618
2026-01-28 06:00:00 - Arjowinangun - Pacitan,1.7205129
2026-01-28 12:00:00 - Arjowinangun - Pacitan,1.8086987
2026-01-28 18:00:00 - Arjowinangun - Pacitan,2.4033816
2026-01-29 06:00:00 - Arjowinangun - Pacitan,1.7758951
2026-01-29 12:00:00 - Arjowinangun - Pacitan,2.0050447
2026-01-29 18:00:00 - Arjowinangun - Pacitan,1.5536149
2026-01-30 06:00:00 - Arjowinangun - Pacitan,1.906988
2026-01-30 12:00:00 - Arjowinangun - Pacitan,1.8244935
2026-01-30 18:00:00 - Arjowinangun - Pacitan,1.8874652
2026-01-31 06:00:00 - Arjowinangun - Pacitan,2.07106
2026-01-31 12:00:00 - Arjowinangun - Pacitan,2.1139843
2026-01-31 18:00:00 - Arjowinangun - Pacitan,1.7945688
2026-02-01 06:00:00 - Arjowinangun - Pacitan,1.7894192
2026-02-01 12:00:00 - Arjowinangun - Pacitan,2.2126586
2026-02-01 18:00:00 - Arjowinangun - Pacitan,2.0908124
2026-02-02 06:00:00 - Arjowinangun - Pacitan,2.1109934
2026-02-02 12:00:00 - Arjowinangun - Pacitan,2.0192893
2026-02-02 18:00:00 - Arjowinangun - Pacitan,1.6505435
2026-02-03 06:00:00 - Arjowinangun - Pacitan,1.5338418
2026-02-03 12:00:00 - Arjowinangun - Pacitan,1.7449028
2026-02-03 18:00:00 - Arjowinangun - Pacitan,1.6056974
2026-02-04 06:00:00 - Arjowinangun - Pacitan,1.6825626
2026-02-04 12:00:00 - Arjowinangun - Pacitan,1.8431102
2026-02-04 18:00:00 - Arjowinangun - Pacitan,1.4132149
2026-02-05 06:00:00 - Arjowinangun - Pacitan,1.352551
2026-02-05 12:00:00 - Arjowinangun - Pacitan,1.4937111
2026-02-05 18:00:00 - Arjowinangun - Pacitan,1.4168772
2026-02-06 06:00:00 - Arjowinangun - Pacitan,1.4039929
2026-02-06 12:00:00 - Arjowinangun - Pacitan,1.5064565
2026-02-06 18:00:00 - Arjowinangun - Pacitan,1.4487886
2026-02-07 06:00:00 - Arjowinangun - Pacitan,1.5570887
2026-02-07 12:00:00 - Arjowinangun - Pacitan,1.6850739
2026-02-07 18:00:00 - Arjowinangun - Pacitan,1.5423859
2026-02-08 06:00:00 - Arjowinangun - Pacitan,1.472383
2026-02-08 12:00:00 - Arjowinangun - Pacitan,1.6438857
2026-02-08 18:00:00 - Arjowinangun - Pacitan,1.6245892
2026-02-09 06:00:00 - Arjowinangun - Pacitan,1.5258292
2026-02-09 12:00:00 - Arjowinangun - Pacitan,1.4636009
2026-02-09 18:00:00 - Arjowinangun - Pacitan,1.5144495
2026-02-10 06:00:00 - Arjowinangun - Pacitan,1.8742943
2026-02-10 12:00:00 - Arjowinangun - Pacitan,1.9891697
2026-02-10 18:00:00 - Arjowinangun - Pacitan,1.8449627
2026-02-11 06:00:00 - Arjowinangun - Pacitan,1.9883223
2026-02-11 12:00:00 - Arjowinangun - Pacitan,1.9436699
2026-02-11 18:00:00 - Arjowinangun - Pacitan,2.0324433
2026-02-12 06:00:00 - Arjowinangun - Pacitan,1.9207326
2026-02-12 12:00:00 - Arjowinangun - Pacitan,1.928031
2026-02-12 18:00:00 - Arjowinangun - Pacitan,2.423002
2026-02-13 06:00:00 - Arjowinangun - Pacitan,2.6748595
2026-02-13 12:00:00 - Arjowinangun - Pacitan,2.1061342
2026-02-13 18:00:00 - Arjowinangun - Pacitan,1.8942008
2026-02-14 06:00:00 - Arjowinangun - Pacitan,1.7681924
2026-02-14 12:00:00 - Arjowinangun - Pacitan,1.817837
2026-02-14 18:00:00 - Arjowinangun - Pacitan,2.0751424
2026-02-15 06:00:00 - Arjowinangun - Pacitan,2.3294184
2026-02-15 12:00:00 - Arjowinangun - Pacitan,2.0835233
2026-02-15 18:00:00 - Arjowinangun - Pacitan,1.8256172
2026-02-16 06:00:00 - Arjowinangun - Pacitan,2.0452507
2026-02-16 12:00:00 - Arjowinangun - Pacitan,1.8987304
2026-02-16 18:00:00 - Arjowinangun - Pacitan,1.8509551
2026-02-17 06:00:00 - Arjowinangun - Pacitan,1.7808142
2026-02-17 12:00:00 - Arjowinangun - Pacitan,1.7009767
2026-02-17 18:00:00 - Arjowinangun - Pacitan,1.7910022
2026-02-18 06:00:00 - Arjowinangun - Pacitan,2.2758164
2026-02-18 12:00:00 - Arjowinangun - Pacitan,1.7490554
2026-02-18 18:00:00 - Arjowinangun - Pacitan,1.5847573
2026-02-19 06:00:00 - Arjowinangun - Pacitan,1.8093171
2026-02-19 12:00:00 - Arjowinangun - Pacitan,1.7553506
2026-02-19 18:00:00 - Arjowinangun - Pacitan,1.5382869
2026-02-20 06:00:00 - Arjowinangun - Pacitan,1.4327573
2026-02-20 12:00:00 - Arjowinangun - Pacitan,1.7908834
2026-02-20 18:00:00 - Arjowinangun - Pacitan,1.512623
2026-02-21 06:00:00 - Arjowinangun - Pacitan,1.6809832
2026-02-21 12:00:00 - Arjowinangun - Pacitan,1.801895
2026-02-21 18:00:00 - Arjowinangun - Pacitan,1.6933355
2026-02-22 06:00:00 - Arjowinangun - Pacitan,1.397878
2026-02-22 12:00:00 - Arjowinangun - Pacitan,1.6408417
2026-02-22 18:00:00 - Arjowinangun - Pacitan,1.8847861
2026-02-23 06:00:00 - Arjowinangun - Pacitan,1.77307
2026-02-23 12:00:00 - Arjowinangun - Pacitan,1.8352398
2026-02-23 18:00:00 - Arjowinangun - Pacitan,2.1304421
2026-02-24 06:00:00 - Arjowinangun - Pacitan,2.3429163
2026-02-24 12:00:00 - Arjowinangun - Pacitan,2.6050386
2026-02-24 18:00:00 - Arjowinangun - Pacitan,2.344943
2026-02-25 06:00:00 - Arjowinangun - Pacitan,2.3858557
2026-02-25 12:00:00 - Arjowinangun - Pacitan,2.656251
2026-02-25 18:00:00 - Arjowinangun - Pacitan,2.371995
2026-02-26 06:00:00 - Arjowinangun - Pacitan,2.253505
2026-02-26 12:00:00 - Arjowinangun - Pacitan,2.4233565
2026-02-26 18:00:00 - Arjowinangun - Pacitan,2.416122
2026-02-27 06:00:00 - Arjowinangun - Pacitan,2.199431
2026-02-27 12:00:00 - Arjowinangun - Pacitan,2.2838097
2026-02-27 18:00:00 - Arjowinangun - Pacitan,2.2464514
2026-02-28 06:00:00 - Arjowinangun - Pacitan,2.1241179
2026-02-28 12:00:00 - Arjowinangun - Pacitan,2.2178888
2026-02-28 18:00:00 - Arjowinangun - Pacitan,1.7878016
2026-03-01 06:00:00 - Arjowinangun - Pacitan,2.5011332
2026-03-01 12:00:00 - Arjowinangun - Pacitan,1.9097575
2026-03-01 18:00:00 - Arjowinangun - Pacitan,1.8155432
2026-03-02 06:00:00 - Arjowinangun - Pacitan,1.5484495
2026-03-02 12:00:00 - Arjowinangun - Pacitan,1.5028833
2026-03-02 18:00:00 - Arjowinangun - Pacitan,1.3870704
2026-03-03 06:00:00 - Arjowinangun - Pacitan,1.7106104
2026-03-03 12:00:00 - Arjowinangun - Pacitan,1.6346643
2026-03-03 18:00:00 - Arjowinangun - Pacitan,1.4498419
2026-03-04 06:00:00 - Arjowinangun - Pacitan,1.7091876
2026-03-04 12:00:00 - Arjowinangun - Pacitan,1.8464159
2026-03-04 18:00:00 - Arjowinangun - Pacitan,1.812796
2026-03-05 06:00:00 - Arjowinangun - Pacitan,1.9151504
2026-03-05 12:00:00 - Arjowinangun - Pacitan,2.0934238
2026-03-05 18:00:00 - Arjowinangun - Pacitan,1.827938
2026-03-06 06:00:00 - Arjowinangun - Pacitan,1.8322412
2026-03-06 12:00:00 - Arjowinangun - Pacitan,1.9686416
2026-03-06 18:00:00 - Arjowinangun - Pacitan,1.6030003
2026-03-07 06:00:00 - Arjowinangun - Pacitan,1.6473303
2026-03-07 12:00:00 - Arjowinangun - Pacitan,1.7583262
2026-03-07 18:00:00 - Arjowinangun - Pacitan,1.4218185
2026-03-08 06:00:00 - Arjowinangun - Pacitan,1.3628854
2026-03-08 12:00:00 - Arjowinangun - Pacitan,1.621414
2026-03-08 18:00:00 - Arjowinangun - Pacitan,1.4196928
2026-03-09 06:00:00 - Arjowinangun - Pacitan,1.6949488
2026-03-09 12:00:00 - Arjowinangun - Pacitan,1.8276995
2026-03-09 18:00:00 - Arjowinangun - Pacitan,1.5047401
2026-03-10 06:00:00 - Arjowinangun - Pacitan,1.55005
2026-03-10 12:00:00 - Arjowinangun - Pacitan,1.7928017
2026-03-10 18:00:00 - Arjowinangun - Pacitan,1.6409963
2026-03-11 06:00:00 - Arjowinangun - Pacitan,1.6625706
2026-03-11 12:00:00 - Arjowinangun - Pacitan,1.868303
2026-03-11 18:00:00 - Arjowinangun - Pacitan,1.5692371
2026-03-12 06:00:00 - Arjowinangun - Pacitan,1.4729952
2026-03-12 12:00:00 - Arjowinangun - Pacitan,1.529197
2026-03-12 18:00:00 - Arjowinangun - Pacitan,1.2459283
2026-03-13 06:00:00 - Arjowinangun - Pacitan,1.3032262
2026-03-13 12:00:00 - Arjowinangun - Pacitan,1.4070059
2026-03-13 18:00:00 - Arjowinangun - Pacitan,1.3224791
2026-03-14 06:00:00 - Arjowinangun - Pacitan,1.2704419
2026-03-14 12:00:00 - Arjowinangun - Pacitan,1.5552219
2026-03-14 18:00:00 - Arjowinangun - Pacitan,1.3227077
2026-03-15 06:00:00 - Arjowinangun - Pacitan,1.3736161
2026-03-15 12:00:00 - Arjowinangun - Pacitan,1.5897176
2026-03-15 18:00:00 - Arjowinangun - Pacitan,1.4969581
2026-03-16 06:00:00 - Arjowinangun - Pacitan,1.5803853
2026-03-16 12:00:00 - Arjowinangun - Pacitan,1.8195642
2026-03-16 18:00:00 - Arjowinangun - Pacitan,1.8582898
2026-03-17 06:00:00 - Arjowinangun - Pacitan,1.8618816
2026-03-17 12:00:00 - Arjowinangun - Pacitan,2.0675457
2026-03-17 18:00:00 - Arjowinangun - Pacitan,1.7489978
2026-03-18 06:00:00 - Arjowinangun - Pacitan,1.8124068
2026-03-18 12:00:00 - Arjowinangun - Pacitan,1.9898409
2026-03-18 18:00:00 - Arjowinangun - Pacitan,1.7557756
2026-03-19 06:00:00 - Arjowinangun - Pacitan,1.5880748
2026-03-19 12:00:00 - Arjowinangun - Pacitan,1.8657217
2026-03-19 18:00:00 - Arjowinangun - Pacitan,1.3876743
2026-03-20 06:00:00 - Arjowinangun - Pacitan,1.4478551
2026-03-20 12:00:00 - Arjowinangun - Pacitan,1.8048952
2026-03-20 18:00:00 - Arjowinangun - Pacitan,1.5671896
2026-03-21 06:00:00 - Arjowinangun - Pacitan,1.6700732
2026-03-21 12:00:00 - Arjowinangun - Pacitan,1.6999594
2026-03-21 18:00:00 - Arjowinangun - Pacitan,1.4034865
2026-03-22 06:00:00 - Arjowinangun - Pacitan,1.37917
2026-03-22 12:00:00 - Arjowinangun - Pacitan,1.5805671
2026-03-22 18:00:00 - Arjowinangun - Pacitan,1.3116959
2026-03-23 06:00:00 - Arjowinangun - Pacitan,1.1123991
2026-03-23 12:00:00 - Arjowinangun - Pacitan,1.2738951
2026-03-23 18:00:00 - Arjowinangun - Pacitan,1.0944778
2026-03-24 06:00:00 - Arjowinangun - Pacitan,1.0276092
2026-03-24 12:00:00 - Arjowinangun - Pacitan,1.2384222
2026-03-24 18:00:00 - Arjowinangun - Pacitan,1.2038664
2026-03-25 06:00:00 - Arjowinangun - Pacitan,1.1416588
2026-03-25 12:00:00 - Arjowinangun - Pacitan,1.2711167
2026-03-25 18:00:00 - Arjowinangun - Pacitan,1.0582268
2026-03-26 06:00:00 - Arjowinangun - Pacitan,1.1171154
2026-03-26 12:00:00 - Arjowinangun - Pacitan,1.2361805
2026-03-26 18:00:00 - Arjowinangun - Pacitan,1.2188553
2026-03-27 06:00:00 - Arjowinangun - Pacitan,1.3585604
2026-03-27 12:00:00 - Arjowinangun - Pacitan,1.3001981
2026-03-27 18:00:00 - Arjowinangun - Pacitan,1.1605581
2026-03-28 06:00:00 - Arjowinangun - Pacitan,1.3051764
2026-03-28 12:00:00 - Arjowinangun - Pacitan,1.5104846
2026-03-28 18:00:00 - Arjowinangun - Pacitan,1.3277205
2026-03-29 06:00:00 - Arjowinangun - Pacitan,1.1184137
2026-03-29 12:00:00 - Arjowinangun - Pacitan,1.4073399
2026-03-29 18:00:00 - Arjowinangun - Pacitan,1.3146735
2026-03-30 06:00:00 - Arjowinangun - Pacitan,1.059559
2026-03-30 12:00:00 - Arjowinangun - Pacitan,1.4606746
2026-03-30 18:00:00 - Arjowinangun - Pacitan,1.221044
2026-03-31 06:00:00 - Arjowinangun - Pacitan,1.2113837
2026-03-31 12:00:00 - Arjowinangun - Pacitan,1.4549426
2026-03-31 18:00:00 - Arjowinangun - Pacitan,1.1436727
2026-04-01 06:00:00 - Arjowinangun - Pacitan,1.112086
2026-04-01 12:00:00 - Arjowinangun - Pacitan,1.2807378
2026-04-01 18:00:00 - Arjowinangun - Pacitan,1.1032401
2026-04-02 06:00:00 - Arjowinangun - Pacitan,1.1228209
2026-04-02 12:00:00 - Arjowinangun - Pacitan,1.4316179
2026-04-02 18:00:00 - Arjowinangun - Pacitan,1.3566498
2026-04-03 06:00:00 - Arjowinangun - Pacitan,1.2842959
2026-04-03 12:00:00 - Arjowinangun - Pacitan,1.5925245
2026-04-03 18:00:00 - Arjowinangun - Pacitan,1.8551708
2026-04-04 06:00:00 - Arjowinangun - Pacitan,1.2793062
2026-04-04 12:00:00 - Arjowinangun - Pacitan,1.7460599
2026-04-04 18:00:00 - Arjowinangun - Pacitan,1.3754084
2026-04-05 06:00:00 - Arjowinangun - Pacitan,1.3213896
2026-04-05 12:00:00 - Arjowinangun - Pacitan,1.6081716
2026-04-05 18:00:00 - Arjowinangun - Pacitan,1.1353569
2026-04-06 06:00:00 - Arjowinangun - Pacitan,1.3163071
2026-04-06 12:00:00 - Arjowinangun - Pacitan,1.5136924
2026-04-06 18:00:00 - Arjowinangun - Pacitan,1.3943634
2026-04-07 06:00:00 - Arjowinangun - Pacitan,1.446205
2026-04-07 12:00:00 - Arjowinangun - Pacitan,1.4478593
2026-04-07 18:00:00 - Arjowinangun - Pacitan,1.1279843
2026-04-08 06:00:00 - Arjowinangun - Pacitan,1.2982274
2026-04-08 12:00:00 - Arjowinangun - Pacitan,1.3909274
2026-04-08 18:00:00 - Arjowinangun - Pacitan,1.2510462
2026-04-09 06:00:00 - Arjowinangun - Pacitan,1.1358267
2026-04-09 12:00:00 - Arjowinangun - Pacitan,1.4853896
2026-04-09 18:00:00 - Arjowinangun - Pacitan,1.1743475
2026-04-10 06:00:00 - Arjowinangun - Pacitan,1.3540832
2026-04-10 12:00:00 - Arjowinangun - Pacitan,1.4813244
2026-04-10 18:00:00 - Arjowinangun - Pacitan,1.1631987
2026-04-11 06:00:00 - Arjowinangun - Pacitan,1.3548207
2026-04-11 12:00:00 - Arjowinangun - Pacitan,1.3260103
2026-04-11 18:00:00 - Arjowinangun - Pacitan,1.3290116
2026-04-12 06:00:00 - Arjowinangun - Pacitan,1.4025356
2026-04-12 12:00:00 - Arjowinangun - Pacitan,1.5552728
2026-04-12 18:00:00 - Arjowinangun - Pacitan,1.2438724
2026-04-13 06:00:00 - Arjowinangun - Pacitan,1.4142476
2026-04-13 12:00:00 - Arjowinangun - Pacitan,1.3623365
2026-04-13 18:00:00 - Arjowinangun - Pacitan,1.276897
2026-04-14 06:00:00 - Arjowinangun - Pacitan,1.279652
2026-04-14 12:00:00 - Arjowinangun - Pacitan,1.3920679
2026-04-14 18:00:00 - Arjowinangun - Pacitan,1.1016145
2026-04-15 06:00:00 - Arjowinangun - Pacitan,1.2215115
2026-04-15 12:00:00 - Arjowinangun - Pacitan,1.4456958
2026-04-15 18:00:00 - Arjowinangun - Pacitan,1.1172986
2026-04-16 06:00:00 - Arjowinangun - Pacitan,1.0456479
2026-04-16 12:00:00 - Arjowinangun - Pacitan,1.1813064
2026-04-16 18:00:00 - Arjowinangun - Pacitan,0.91921556
2026-04-17 06:00:00 - Arjowinangun - Pacitan,0.96684766
2026-04-17 12:00:00 - Arjowinangun - Pacitan,1.1896125
2026-04-17 18:00:00 - Arjowinangun - Pacitan,0.81333774
2026-04-18 06:00:00 - Arjowinangun - Pacitan,0.8795427
2026-04-18 12:00:00 - Arjowinangun - Pacitan,1.1096891
2026-04-18 18:00:00 - Arjowinangun - Pacitan,0.8664777
2026-04-19 06:00:00 - Arjowinangun - Pacitan,0.9168664
2026-04-19 12:00:00 - Arjowinangun - Pacitan,1.1181916
2026-04-19 18:00:00 - Arjowinangun - Pacitan,0.8546609
2026-04-20 06:00:00 - Arjowinangun - Pacitan,0.9975424
2026-04-20 12:00:00 - Arjowinangun - Pacitan,1.0761129
2026-04-20 18:00:00 - Arjowinangun - Pacitan,0.92599267
2026-04-21 06:00:00 - Arjowinangun - Pacitan,1.015017
2026-04-21 12:00:00 - Arjowinangun - Pacitan,1.235732
2026-04-21 18:00:00 - Arjowinangun - Pacitan,1.0093642
2026-04-22 06:00:00 - Arjowinangun - Pacitan,0.89046437
2026-04-22 12:00:00 - Arjowinangun - Pacitan,1.1457282
2026-04-22 18:00:00 - Arjowinangun - Pacitan,1.170472
2026-04-23 06:00:00 - Arjowinangun - Pacitan,1.1195679
2026-04-23 12:00:00 - Arjowinangun - Pacitan,1.1996554
2026-04-23 18:00:00 - Arjowinangun - Pacitan,1.081607
2026-04-24 06:00:00 - Arjowinangun - Pacitan,0.8565099
2026-04-24 12:00:00 - Arjowinangun - Pacitan,1.1301017
2026-04-24 18:00:00 - Arjowinangun - Pacitan,1.1077205
2026-04-25 06:00:00 - Arjowinangun - Pacitan,1.0150723
2026-04-25 12:00:00 - Arjowinangun - Pacitan,1.248724
2026-04-25 18:00:00 - Arjowinangun - Pacitan,1.0700612
2026-04-26 06:00:00 - Arjowinangun - Pacitan,0.98754424
2026-04-26 12:00:00 - Arjowinangun - Pacitan,1.3054824
2026-04-26 18:00:00 - Arjowinangun - Pacitan,1.0568948
2026-04-27 06:00:00 - Arjowinangun - Pacitan,0.92907745
2026-04-27 12:00:00 - Arjowinangun - Pacitan,1.1283389
2026-04-27 18:00:00 - Arjowinangun - Pacitan,0.9524896
2026-04-28 06:00:00 - Arjowinangun - Pacitan,0.92017597
2026-04-28 12:00:00 - Arjowinangun - Pacitan,1.2892
2026-04-28 18:00:00 - Arjowinangun - Pacitan,1.0506246
2026-04-29 06:00:00 - Arjowinangun - Pacitan,1.0822873
2026-04-29 12:00:00 - Arjowinangun - Pacitan,1.2155899
2026-04-29 18:00:00 - Arjowinangun - Pacitan,1.0901576
2026-04-30 06:00:00 - Arjowinangun - Pacitan,1.126801
2026-04-30 12:00:00 - Arjowinangun - Pacitan,1.1663861
2026-04-30 18:00:00 - Arjowinangun - Pacitan,1.141334
2026-05-01 06:00:00 - Arjowinangun - Pacitan,1.2690763
2026-05-01 12:00:00 - Arjowinangun - Pacitan,1.28644
2026-05-01 18:00:00 - Arjowinangun - Pacitan,0.9918082
2026-05-02 06:00:00 - Arjowinangun - Pacitan,1.1263669
2026-05-02 12:00:00 - Arjowinangun - Pacitan,1.1500388
2026-05-02 18:00:00 - Arjowinangun - Pacitan,0.87387836
2026-05-03 06:00:00 - Arjowinangun - Pacitan,0.8219753
2026-05-03 12:00:00 - Arjowinangun - Pacitan,1.0672019
2026-05-03 18:00:00 - Arjowinangun - Pacitan,0.8285038
2026-05-04 06:00:00 - Arjowinangun - Pacitan,0.87762207
2026-05-04 12:00:00 - Arjowinangun - Pacitan,0.9993508
2026-05-04 18:00:00 - Arjowinangun - Pacitan,0.8212686
2026-05-05 06:00:00 - Arjowinangun - Pacitan,0.83558416
2026-05-05 12:00:00 - Arjowinangun - Pacitan,1.0160758
2026-05-05 18:00:00 - Arjowinangun - Pacitan,0.85016423
2026-05-06 06:00:00 - Arjowinangun - Pacitan,0.8854779
2026-05-06 12:00:00 - Arjowinangun - Pacitan,1.0421499
2026-05-06 18:00:00 - Arjowinangun - Pacitan,0.7318176
2026-05-07 06:00:00 - Arjowinangun - Pacitan,0.8518961
2026-05-07 12:00:00 - Arjowinangun - Pacitan,1.1276128
2026-05-07 18:00:00 - Arjowinangun - Pacitan,0.8169189
2026-05-08 06:00:00 - Arjowinangun - Pacitan,0.8715355
2026-05-08 12:00:00 - Arjowinangun - Pacitan,1.0199844
2026-05-08 18:00:00 - Arjowinangun - Pacitan,0.7937356
2026-05-09 06:00:00 - Arjowinangun - Pacitan,0.8718124
2026-05-09 12:00:00 - Arjowinangun - Pacitan,1.0045995
2026-05-09 18:00:00 - Arjowinangun - Pacitan,0.8110374
2026-05-10 06:00:00 - Arjowinangun - Pacitan,0.7884269
2026-05-10 12:00:00 - Arjowinangun - Pacitan,1.0398253
2026-05-10 18:00:00 - Arjowinangun - Pacitan,0.7806051
2026-05-11 06:00:00 - Arjowinangun - Pacitan,0.87653565
2026-05-11 12:00:00 - Arjowinangun - Pacitan,1.1286174
2026-05-11 18:00:00 - Arjowinangun - Pacitan,0.84801227
2026-05-12 06:00:00 - Arjowinangun - Pacitan,0.90367085
2026-05-12 12:00:00 - Arjowinangun - Pacitan,1.0661465
2026-05-12 18:00:00 - Arjowinangun - Pacitan,0.85316545
2026-05-13 06:00:00 - Arjowinangun - Pacitan,0.91375
2026-05-13 12:00:00 - Arjowinangun - Pacitan,1.0740489
2026-05-13 18:00:00 - Arjowinangun - Pacitan,0.86397374
2026-05-14 06:00:00 - Arjowinangun - Pacitan,0.8888464
2026-05-14 12:00:00 - Arjowinangun - Pacitan,1.0392536
2026-05-14 18:00:00 - Arjowinangun - Pacitan,0.9089584
2026-05-15 06:00:00 - Arjowinangun - Pacitan,0.8489049
2026-05-15 12:00:00 - Arjowinangun - Pacitan,1.0797385
2026-05-15 18:00:00 - Arjowinangun - Pacitan,0.87707317
2026-05-16 06:00:00 - Arjowinangun - Pacitan,0.93316334
2026-05-16 12:00:00 - Arjowinangun - Pacitan,1.1426358
2026-05-16 18:00:00 - Arjowinangun - Pacitan,0.95318836
2026-05-17 06:00:00 - Arjowinangun - Pacitan,0.91607815
2026-05-17 12:00:00 - Arjowinangun - Pacitan,1.1512659
2026-05-17 18:00:00 - Arjowinangun - Pacitan,0.87759364
2026-05-18 06:00:00 - Arjowinangun - Pacitan,0.8934987
2026-05-18 12:00:00 - Arjowinangun - Pacitan,1.1493754
2026-05-18 18:00:00 - Arjowinangun - Pacitan,0.8624367
2025-09-19 06:00:00 - Babat,5.866427
2025-09-19 12:00:00 - Babat,5.7198024
2025-09-19 18:00:00 - Babat,5.777031
2025-09-20 06:00:00 - Babat,5.9300995
2025-09-20 12:00:00 - Babat,5.809744
2025-09-20 18:00:00 - Babat,5.936623
2025-09-21 06:00:00 - Babat,6.0184264
2025-09-21 12:00:00 - Babat,5.98342
2025-09-21 18:00:00 - Babat,5.9743786
2025-09-22 06:00:00 - Babat,5.8525224
2025-09-22 12:00:00 - Babat,5.7900844
2025-09-22 18:00:00 - Babat,5.916931
2025-09-23 06:00:00 - Babat,5.878563
2025-09-23 12:00:00 - Babat,5.8857036
2025-09-23 18:00:00 - Babat,5.8352227
2025-09-24 06:00:00 - Babat,5.8655586
2025-09-24 12:00:00 - Babat,5.883427
2025-09-24 18:00:00 - Babat,5.94907
2025-09-25 06:00:00 - Babat,5.9458046
2025-09-25 12:00:00 - Babat,5.9488096
2025-09-25 18:00:00 - Babat,5.9457808
2025-09-26 06:00:00 - Babat,5.9428678
2025-09-26 12:00:00 - Babat,6.0124884
2025-09-26 18:00:00 - Babat,6.0017805
2025-09-27 06:00:00 - Babat,6.0543995
2025-09-27 12:00:00 - Babat,6.0380034
2025-09-27 18:00:00 - Babat,5.9838204
2025-09-28 06:00:00 - Babat,6.012004
2025-09-28 12:00:00 - Babat,5.9390736
2025-09-28 18:00:00 - Babat,6.037932
2025-09-29 06:00:00 - Babat,6.065189
2025-09-29 12:00:00 - Babat,6.040475
2025-09-29 18:00:00 - Babat,6.0653334
2025-09-30 06:00:00 - Babat,6.014693
2025-09-30 12:00:00 - Babat,6.011564
2025-09-30 18:00:00 - Babat,5.9887605
2025-10-01 06:00:00 - Babat,6.0437083
2025-10-01 12:00:00 - Babat,6.1083546
2025-10-01 18:00:00 - Babat,6.099039
2025-10-02 06:00:00 - Babat,6.148171
2025-10-02 12:00:00 - Babat,6.1524982
2025-10-02 18:00:00 - Babat,6.104488
2025-10-03 06:00:00 - Babat,6.1009464
2025-10-03 12:00:00 - Babat,6.0212865
2025-10-03 18:00:00 - Babat,6.108577
2025-10-04 06:00:00 - Babat,5.963184
2025-10-04 12:00:00 - Babat,6.01722
2025-10-04 18:00:00 - Babat,6.026376
2025-10-05 06:00:00 - Babat,5.8947573
2025-10-05 12:00:00 - Babat,5.914311
2025-10-05 18:00:00 - Babat,6.052549
2025-10-06 06:00:00 - Babat,5.899741
2025-10-06 12:00:00 - Babat,5.977382
2025-10-06 18:00:00 - Babat,6.0520716
2025-10-07 06:00:00 - Babat,5.9306087
2025-10-07 12:00:00 - Babat,5.9591265
2025-10-07 18:00:00 - Babat,6.070447
2025-10-08 06:00:00 - Babat,6.0376353
2025-10-08 12:00:00 - Babat,5.9553204
2025-10-08 18:00:00 - Babat,6.2029905
2025-10-09 06:00:00 - Babat,6.087531
2025-10-09 12:00:00 - Babat,5.9851975
2025-10-09 18:00:00 - Babat,6.1239815
2025-10-10 06:00:00 - Babat,5.9626245
2025-10-10 12:00:00 - Babat,5.930778
2025-10-10 18:00:00 - Babat,6.0378394
2025-10-11 06:00:00 - Babat,6.0145764
2025-10-11 12:00:00 - Babat,5.930324
2025-10-11 18:00:00 - Babat,6.027839
2025-10-12 06:00:00 - Babat,5.9425097
2025-10-12 12:00:00 - Babat,5.968074
2025-10-12 18:00:00 - Babat,5.974785
2025-10-13 06:00:00 - Babat,5.9912286
2025-10-13 12:00:00 - Babat,5.943953
2025-10-13 18:00:00 - Babat,5.7916694
2025-10-14 06:00:00 - Babat,5.991857
2025-10-14 12:00:00 - Babat,5.9346485
2025-10-14 18:00:00 - Babat,5.964483
2025-10-15 06:00:00 - Babat,5.729598
2025-10-15 12:00:00 - Babat,5.788536
2025-10-15 18:00:00 - Babat,6.0351806
2025-10-16 06:00:00 - Babat,5.6829977
2025-10-16 12:00:00 - Babat,5.9889407
2025-10-16 18:00:00 - Babat,5.9816637
2025-10-17 06:00:00 - Babat,5.956427
2025-10-17 12:00:00 - Babat,5.9278736
2025-10-17 18:00:00 - Babat,6.0725317
2025-10-18 06:00:00 - Babat,5.841394
2025-10-18 12:00:00 - Babat,5.8980002
2025-10-18 18:00:00 - Babat,5.8346033
2025-10-19 06:00:00 - Babat,5.7479377
2025-10-19 12:00:00 - Babat,5.774784
2025-10-19 18:00:00 - Babat,5.72513
2025-10-20 06:00:00 - Babat,5.7743254
2025-10-20 12:00:00 - Babat,5.7535377
2025-10-20 18:00:00 - Babat,5.6113033
2025-10-21 06:00:00 - Babat,5.8740835
2025-10-21 12:00:00 - Babat,5.816807
2025-10-21 18:00:00 - Babat,5.6719856
2025-10-22 06:00:00 - Babat,5.556847
2025-10-22 12:00:00 - Babat,5.6933436
2025-10-22 18:00:00 - Babat,5.8075776
2025-10-23 06:00:00 - Babat,5.381509
2025-10-23 12:00:00 - Babat,5.7502556
2025-10-23 18:00:00 - Babat,6.343156
2025-10-24 06:00:00 - Babat,5.506435
2025-10-24 12:00:00 - Babat,5.774451
2025-10-24 18:00:00 - Babat,5.3480434
2025-10-25 06:00:00 - Babat,5.6889563
2025-10-25 12:00:00 - Babat,5.5593657
2025-10-25 18:00:00 - Babat,5.5741816
2025-10-26 06:00:00 - Babat,5.6566954
2025-10-26 12:00:00 - Babat,5.908295
2025-10-26 18:00:00 - Babat,5.3982377
2025-10-27 06:00:00 - Babat,5.992763
2025-10-27 12:00:00 - Babat,5.9023743
2025-10-27 18:00:00 - Babat,5.7611375
2025-10-28 06:00:00 - Babat,5.784702
2025-10-28 12:00:00 - Babat,5.671389
2025-10-28 18:00:00 - Babat,5.381416
2025-10-29 06:00:00 - Babat,5.5166154
2025-10-29 12:00:00 - Babat,5.7684927
2025-10-29 18:00:00 - Babat,5.6643143
2025-10-30 06:00:00 - Babat,5.6352596
2025-10-30 12:00:00 - Babat,5.676252
2025-10-30 18:00:00 - Babat,5.6254487
2025-10-31 06:00:00 - Babat,5.2964334
2025-10-31 12:00:00 - Babat,5.5517097
2025-10-31 18:00:00 - Babat,5.6164737
2025-11-01 06:00:00 - Babat,5.6070447
2025-11-01 12:00:00 - Babat,5.8231726
2025-11-01 18:00:00 - Babat,5.679988
2025-11-02 06:00:00 - Babat,5.843433
2025-11-02 12:00:00 - Babat,5.9523096
2025-11-02 18:00:00 - Babat,5.706895
2025-11-03 06:00:00 - Babat,5.434592
2025-11-03 12:00:00 - Babat,5.509964
2025-11-03 18:00:00 - Babat,5.300673
2025-11-04 06:00:00 - Babat,5.7331266
2025-11-04 12:00:00 - Babat,5.7802587
2025-11-04 18:00:00 - Babat,5.7460923
2025-11-05 06:00:00 - Babat,5.2387137
2025-11-05 12:00:00 - Babat,5.61046
2025-11-05 18:00:00 - Babat,5.5041704
2025-11-06 06:00:00 - Babat,5.341052
2025-11-06 12:00:00 - Babat,5.3879223
2025-11-06 18:00:00 - Babat,5.2181067
2025-11-07 06:00:00 - Babat,5.465023
2025-11-07 12:00:00 - Babat,5.2944374
2025-11-07 18:00:00 - Babat,5.357024
2025-11-08 06:00:00 - Babat,5.7253976
2025-11-08 12:00:00 - Babat,5.6518683
2025-11-08 18:00:00 - Babat,5.593433
2025-11-09 06:00:00 - Babat,5.5516334
2025-11-09 12:00:00 - Babat,5.695968
2025-11-09 18:00:00 - Babat,5.540736
2025-11-10 06:00:00 - Babat,5.883547
2025-11-10 12:00:00 - Babat,5.8249125
2025-11-10 18:00:00 - Babat,5.858749
2025-11-11 06:00:00 - Babat,6.0205235
2025-11-11 12:00:00 - Babat,6.306668
2025-11-11 18:00:00 - Babat,6.1724606
2025-11-12 06:00:00 - Babat,6.3221474
2025-11-12 12:00:00 - Babat,6.518148
2025-11-12 18:00:00 - Babat,6.824441
2025-11-13 06:00:00 - Babat,6.7703185
2025-11-13 12:00:00 - Babat,6.695801
2025-11-13 18:00:00 - Babat,6.595754
2025-11-14 06:00:00 - Babat,6.85612
2025-11-14 12:00:00 - Babat,6.6823707
2025-11-14 18:00:00 - Babat,6.5130877
2025-11-15 06:00:00 - Babat,6.3723297
2025-11-15 12:00:00 - Babat,6.4589734
2025-11-15 18:00:00 - Babat,6.55723
2025-11-16 06:00:00 - Babat,6.392735
2025-11-16 12:00:00 - Babat,6.4768987
2025-11-16 18:00:00 - Babat,6.432037
2025-11-17 06:00:00 - Babat,6.755349
2025-11-17 12:00:00 - Babat,6.7634826
2025-11-17 18:00:00 - Babat,6.821427
2025-11-18 06:00:00 - Babat,6.5197845
2025-11-18 12:00:00 - Babat,6.426883
2025-11-18 18:00:00 - Babat,6.6691422
2025-11-19 06:00:00 - Babat,6.691742
2025-11-19 12:00:00 - Babat,7.0258856
2025-11-19 18:00:00 - Babat,7.358294
2025-11-20 06:00:00 - Babat,7.2607884
2025-11-20 12:00:00 - Babat,7.151833
2025-11-20 18:00:00 - Babat,7.217903
2025-11-21 06:00:00 - Babat,7.074433
2025-11-21 12:00:00 - Babat,6.984836
2025-11-21 18:00:00 - Babat,7.069136
2025-11-22 06:00:00 - Babat,7.151029
2025-11-22 12:00:00 - Babat,7.3644276
2025-11-22 18:00:00 - Babat,7.2487936
2025-11-23 06:00:00 - Babat,7.242884
2025-11-23 12:00:00 - Babat,7.0923047
2025-11-23 18:00:00 - Babat,7.221521
2025-11-24 06:00:00 - Babat,7.3516603
2025-11-24 12:00:00 - Babat,7.2070208
2025-11-24 18:00:00 - Babat,6.8870296
2025-11-25 06:00:00 - Babat,7.201299
2025-11-25 12:00:00 - Babat,7.1749253
2025-11-25 18:00:00 - Babat,7.102655
2025-11-26 06:00:00 - Babat,7.192209
2025-11-26 12:00:00 - Babat,6.7994857
2025-11-26 18:00:00 - Babat,6.7518673
2025-11-27 06:00:00 - Babat,6.925605
2025-11-27 12:00:00 - Babat,6.796047
2025-11-27 18:00:00 - Babat,6.739055
2025-11-28 06:00:00 - Babat,8.2470875
2025-11-28 12:00:00 - Babat,7.434516
2025-11-28 18:00:00 - Babat,7.3871174
2025-11-29 06:00:00 - Babat,7.307052
2025-11-29 12:00:00 - Babat,7.156978
2025-11-29 18:00:00 - Babat,7.2913656
2025-11-30 06:00:00 - Babat,7.488643
2025-11-30 12:00:00 - Babat,7.1726465
2025-11-30 18:00:00 - Babat,6.9705396
2025-12-01 06:00:00 - Babat,6.9889545
2025-12-01 12:00:00 - Babat,6.9300404
2025-12-01 18:00:00 - Babat,6.8789062
2025-12-02 06:00:00 - Babat,6.699263
2025-12-02 12:00:00 - Babat,6.764905
2025-12-02 18:00:00 - Babat,7.181933
2025-12-03 06:00:00 - Babat,7.0182047
2025-12-03 12:00:00 - Babat,6.995446
2025-12-03 18:00:00 - Babat,7.186885
2025-12-04 06:00:00 - Babat,6.9784307
2025-12-04 12:00:00 - Babat,7.2027755
2025-12-04 18:00:00 - Babat,7.0775437
2025-12-05 06:00:00 - Babat,6.893103
2025-12-05 12:00:00 - Babat,7.1772985
2025-12-05 18:00:00 - Babat,7.085012
2025-12-06 06:00:00 - Babat,6.8315773
2025-12-06 12:00:00 - Babat,7.054983
2025-12-06 18:00:00 - Babat,7.117385
2025-12-07 06:00:00 - Babat,6.7552013
2025-12-07 12:00:00 - Babat,6.926204
2025-12-07 18:00:00 - Babat,7.0826035
2025-12-08 06:00:00 - Babat,6.871505
2025-12-08 12:00:00 - Babat,7.0328403
2025-12-08 18:00:00 - Babat,6.930616
2025-12-09 06:00:00 - Babat,6.736194
2025-12-09 12:00:00 - Babat,6.675228
2025-12-09 18:00:00 - Babat,6.52975
2025-12-10 06:00:00 - Babat,6.7492967
2025-12-10 12:00:00 - Babat,6.7266307
2025-12-10 18:00:00 - Babat,7.0285006
2025-12-11 06:00:00 - Babat,6.729867
2025-12-11 12:00:00 - Babat,7.05739
2025-12-11 18:00:00 - Babat,6.8218546
2025-12-12 06:00:00 - Babat,6.5597234
2025-12-12 12:00:00 - Babat,6.7492795
2025-12-12 18:00:00 - Babat,6.4882097
2025-12-13 06:00:00 - Babat,6.7989874
2025-12-13 12:00:00 - Babat,6.529517
2025-12-13 18:00:00 - Babat,6.5519476
2025-12-14 06:00:00 - Babat,6.8747153
2025-12-14 12:00:00 - Babat,6.969359
2025-12-14 18:00:00 - Babat,7.033251
2025-12-15 06:00:00 - Babat,7.512362
2025-12-15 12:00:00 - Babat,7.5152555
2025-12-15 18:00:00 - Babat,7.813059
2025-12-16 06:00:00 - Babat,7.3807125
2025-12-16 12:00:00 - Babat,7.0946064
2025-12-16 18:00:00 - Babat,7.0067983
2025-12-17 06:00:00 - Babat,7.5112786
2025-12-17 12:00:00 - Babat,7.1874237
2025-12-17 18:00:00 - Babat,6.930709
2025-12-18 06:00:00 - Babat,7.1061897
2025-12-18 12:00:00 - Babat,6.868682
2025-12-18 18:00:00 - Babat,6.7237873
2025-12-19 06:00:00 - Babat,6.586324
2025-12-19 12:00:00 - Babat,6.501997
2025-12-19 18:00:00 - Babat,6.6605353
2025-12-20 06:00:00 - Babat,6.6296773
2025-12-20 12:00:00 - Babat,6.511202
2025-12-20 18:00:00 - Babat,6.296943
2025-12-21 06:00:00 - Babat,6.177736
2025-12-21 12:00:00 - Babat,6.194996
2025-12-21 18:00:00 - Babat,6.189895
2025-12-22 06:00:00 - Babat,6.395676
2025-12-22 12:00:00 - Babat,6.6836944
2025-12-22 18:00:00 - Babat,6.677533
2025-12-23 06:00:00 - Babat,6.3837085
2025-12-23 12:00:00 - Babat,6.807742
2025-12-23 18:00:00 - Babat,6.5275784
2025-12-24 06:00:00 - Babat,6.3342175
2025-12-24 12:00:00 - Babat,6.2642326
2025-12-24 18:00:00 - Babat,6.4425974
2025-12-25 06:00:00 - Babat,6.296395
2025-12-25 12:00:00 - Babat,6.2766643
2025-12-25 18:00:00 - Babat,6.5311
2025-12-26 06:00:00 - Babat,5.6732144
2025-12-26 12:00:00 - Babat,5.7697067
2025-12-26 18:00:00 - Babat,6.0714884
2025-12-27 06:00:00 - Babat,5.9735713
2025-12-27 12:00:00 - Babat,6.043555
2025-12-27 18:00:00 - Babat,6.479087
2025-12-28 06:00:00 - Babat,5.76445
2025-12-28 12:00:00 - Babat,5.95103
2025-12-28 18:00:00 - Babat,6.100282
2025-12-29 06:00:00 - Babat,6.290933
2025-12-29 12:00:00 - Babat,6.5523434
2025-12-29 18:00:00 - Babat,6.3896465
2025-12-30 06:00:00 - Babat,6.293979
2025-12-30 12:00:00 - Babat,6.271379
2025-12-30 18:00:00 - Babat,6.136787
2025-12-31 06:00:00 - Babat,6.2416024
2025-12-31 12:00:00 - Babat,5.964539
2025-12-31 18:00:00 - Babat,6.303288
2026-01-01 06:00:00 - Babat,6.3549094
2026-01-01 12:00:00 - Babat,6.260643
2026-01-01 18:00:00 - Babat,5.987115
2026-01-02 06:00:00 - Babat,6.1554813
2026-01-02 12:00:00 - Babat,6.4035716
2026-01-02 18:00:00 - Babat,6.517946
2026-01-03 06:00:00 - Babat,6.1756105
2026-01-03 12:00:00 - Babat,6.5140343
2026-01-03 18:00:00 - Babat,6.340144
2026-01-04 06:00:00 - Babat,6.217688
2026-01-04 12:00:00 - Babat,6.6424584
2026-01-04 18:00:00 - Babat,6.410802
2026-01-05 06:00:00 - Babat,6.439397
2026-01-05 12:00:00 - Babat,6.3806095
2026-01-05 18:00:00 - Babat,6.2263265
2026-01-06 06:00:00 - Babat,6.470128
2026-01-06 12:00:00 - Babat,6.3807645
2026-01-06 18:00:00 - Babat,6.3510933
2026-01-07 06:00:00 - Babat,6.420511
2026-01-07 12:00:00 - Babat,6.415069
2026-01-07 18:00:00 - Babat,6.3300257
2026-01-08 06:00:00 - Babat,6.3874288
2026-01-08 12:00:00 - Babat,6.538904
2026-01-08 18:00:00 - Babat,6.1886024
2026-01-09 06:00:00 - Babat,6.518654
2026-01-09 12:00:00 - Babat,6.4312224
2026-01-09 18:00:00 - Babat,6.571574
2026-01-10 06:00:00 - Babat,6.7211294
2026-01-10 12:00:00 - Babat,6.598289
2026-01-10 18:00:00 - Babat,6.432069
2026-01-11 06:00:00 - Babat,6.6581545
2026-01-11 12:00:00 - Babat,6.7483068
2026-01-11 18:00:00 - Babat,6.6588755
2026-01-12 06:00:00 - Babat,6.635214
2026-01-12 12:00:00 - Babat,7.0606427
2026-01-12 18:00:00 - Babat,7.1065407
2026-01-13 06:00:00 - Babat,6.9912004
2026-01-13 12:00:00 - Babat,7.0128613
2026-01-13 18:00:00 - Babat,6.8473215
2026-01-14 06:00:00 - Babat,6.802679
2026-01-14 12:00:00 - Babat,7.043974
2026-01-14 18:00:00 - Babat,6.829882
2026-01-15 06:00:00 - Babat,7.202205
2026-01-15 12:00:00 - Babat,6.935563
2026-01-15 18:00:00 - Babat,7.081228
2026-01-16 06:00:00 - Babat,7.5256944
2026-01-16 12:00:00 - Babat,7.1019535
2026-01-16 18:00:00 - Babat,7.2800336
2026-01-17 06:00:00 - Babat,7.0243444
2026-01-17 12:00:00 - Babat,7.1104627
2026-01-17 18:00:00 - Babat,6.9162846
2026-01-18 06:00:00 - Babat,7.2132826
2026-01-18 12:00:00 - Babat,7.084074
2026-01-18 18:00:00 - Babat,7.005339
2026-01-19 06:00:00 - Babat,7.2210593
2026-01-19 12:00:00 - Babat,7.5142846
2026-01-19 18:00:00 - Babat,7.1637297
2026-01-20 06:00:00 - Babat,7.576666
2026-01-20 12:00:00 - Babat,7.474029
2026-01-20 18:00:00 - Babat,7.6610656
2026-01-21 06:00:00 - Babat,7.112686
2026-01-21 12:00:00 - Babat,7.34631
2026-01-21 18:00:00 - Babat,6.856077
2026-01-22 06:00:00 - Babat,7.018758
2026-01-22 12:00:00 - Babat,7.097467
2026-01-22 18:00:00 - Babat,6.8420043
2026-01-23 06:00:00 - Babat,6.764817
2026-01-23 12:00:00 - Babat,6.892066
2026-01-23 18:00:00 - Babat,7.1437736
2026-01-24 06:00:00 - Babat,7.2091637
2026-01-24 12:00:00 - Babat,6.8904057
2026-01-24 18:00:00 - Babat,6.7562094
2026-01-25 06:00:00 - Babat,6.396323
2026-01-25 12:00:00 - Babat,6.6493907
2026-01-25 18:00:00 - Babat,6.6749415
2026-01-26 06:00:00 - Babat,6.0747676
2026-01-26 12:00:00 - Babat,6.1804557
2026-01-26 18:00:00 - Babat,5.9941387
2026-01-27 06:00:00 - Babat,6.270002
2026-01-27 12:00:00 - Babat,6.29108
2026-01-27 18:00:00 - Babat,6.50294
2026-01-28 06:00:00 - Babat,6.659665
2026-01-28 12:00:00 - Babat,6.552216
2026-01-28 18:00:00 - Babat,6.4972982
2026-01-29 06:00:00 - Babat,6.3319736
2026-01-29 12:00:00 - Babat,6.6023927
2026-01-29 18:00:00 - Babat,6.4479365
2026-01-30 06:00:00 - Babat,6.763291
2026-01-30 12:00:00 - Babat,6.6173368
2026-01-30 18:00:00 - Babat,6.638422
2026-01-31 06:00:00 - Babat,6.3805075
2026-01-31 12:00:00 - Babat,6.5940433
2026-01-31 18:00:00 - Babat,6.6012397
2026-02-01 06:00:00 - Babat,6.4181767
2026-02-01 12:00:00 - Babat,6.577161
2026-02-01 18:00:00 - Babat,6.974196
2026-02-02 06:00:00 - Babat,6.8583817
2026-02-02 12:00:00 - Babat,6.8027434
2026-02-02 18:00:00 - Babat,6.60837
2026-02-03 06:00:00 - Babat,6.6357994
2026-02-03 12:00:00 - Babat,6.9418664
2026-02-03 18:00:00 - Babat,6.900711
2026-02-04 06:00:00 - Babat,6.7292895
2026-02-04 12:00:00 - Babat,6.749536
2026-02-04 18:00:00 - Babat,6.8277907
2026-02-05 06:00:00 - Babat,6.6930246
2026-02-05 12:00:00 - Babat,6.8509293
2026-02-05 18:00:00 - Babat,6.803514
2026-02-06 06:00:00 - Babat,6.7573113
2026-02-06 12:00:00 - Babat,6.9360213
2026-02-06 18:00:00 - Babat,7.0387526
2026-02-07 06:00:00 - Babat,6.76097
2026-02-07 12:00:00 - Babat,6.799005
2026-02-07 18:00:00 - Babat,6.642635
2026-02-08 06:00:00 - Babat,6.7607894
2026-02-08 12:00:00 - Babat,6.657417
2026-02-08 18:00:00 - Babat,6.673293
2026-02-09 06:00:00 - Babat,6.945045
2026-02-09 12:00:00 - Babat,6.844788
2026-02-09 18:00:00 - Babat,6.621201
2026-02-10 06:00:00 - Babat,6.734346
2026-02-10 12:00:00 - Babat,6.5965395
2026-02-10 18:00:00 - Babat,6.781567
2026-02-11 06:00:00 - Babat,6.315386
2026-02-11 12:00:00 - Babat,6.497846
2026-02-11 18:00:00 - Babat,6.4907646
2026-02-12 06:00:00 - Babat,6.536525
2026-02-12 12:00:00 - Babat,6.7599254
2026-02-12 18:00:00 - Babat,6.97523
2026-02-13 06:00:00 - Babat,7.3193355
2026-02-13 12:00:00 - Babat,7.115941
2026-02-13 18:00:00 - Babat,7.12187
2026-02-14 06:00:00 - Babat,7.193795
2026-02-14 12:00:00 - Babat,7.217905
2026-02-14 18:00:00 - Babat,7.2451353
2026-02-15 06:00:00 - Babat,7.1415405
2026-02-15 12:00:00 - Babat,7.067459
2026-02-15 18:00:00 - Babat,6.96421
2026-02-16 06:00:00 - Babat,6.746273
2026-02-16 12:00:00 - Babat,6.81159
2026-02-16 18:00:00 - Babat,7.0362105
2026-02-17 06:00:00 - Babat,7.145112
2026-02-17 12:00:00 - Babat,7.1714854
2026-02-17 18:00:00 - Babat,7.249201
2026-02-18 06:00:00 - Babat,7.362589
2026-02-18 12:00:00 - Babat,7.060549
2026-02-18 18:00:00 - Babat,7.280021
2026-02-19 06:00:00 - Babat,7.305029
2026-02-19 12:00:00 - Babat,7.170176
2026-02-19 18:00:00 - Babat,7.047487
2026-02-20 06:00:00 - Babat,6.939195
2026-02-20 12:00:00 - Babat,7.243473
2026-02-20 18:00:00 - Babat,7.498343
2026-02-21 06:00:00 - Babat,7.1665244
2026-02-21 12:00:00 - Babat,7.45979
2026-02-21 18:00:00 - Babat,7.5172524
2026-02-22 06:00:00 - Babat,7.1729875
2026-02-22 12:00:00 - Babat,7.14746
2026-02-22 18:00:00 - Babat,6.687702
2026-02-23 06:00:00 - Babat,6.7655864
2026-02-23 12:00:00 - Babat,7.0763216
2026-02-23 18:00:00 - Babat,7.373225
2026-02-24 06:00:00 - Babat,6.9490075
2026-02-24 12:00:00 - Babat,7.0277786
2026-02-24 18:00:00 - Babat,7.391474
2026-02-25 06:00:00 - Babat,7.4665866
2026-02-25 12:00:00 - Babat,7.3034506
2026-02-25 18:00:00 - Babat,6.9057174
2026-02-26 06:00:00 - Babat,6.6922774
2026-02-26 12:00:00 - Babat,6.663629
2026-02-26 18:00:00 - Babat,6.61938
2026-02-27 06:00:00 - Babat,6.6469035
2026-02-27 12:00:00 - Babat,6.5968275
2026-02-27 18:00:00 - Babat,6.407885
2026-02-28 06:00:00 - Babat,6.360943
2026-02-28 12:00:00 - Babat,6.5066085
2026-02-28 18:00:00 - Babat,7.124556
2026-03-01 06:00:00 - Babat,6.5428767
2026-03-01 12:00:00 - Babat,6.767171
2026-03-01 18:00:00 - Babat,6.952573
2026-03-02 06:00:00 - Babat,6.6824117
2026-03-02 12:00:00 - Babat,6.705343
2026-03-02 18:00:00 - Babat,6.1714087
2026-03-03 06:00:00 - Babat,6.40636
2026-03-03 12:00:00 - Babat,6.4726996
2026-03-03 18:00:00 - Babat,6.8584204
2026-03-04 06:00:00 - Babat,6.396968
2026-03-04 12:00:00 - Babat,6.5661926
2026-03-04 18:00:00 - Babat,6.6245837
2026-03-05 06:00:00 - Babat,6.744375
2026-03-05 12:00:00 - Babat,6.8091607
2026-03-05 18:00:00 - Babat,6.827245
2026-03-06 06:00:00 - Babat,6.690617
2026-03-06 12:00:00 - Babat,6.593756
2026-03-06 18:00:00 - Babat,6.4700785
2026-03-07 06:00:00 - Babat,6.7526727
2026-03-07 12:00:00 - Babat,6.7206087
2026-03-07 18:00:00 - Babat,6.530623
2026-03-08 06:00:00 - Babat,6.6301365
2026-03-08 12:00:00 - Babat,6.9823456
2026-03-08 18:00:00 - Babat,6.8687572
2026-03-09 06:00:00 - Babat,6.71815
2026-03-09 12:00:00 - Babat,6.86995
2026-03-09 18:00:00 - Babat,7.0815153
2026-03-10 06:00:00 - Babat,7.0565286
2026-03-10 12:00:00 - Babat,7.0671735
2026-03-10 18:00:00 - Babat,6.8348613
2026-03-11 06:00:00 - Babat,6.72098
2026-03-11 12:00:00 - Babat,6.752109
2026-03-11 18:00:00 - Babat,6.753533
2026-03-12 06:00:00 - Babat,6.5907784
2026-03-12 12:00:00 - Babat,6.6563706
2026-03-12 18:00:00 - Babat,6.7416997
2026-03-13 06:00:00 - Babat,6.7386456
2026-03-13 12:00:00 - Babat,6.702639
2026-03-13 18:00:00 - Babat,7.007292
2026-03-14 06:00:00 - Babat,6.6456137
2026-03-14 12:00:00 - Babat,6.680579
2026-03-14 18:00:00 - Babat,6.59637
2026-03-15 06:00:00 - Babat,6.6525497
2026-03-15 12:00:00 - Babat,6.7135735
2026-03-15 18:00:00 - Babat,6.5513363
2026-03-16 06:00:00 - Babat,6.477475
2026-03-16 12:00:00 - Babat,6.7093825
2026-03-16 18:00:00 - Babat,6.5493693
2026-03-17 06:00:00 - Babat,6.517133
2026-03-17 12:00:00 - Babat,6.614866
2026-03-17 18:00:00 - Babat,7.220149
2026-03-18 06:00:00 - Babat,6.6154656
2026-03-18 12:00:00 - Babat,6.7721415
2026-03-18 18:00:00 - Babat,6.7906566
2026-03-19 06:00:00 - Babat,6.8738446
2026-03-19 12:00:00 - Babat,6.9597363
2026-03-19 18:00:00 - Babat,6.883834
2026-03-20 06:00:00 - Babat,6.7454667
2026-03-20 12:00:00 - Babat,6.7474456
2026-03-20 18:00:00 - Babat,6.6967144
2026-03-21 06:00:00 - Babat,6.6122108
2026-03-21 12:00:00 - Babat,6.726419
2026-03-21 18:00:00 - Babat,6.5397186
2026-03-22 06:00:00 - Babat,6.433523
2026-03-22 12:00:00 - Babat,6.523707
2026-03-22 18:00:00 - Babat,6.5122013
2026-03-23 06:00:00 - Babat,6.4361544
2026-03-23 12:00:00 - Babat,6.5179114
2026-03-23 18:00:00 - Babat,6.435161
2026-03-24 06:00:00 - Babat,6.3321905
2026-03-24 12:00:00 - Babat,6.3527055
2026-03-24 18:00:00 - Babat,6.5066876
2026-03-25 06:00:00 - Babat,6.522371
2026-03-25 12:00:00 - Babat,6.579808
2026-03-25 18:00:00 - Babat,6.5732193
2026-03-26 06:00:00 - Babat,6.645507
2026-03-26 12:00:00 - Babat,6.799916
2026-03-26 18:00:00 - Babat,6.5509825
2026-03-27 06:00:00 - Babat,6.921258
2026-03-27 12:00:00 - Babat,6.6979795
2026-03-27 18:00:00 - Babat,6.9109583
2026-03-28 06:00:00 - Babat,6.8032894
2026-03-28 12:00:00 - Babat,6.8373823
2026-03-28 18:00:00 - Babat,6.921432
2026-03-29 06:00:00 - Babat,6.845845
2026-03-29 12:00:00 - Babat,6.9777865
2026-03-29 18:00:00 - Babat,7.0671115
2026-03-30 06:00:00 - Babat,6.889431
2026-03-30 12:00:00 - Babat,6.9156857
2026-03-30 18:00:00 - Babat,7.1612005
2026-03-31 06:00:00 - Babat,6.677528
2026-03-31 12:00:00 - Babat,7.0164537
2026-03-31 18:00:00 - Babat,7.7027283
2026-04-01 06:00:00 - Babat,6.9095454
2026-04-01 12:00:00 - Babat,6.9023275
2026-04-01 18:00:00 - Babat,6.946029
2026-04-02 06:00:00 - Babat,6.9221025
2026-04-02 12:00:00 - Babat,6.9975677
2026-04-02 18:00:00 - Babat,6.734016
2026-04-03 06:00:00 - Babat,6.8911986
2026-04-03 12:00:00 - Babat,7.1107697
2026-04-03 18:00:00 - Babat,7.4196568
2026-04-04 06:00:00 - Babat,6.916548
2026-04-04 12:00:00 - Babat,7.1677737
2026-04-04 18:00:00 - Babat,7.318695
2026-04-05 06:00:00 - Babat,7.2988844
2026-04-05 12:00:00 - Babat,7.2112937
2026-04-05 18:00:00 - Babat,6.9400554
2026-04-06 06:00:00 - Babat,6.8248115
2026-04-06 12:00:00 - Babat,6.961717
2026-04-06 18:00:00 - Babat,6.5607977
2026-04-07 06:00:00 - Babat,6.659696
2026-04-07 12:00:00 - Babat,6.8284883
2026-04-07 18:00:00 - Babat,6.6982794
2026-04-08 06:00:00 - Babat,6.430494
2026-04-08 12:00:00 - Babat,6.6023674
2026-04-08 18:00:00 - Babat,6.464479
2026-04-09 06:00:00 - Babat,6.5803285
2026-04-09 12:00:00 - Babat,6.556389
2026-04-09 18:00:00 - Babat,6.83861
2026-04-10 06:00:00 - Babat,6.41248
2026-04-10 12:00:00 - Babat,6.887787
2026-04-10 18:00:00 - Babat,6.412116
2026-04-11 06:00:00 - Babat,6.7515926
2026-04-11 12:00:00 - Babat,6.637462
2026-04-11 18:00:00 - Babat,6.7634363
2026-04-12 06:00:00 - Babat,6.6854906
2026-04-12 12:00:00 - Babat,6.7806473
2026-04-12 18:00:00 - Babat,6.9187703
2026-04-13 06:00:00 - Babat,6.841062
2026-04-13 12:00:00 - Babat,6.8938093
2026-04-13 18:00:00 - Babat,6.710989
2026-04-14 06:00:00 - Babat,6.6504817
2026-04-14 12:00:00 - Babat,6.7071037
2026-04-14 18:00:00 - Babat,6.580599
2026-04-15 06:00:00 - Babat,6.259306
2026-04-15 12:00:00 - Babat,6.419388
2026-04-15 18:00:00 - Babat,6.4772754
2026-04-16 06:00:00 - Babat,6.295227
2026-04-16 12:00:00 - Babat,6.317133
2026-04-16 18:00:00 - Babat,6.2767715
2026-04-17 06:00:00 - Babat,6.3033586
2026-04-17 12:00:00 - Babat,6.3469157
2026-04-17 18:00:00 - Babat,6.384221
2026-04-18 06:00:00 - Babat,6.205924
2026-04-18 12:00:00 - Babat,6.1578684
2026-04-18 18:00:00 - Babat,6.187415
2026-04-19 06:00:00 - Babat,6.190426
2026-04-19 12:00:00 - Babat,6.1029253
2026-04-19 18:00:00 - Babat,6.1964912
2026-04-20 06:00:00 - Babat,6.063494
2026-04-20 12:00:00 - Babat,6.0165143
2026-04-20 18:00:00 - Babat,6.0949326
2026-04-21 06:00:00 - Babat,6.0375094
2026-04-21 12:00:00 - Babat,6.097159
2026-04-21 18:00:00 - Babat,6.358578
2026-04-22 06:00:00 - Babat,5.8242435
2026-04-22 12:00:00 - Babat,5.9028544
2026-04-22 18:00:00 - Babat,6.058708
2026-04-23 06:00:00 - Babat,6.27222
2026-04-23 12:00:00 - Babat,6.3734965
2026-04-23 18:00:00 - Babat,6.392873
2026-04-24 06:00:00 - Babat,6.1228695
2026-04-24 12:00:00 - Babat,6.367935
2026-04-24 18:00:00 - Babat,6.3427706
2026-04-25 06:00:00 - Babat,6.4525146
2026-04-25 12:00:00 - Babat,6.3555584
2026-04-25 18:00:00 - Babat,6.3914495
2026-04-26 06:00:00 - Babat,6.3376217
2026-04-26 12:00:00 - Babat,6.3490477
2026-04-26 18:00:00 - Babat,6.4034123
2026-04-27 06:00:00 - Babat,6.1356716
2026-04-27 12:00:00 - Babat,6.433411
2026-04-27 18:00:00 - Babat,6.3631144
2026-04-28 06:00:00 - Babat,6.3635626
2026-04-28 12:00:00 - Babat,6.503842
2026-04-28 18:00:00 - Babat,6.6067486
2026-04-29 06:00:00 - Babat,6.2892613
2026-04-29 12:00:00 - Babat,6.4752693
2026-04-29 18:00:00 - Babat,6.2689166
2026-04-30 06:00:00 - Babat,6.3977637
2026-04-30 12:00:00 - Babat,6.3828063
2026-04-30 18:00:00 - Babat,6.274126
2026-05-01 06:00:00 - Babat,6.08787
2026-05-01 12:00:00 - Babat,6.2482157
2026-05-01 18:00:00 - Babat,6.2584095
2026-05-02 06:00:00 - Babat,6.383644
2026-05-02 12:00:00 - Babat,6.4883385
2026-05-02 18:00:00 - Babat,6.5358667
2026-05-03 06:00:00 - Babat,6.137394
2026-05-03 12:00:00 - Babat,6.410671
2026-05-03 18:00:00 - Babat,6.28079
2026-05-04 06:00:00 - Babat,6.1427293
2026-05-04 12:00:00 - Babat,6.4405723
2026-05-04 18:00:00 - Babat,6.1975117
2026-05-05 06:00:00 - Babat,6.271115
2026-05-05 12:00:00 - Babat,6.436708
2026-05-05 18:00:00 - Babat,6.2537284
2026-05-06 06:00:00 - Babat,6.183359
2026-05-06 12:00:00 - Babat,6.333174
2026-05-06 18:00:00 - Babat,6.3099833
2026-05-07 06:00:00 - Babat,6.146286
2026-05-07 12:00:00 - Babat,6.377739
2026-05-07 18:00:00 - Babat,6.280933
2026-05-08 06:00:00 - Babat,6.2073946
2026-05-08 12:00:00 - Babat,6.2210393
2026-05-08 18:00:00 - Babat,6.336573
2026-05-09 06:00:00 - Babat,6.333972
2026-05-09 12:00:00 - Babat,6.253591
2026-05-09 18:00:00 - Babat,6.3276577
2026-05-10 06:00:00 - Babat,6.270193
2026-05-10 12:00:00 - Babat,6.248809
2026-05-10 18:00:00 - Babat,6.289913
2026-05-11 06:00:00 - Babat,6.187626
2026-05-11 12:00:00 - Babat,6.338175
2026-05-11 18:00:00 - Babat,6.2943907
2026-05-12 06:00:00 - Babat,6.333023
2026-05-12 12:00:00 - Babat,6.4018135
2026-05-12 18:00:00 - Babat,6.3839383
2026-05-13 06:00:00 - Babat,6.3941293
2026-05-13 12:00:00 - Babat,6.47024
2026-05-13 18:00:00 - Babat,6.4973354
2026-05-14 06:00:00 - Babat,6.420071
2026-05-14 12:00:00 - Babat,6.3423376
2026-05-14 18:00:00 - Babat,6.481176
2026-05-15 06:00:00 - Babat,6.314945
2026-05-15 12:00:00 - Babat,6.427235
2026-05-15 18:00:00 - Babat,6.474847
2026-05-16 06:00:00 - Babat,6.3634663
2026-05-16 12:00:00 - Babat,6.400062
2026-05-16 18:00:00 - Babat,6.6332607
2026-05-17 06:00:00 - Babat,6.3957973
2026-05-17 12:00:00 - Babat,6.5517917
2026-05-17 18:00:00 - Babat,6.5382743
2026-05-18 06:00:00 - Babat,6.497548
2026-05-18 12:00:00 - Babat,6.4440064
2026-05-18 18:00:00 - Babat,6.423797
2025-09-19 06:00:00 - Badegan,122.04967
2025-09-19 12:00:00 - Badegan,122.04377
2025-09-19 18:00:00 - Badegan,122.07828
2025-09-20 06:00:00 - Badegan,122.0568
2025-09-20 12:00:00 - Badegan,122.06789
2025-09-20 18:00:00 - Badegan,122.04818
2025-09-21 06:00:00 - Badegan,122.0558
2025-09-21 12:00:00 - Badegan,122.08005
2025-09-21 18:00:00 - Badegan,122.09509
2025-09-22 06:00:00 - Badegan,122.0902
2025-09-22 12:00:00 - Badegan,122.09338
2025-09-22 18:00:00 - Badegan,121.911766
2025-09-23 06:00:00 - Badegan,122.056854
2025-09-23 12:00:00 - Badegan,122.08436
2025-09-23 18:00:00 - Badegan,122.08397
2025-09-24 06:00:00 - Badegan,122.10969
2025-09-24 12:00:00 - Badegan,122.086914
2025-09-24 18:00:00 - Badegan,121.98409
2025-09-25 06:00:00 - Badegan,122.14015
2025-09-25 12:00:00 - Badegan,122.08129
2025-09-25 18:00:00 - Badegan,121.97828
2025-09-26 06:00:00 - Badegan,122.08487
2025-09-26 12:00:00 - Badegan,122.10084
2025-09-26 18:00:00 - Badegan,122.100945
2025-09-27 06:00:00 - Badegan,122.15205
2025-09-27 12:00:00 - Badegan,122.21061
2025-09-27 18:00:00 - Badegan,122.10678
2025-09-28 06:00:00 - Badegan,122.08637
2025-09-28 12:00:00 - Badegan,122.07143
2025-09-28 18:00:00 - Badegan,122.45079
2025-09-29 06:00:00 - Badegan,122.123985
2025-09-29 12:00:00 - Badegan,122.11372
2025-09-29 18:00:00 - Badegan,122.09777
2025-09-30 06:00:00 - Badegan,122.160225
2025-09-30 12:00:00 - Badegan,122.127335
2025-09-30 18:00:00 - Badegan,122.16125
2025-10-01 06:00:00 - Badegan,122.17256
2025-10-01 12:00:00 - Badegan,122.07935
2025-10-01 18:00:00 - Badegan,122.22813
2025-10-02 06:00:00 - Badegan,122.3232
2025-10-02 12:00:00 - Badegan,122.21909
2025-10-02 18:00:00 - Badegan,122.13518
2025-10-03 06:00:00 - Badegan,122.28245
2025-10-03 12:00:00 - Badegan,122.231995
2025-10-03 18:00:00 - Badegan,122.25593
2025-10-04 06:00:00 - Badegan,122.29323
2025-10-04 12:00:00 - Badegan,122.342255
2025-10-04 18:00:00 - Badegan,122.201546
2025-10-05 06:00:00 - Badegan,122.28848
2025-10-05 12:00:00 - Badegan,122.38923
2025-10-05 18:00:00 - Badegan,122.154396
2025-10-06 06:00:00 - Badegan,122.16955
2025-10-06 12:00:00 - Badegan,122.52906
2025-10-06 18:00:00 - Badegan,122.28728
2025-10-07 06:00:00 - Badegan,122.14258
2025-10-07 12:00:00 - Badegan,122.16402
2025-10-07 18:00:00 - Badegan,121.93698
2025-10-08 06:00:00 - Badegan,122.202644
2025-10-08 12:00:00 - Badegan,122.10765
2025-10-08 18:00:00 - Badegan,122.05765
2025-10-09 06:00:00 - Badegan,122.18241
2025-10-09 12:00:00 - Badegan,122.14182
2025-10-09 18:00:00 - Badegan,121.56282
2025-10-10 06:00:00 - Badegan,122.181625
2025-10-10 12:00:00 - Badegan,122.113846
2025-10-10 18:00:00 - Badegan,122.153885
2025-10-11 06:00:00 - Badegan,122.20203
2025-10-11 12:00:00 - Badegan,122.089935
2025-10-11 18:00:00 - Badegan,122.12916
2025-10-12 06:00:00 - Badegan,122.162476
2025-10-12 12:00:00 - Badegan,122.10532
2025-10-12 18:00:00 - Badegan,122.112946
2025-10-13 06:00:00 - Badegan,122.14691
2025-10-13 12:00:00 - Badegan,121.99929
2025-10-13 18:00:00 - Badegan,122.09922
2025-10-14 06:00:00 - Badegan,122.159645
2025-10-14 12:00:00 - Badegan,122.12017
2025-10-14 18:00:00 - Badegan,122.03821
2025-10-15 06:00:00 - Badegan,122.195816
2025-10-15 12:00:00 - Badegan,122.05876
2025-10-15 18:00:00 - Badegan,122.15134
2025-10-16 06:00:00 - Badegan,122.165474
2025-10-16 12:00:00 - Badegan,122.1535
2025-10-16 18:00:00 - Badegan,122.09084
2025-10-17 06:00:00 - Badegan,122.11704
2025-10-17 12:00:00 - Badegan,122.09057
2025-10-17 18:00:00 - Badegan,122.09418
2025-10-18 06:00:00 - Badegan,122.07655
2025-10-18 12:00:00 - Badegan,121.980804
2025-10-18 18:00:00 - Badegan,121.9321
2025-10-19 06:00:00 - Badegan,122.1041
2025-10-19 12:00:00 - Badegan,121.99419
2025-10-19 18:00:00 - Badegan,122.06762
2025-10-20 06:00:00 - Badegan,122.15832
2025-10-20 12:00:00 - Badegan,122.005295
2025-10-20 18:00:00 - Badegan,122.08538
2025-10-21 06:00:00 - Badegan,122.2965
2025-10-21 12:00:00 - Badegan,122.30783
2025-10-21 18:00:00 - Badegan,122.81824
2025-10-22 06:00:00 - Badegan,122.68486
2025-10-22 12:00:00 - Badegan,122.48144
2025-10-22 18:00:00 - Badegan,122.58006
2025-10-23 06:00:00 - Badegan,122.73092
2025-10-23 12:00:00 - Badegan,122.490746
2025-10-23 18:00:00 - Badegan,122.52165
2025-10-24 06:00:00 - Badegan,122.69107
2025-10-24 12:00:00 - Badegan,122.54438
2025-10-24 18:00:00 - Badegan,122.525246
2025-10-25 06:00:00 - Badegan,122.48082
2025-10-25 12:00:00 - Badegan,122.411354
2025-10-25 18:00:00 - Badegan,122.42334
2025-10-26 06:00:00 - Badegan,122.16289
2025-10-26 12:00:00 - Badegan,122.21138
2025-10-26 18:00:00 - Badegan,122.332504
2025-10-27 06:00:00 - Badegan,122.266205
2025-10-27 12:00:00 - Badegan,122.31375
2025-10-27 18:00:00 - Badegan,122.34112
2025-10-28 06:00:00 - Badegan,122.3541
2025-10-28 12:00:00 - Badegan,122.33586
2025-10-28 18:00:00 - Badegan,122.7392
2025-10-29 06:00:00 - Badegan,122.54496
2025-10-29 12:00:00 - Badegan,122.430374
2025-10-29 18:00:00 - Badegan,122.47876
2025-10-30 06:00:00 - Badegan,122.76297
2025-10-30 12:00:00 - Badegan,122.27803
2025-10-30 18:00:00 - Badegan,122.36447
2025-10-31 06:00:00 - Badegan,122.515076
2025-10-31 12:00:00 - Badegan,122.29949
2025-10-31 18:00:00 - Badegan,122.47595
2025-11-01 06:00:00 - Badegan,122.32866
2025-11-01 12:00:00 - Badegan,122.284744
2025-11-01 18:00:00 - Badegan,122.333565
2025-11-02 06:00:00 - Badegan,122.16642
2025-11-02 12:00:00 - Badegan,122.17903
2025-11-02 18:00:00 - Badegan,122.2389
2025-11-03 06:00:00 - Badegan,122.30652
2025-11-03 12:00:00 - Badegan,122.25648
2025-11-03 18:00:00 - Badegan,122.3507
2025-11-04 06:00:00 - Badegan,122.69477
2025-11-04 12:00:00 - Badegan,122.44056
2025-11-04 18:00:00 - Badegan,122.5169
2025-11-05 06:00:00 - Badegan,122.351715
2025-11-05 12:00:00 - Badegan,122.2289
2025-11-05 18:00:00 - Badegan,122.61426
2025-11-06 06:00:00 - Badegan,122.62932
2025-11-06 12:00:00 - Badegan,122.43029
2025-11-06 18:00:00 - Badegan,122.36585
2025-11-07 06:00:00 - Badegan,122.57528
2025-11-07 12:00:00 - Badegan,122.33979
2025-11-07 18:00:00 - Badegan,122.44179
2025-11-08 06:00:00 - Badegan,122.46191
2025-11-08 12:00:00 - Badegan,122.2643
2025-11-08 18:00:00 - Badegan,122.611824
2025-11-09 06:00:00 - Badegan,123.84288
2025-11-09 12:00:00 - Badegan,122.62987
2025-11-09 18:00:00 - Badegan,122.6192
2025-11-10 06:00:00 - Badegan,122.51568
2025-11-10 12:00:00 - Badegan,122.40415
2025-11-10 18:00:00 - Badegan,122.54319
2025-11-11 06:00:00 - Badegan,122.73248
2025-11-11 12:00:00 - Badegan,122.39421
2025-11-11 18:00:00 - Badegan,122.611855
2025-11-12 06:00:00 - Badegan,122.569115
2025-11-12 12:00:00 - Badegan,122.5216
2025-11-12 18:00:00 - Badegan,122.71725
2025-11-13 06:00:00 - Badegan,122.71856
2025-11-13 12:00:00 - Badegan,122.51885
2025-11-13 18:00:00 - Badegan,122.63349
2025-11-14 06:00:00 - Badegan,122.67296
2025-11-14 12:00:00 - Badegan,122.349724
2025-11-14 18:00:00 - Badegan,122.58746
2025-11-15 06:00:00 - Badegan,122.423294
2025-11-15 12:00:00 - Badegan,122.44749
2025-11-15 18:00:00 - Badegan,122.327034
2025-11-16 06:00:00 - Badegan,122.43267
2025-11-16 12:00:00 - Badegan,122.215614
2025-11-16 18:00:00 - Badegan,122.364494
2025-11-17 06:00:00 - Badegan,122.46239
2025-11-17 12:00:00 - Badegan,122.39544
2025-11-17 18:00:00 - Badegan,122.24301
2025-11-18 06:00:00 - Badegan,122.37735
2025-11-18 12:00:00 - Badegan,122.241394
2025-11-18 18:00:00 - Badegan,122.38331
2025-11-19 06:00:00 - Badegan,122.66389
2025-11-19 12:00:00 - Badegan,122.53533
2025-11-19 18:00:00 - Badegan,122.75134
2025-11-20 06:00:00 - Badegan,122.52147
2025-11-20 12:00:00 - Badegan,122.44743
2025-11-20 18:00:00 - Badegan,122.6637
2025-11-21 06:00:00 - Badegan,123.26064
2025-11-21 12:00:00 - Badegan,123.03516
2025-11-21 18:00:00 - Badegan,123.492386
2025-11-22 06:00:00 - Badegan,123.497185
2025-11-22 12:00:00 - Badegan,123.13908
2025-11-22 18:00:00 - Badegan,123.35182
2025-11-23 06:00:00 - Badegan,123.65046
2025-11-23 12:00:00 - Badegan,123.46818
2025-11-23 18:00:00 - Badegan,123.783005
2025-11-24 06:00:00 - Badegan,124.08875
2025-11-24 12:00:00 - Badegan,124.140335
2025-11-24 18:00:00 - Badegan,124.06513
2025-11-25 06:00:00 - Badegan,124.20996
2025-11-25 12:00:00 - Badegan,124.036385
2025-11-25 18:00:00 - Badegan,124.03587
2025-11-26 06:00:00 - Badegan,124.183105
2025-11-26 12:00:00 - Badegan,124.168594
2025-11-26 18:00:00 - Badegan,124.30869
2025-11-27 06:00:00 - Badegan,124.36818
2025-11-27 12:00:00 - Badegan,124.18157
2025-11-27 18:00:00 - Badegan,124.159996
2025-11-28 06:00:00 - Badegan,124.16926
2025-11-28 12:00:00 - Badegan,123.98186
2025-11-28 18:00:00 - Badegan,124.08899
2025-11-29 06:00:00 - Badegan,123.96316
2025-11-29 12:00:00 - Badegan,123.95149
2025-11-29 18:00:00 - Badegan,123.87485
2025-11-30 06:00:00 - Badegan,123.71655
2025-11-30 12:00:00 - Badegan,123.52344
2025-11-30 18:00:00 - Badegan,123.804955
2025-12-01 06:00:00 - Badegan,123.64224
2025-12-01 12:00:00 - Badegan,123.71202
2025-12-01 18:00:00 - Badegan,123.64371
2025-12-02 06:00:00 - Badegan,123.845955
2025-12-02 12:00:00 - Badegan,123.82547
2025-12-02 18:00:00 - Badegan,123.87276
2025-12-03 06:00:00 - Badegan,124.02748
2025-12-03 12:00:00 - Badegan,123.7626
2025-12-03 18:00:00 - Badegan,123.85668
2025-12-04 06:00:00 - Badegan,123.81576
2025-12-04 12:00:00 - Badegan,123.61509
2025-12-04 18:00:00 - Badegan,124.10337
2025-12-05 06:00:00 - Badegan,123.50644
2025-12-05 12:00:00 - Badegan,123.53891
2025-12-05 18:00:00 - Badegan,123.25908
2025-12-06 06:00:00 - Badegan,122.80002
2025-12-06 12:00:00 - Badegan,122.80597
2025-12-06 18:00:00 - Badegan,122.83367
2025-12-07 06:00:00 - Badegan,122.58615
2025-12-07 12:00:00 - Badegan,122.57253
2025-12-07 18:00:00 - Badegan,122.79881
2025-12-08 06:00:00 - Badegan,122.63246
2025-12-08 12:00:00 - Badegan,122.63696
2025-12-08 18:00:00 - Badegan,122.76501
2025-12-09 06:00:00 - Badegan,122.942566
2025-12-09 12:00:00 - Badegan,122.94192
2025-12-09 18:00:00 - Badegan,122.89095
2025-12-10 06:00:00 - Badegan,122.81963
2025-12-10 12:00:00 - Badegan,122.6873
2025-12-10 18:00:00 - Badegan,122.60234
2025-12-11 06:00:00 - Badegan,122.67467
2025-12-11 12:00:00 - Badegan,122.67051
2025-12-11 18:00:00 - Badegan,122.45591
2025-12-12 06:00:00 - Badegan,122.430115
2025-12-12 12:00:00 - Badegan,122.46538
2025-12-12 18:00:00 - Badegan,122.268196
2025-12-13 06:00:00 - Badegan,122.566895
2025-12-13 12:00:00 - Badegan,122.357376
2025-12-13 18:00:00 - Badegan,122.2195
2025-12-14 06:00:00 - Badegan,122.37598
2025-12-14 12:00:00 - Badegan,122.40868
2025-12-14 18:00:00 - Badegan,122.44719
2025-12-15 06:00:00 - Badegan,122.35848
2025-12-15 12:00:00 - Badegan,122.40364
2025-12-15 18:00:00 - Badegan,122.410065
2025-12-16 06:00:00 - Badegan,122.39441
2025-12-16 12:00:00 - Badegan,122.39728
2025-12-16 18:00:00 - Badegan,122.31226
2025-12-17 06:00:00 - Badegan,122.36492
2025-12-17 12:00:00 - Badegan,122.54538
2025-12-17 18:00:00 - Badegan,122.44149
2025-12-18 06:00:00 - Badegan,122.3708
2025-12-18 12:00:00 - Badegan,122.363
2025-12-18 18:00:00 - Badegan,122.44531
2025-12-19 06:00:00 - Badegan,122.52981
2025-12-19 12:00:00 - Badegan,122.538445
2025-12-19 18:00:00 - Badegan,122.66675
2025-12-20 06:00:00 - Badegan,122.685074
2025-12-20 12:00:00 - Badegan,122.58987
2025-12-20 18:00:00 - Badegan,122.88932
2025-12-21 06:00:00 - Badegan,122.60971
2025-12-21 12:00:00 - Badegan,122.52429
2025-12-21 18:00:00 - Badegan,122.6427
2025-12-22 06:00:00 - Badegan,122.77021
2025-12-22 12:00:00 - Badegan,122.52175
2025-12-22 18:00:00 - Badegan,122.67243
2025-12-23 06:00:00 - Badegan,122.550125
2025-12-23 12:00:00 - Badegan,122.54104
2025-12-23 18:00:00 - Badegan,122.59942
2025-12-24 06:00:00 - Badegan,122.57953
2025-12-24 12:00:00 - Badegan,122.61699
2025-12-24 18:00:00 - Badegan,122.542435
2025-12-25 06:00:00 - Badegan,122.60401
2025-12-25 12:00:00 - Badegan,122.54609
2025-12-25 18:00:00 - Badegan,122.5567
2025-12-26 06:00:00 - Badegan,122.59157
2025-12-26 12:00:00 - Badegan,122.59696
2025-12-26 18:00:00 - Badegan,122.4557
2025-12-27 06:00:00 - Badegan,122.77965
2025-12-27 12:00:00 - Badegan,122.63842
2025-12-27 18:00:00 - Badegan,122.539314
2025-12-28 06:00:00 - Badegan,122.75237
2025-12-28 12:00:00 - Badegan,122.53843
2025-12-28 18:00:00 - Badegan,122.31515
2025-12-29 06:00:00 - Badegan,122.45287
2025-12-29 12:00:00 - Badegan,122.45978
2025-12-29 18:00:00 - Badegan,122.56639
2025-12-30 06:00:00 - Badegan,122.57555
2025-12-30 12:00:00 - Badegan,122.58745
2025-12-30 18:00:00 - Badegan,122.49688
2025-12-31 06:00:00 - Badegan,122.59113
2025-12-31 12:00:00 - Badegan,122.60236
2025-12-31 18:00:00 - Badegan,122.582344
2026-01-01 06:00:00 - Badegan,122.56084
2026-01-01 12:00:00 - Badegan,122.47016
2026-01-01 18:00:00 - Badegan,123.02644
2026-01-02 06:00:00 - Badegan,124.255135
2026-01-02 12:00:00 - Badegan,123.00076
2026-01-02 18:00:00 - Badegan,122.34133
2026-01-03 06:00:00 - Badegan,122.91034
2026-01-03 12:00:00 - Badegan,122.62302
2026-01-03 18:00:00 - Badegan,122.86671
2026-01-04 06:00:00 - Badegan,125.534256
2026-01-04 12:00:00 - Badegan,122.735405
2026-01-04 18:00:00 - Badegan,122.684814
2026-01-05 06:00:00 - Badegan,122.66705
2026-01-05 12:00:00 - Badegan,122.56959
2026-01-05 18:00:00 - Badegan,122.53153
2026-01-06 06:00:00 - Badegan,122.586525
2026-01-06 12:00:00 - Badegan,122.465004
2026-01-06 18:00:00 - Badegan,122.43071
2026-01-07 06:00:00 - Badegan,122.41212
2026-01-07 12:00:00 - Badegan,122.3436
2026-01-07 18:00:00 - Badegan,122.35553
2026-01-08 06:00:00 - Badegan,122.35216
2026-01-08 12:00:00 - Badegan,122.37974
2026-01-08 18:00:00 - Badegan,122.35292
2026-01-09 06:00:00 - Badegan,122.58149
2026-01-09 12:00:00 - Badegan,122.5192
2026-01-09 18:00:00 - Badegan,122.66699
2026-01-10 06:00:00 - Badegan,122.901695
2026-01-10 12:00:00 - Badegan,122.76123
2026-01-10 18:00:00 - Badegan,122.68794
2026-01-11 06:00:00 - Badegan,122.664986
2026-01-11 12:00:00 - Badegan,122.72998
2026-01-11 18:00:00 - Badegan,123.02335
2026-01-12 06:00:00 - Badegan,122.96139
2026-01-12 12:00:00 - Badegan,123.001335
2026-01-12 18:00:00 - Badegan,123.08021
2026-01-13 06:00:00 - Badegan,122.85245
2026-01-13 12:00:00 - Badegan,123.00099
2026-01-13 18:00:00 - Badegan,122.92542
2026-01-14 06:00:00 - Badegan,122.933784
2026-01-14 12:00:00 - Badegan,122.94275
2026-01-14 18:00:00 - Badegan,122.7447
2026-01-15 06:00:00 - Badegan,122.954544
2026-01-15 12:00:00 - Badegan,123.00065
2026-01-15 18:00:00 - Badegan,123.004036
2026-01-16 06:00:00 - Badegan,122.95669
2026-01-16 12:00:00 - Badegan,123.02596
2026-01-16 18:00:00 - Badegan,123.03757
2026-01-17 06:00:00 - Badegan,122.79493
2026-01-17 12:00:00 - Badegan,122.552574
2026-01-17 18:00:00 - Badegan,123.18055
2026-01-18 06:00:00 - Badegan,124.36024
2026-01-18 12:00:00 - Badegan,123.012
2026-01-18 18:00:00 - Badegan,122.89004
2026-01-19 06:00:00 - Badegan,122.75329
2026-01-19 12:00:00 - Badegan,122.785934
2026-01-19 18:00:00 - Badegan,123.00596
2026-01-20 06:00:00 - Badegan,122.70481
2026-01-20 12:00:00 - Badegan,122.640335
2026-01-20 18:00:00 - Badegan,122.59673
2026-01-21 06:00:00 - Badegan,122.4721
2026-01-21 12:00:00 - Badegan,122.44929
2026-01-21 18:00:00 - Badegan,122.509865
2026-01-22 06:00:00 - Badegan,122.63193
2026-01-22 12:00:00 - Badegan,122.576096
2026-01-22 18:00:00 - Badegan,122.57965
2026-01-23 06:00:00 - Badegan,122.680275
2026-01-23 12:00:00 - Badegan,122.85977
2026-01-23 18:00:00 - Badegan,124.16819
2026-01-24 06:00:00 - Badegan,122.73723
2026-01-24 12:00:00 - Badegan,122.64911
2026-01-24 18:00:00 - Badegan,122.63378
2026-01-25 06:00:00 - Badegan,122.51308
2026-01-25 12:00:00 - Badegan,122.71542
2026-01-25 18:00:00 - Badegan,122.8121
2026-01-26 06:00:00 - Badegan,122.56216
2026-01-26 12:00:00 - Badegan,122.44537
2026-01-26 18:00:00 - Badegan,122.579094
2026-01-27 06:00:00 - Badegan,122.42133
2026-01-27 12:00:00 - Badegan,122.52393
2026-01-27 18:00:00 - Badegan,122.74474
2026-01-28 06:00:00 - Badegan,122.75944
2026-01-28 12:00:00 - Badegan,122.82388
2026-01-28 18:00:00 - Badegan,124.33462
2026-01-29 06:00:00 - Badegan,122.71362
2026-01-29 12:00:00 - Badegan,123.047035
2026-01-29 18:00:00 - Badegan,123.32192
2026-01-30 06:00:00 - Badegan,122.82304
2026-01-30 12:00:00 - Badegan,122.748344
2026-01-30 18:00:00 - Badegan,123.03328
2026-01-31 06:00:00 - Badegan,122.676735
2026-01-31 12:00:00 - Badegan,122.65062
2026-01-31 18:00:00 - Badegan,122.702705
2026-02-01 06:00:00 - Badegan,122.493454
2026-02-01 12:00:00 - Badegan,122.507904
2026-02-01 18:00:00 - Badegan,122.47422
2026-02-02 06:00:00 - Badegan,122.54143
2026-02-02 12:00:00 - Badegan,122.54452
2026-02-02 18:00:00 - Badegan,122.636
2026-02-03 06:00:00 - Badegan,122.51446
2026-02-03 12:00:00 - Badegan,122.55667
2026-02-03 18:00:00 - Badegan,122.683716
2026-02-04 06:00:00 - Badegan,122.60638
2026-02-04 12:00:00 - Badegan,122.613075
2026-02-04 18:00:00 - Badegan,123.04854
2026-02-05 06:00:00 - Badegan,122.65054
2026-02-05 12:00:00 - Badegan,122.67093
2026-02-05 18:00:00 - Badegan,122.67005
2026-02-06 06:00:00 - Badegan,122.52627
2026-02-06 12:00:00 - Badegan,122.59131
2026-02-06 18:00:00 - Badegan,122.61847
2026-02-07 06:00:00 - Badegan,122.48376
2026-02-07 12:00:00 - Badegan,122.52226
2026-02-07 18:00:00 - Badegan,122.6072
2026-02-08 06:00:00 - Badegan,122.51495
2026-02-08 12:00:00 - Badegan,122.47312
2026-02-08 18:00:00 - Badegan,122.5503
2026-02-09 06:00:00 - Badegan,122.40297
2026-02-09 12:00:00 - Badegan,122.55243
2026-02-09 18:00:00 - Badegan,122.47665
2026-02-10 06:00:00 - Badegan,122.43886
2026-02-10 12:00:00 - Badegan,122.44035
2026-02-10 18:00:00 - Badegan,122.461784
2026-02-11 06:00:00 - Badegan,122.59574
2026-02-11 12:00:00 - Badegan,122.5822
2026-02-11 18:00:00 - Badegan,122.62271
2026-02-12 06:00:00 - Badegan,122.632225
2026-02-12 12:00:00 - Badegan,122.6784
2026-02-12 18:00:00 - Badegan,123.08377
2026-02-13 06:00:00 - Badegan,122.897194
2026-02-13 12:00:00 - Badegan,122.76295
2026-02-13 18:00:00 - Badegan,122.683395
2026-02-14 06:00:00 - Badegan,122.554405
2026-02-14 12:00:00 - Badegan,122.515526
2026-02-14 18:00:00 - Badegan,122.7002
2026-02-15 06:00:00 - Badegan,122.916626
2026-02-15 12:00:00 - Badegan,122.659355
2026-02-15 18:00:00 - Badegan,122.675964
2026-02-16 06:00:00 - Badegan,122.732445
2026-02-16 12:00:00 - Badegan,122.58675
2026-02-16 18:00:00 - Badegan,122.86751
2026-02-17 06:00:00 - Badegan,122.54224
2026-02-17 12:00:00 - Badegan,122.54389
2026-02-17 18:00:00 - Badegan,122.84735
2026-02-18 06:00:00 - Badegan,122.90144
2026-02-18 12:00:00 - Badegan,122.62809
2026-02-18 18:00:00 - Badegan,123.253006
2026-02-19 06:00:00 - Badegan,122.67918
2026-02-19 12:00:00 - Badegan,122.649994
2026-02-19 18:00:00 - Badegan,122.589424
2026-02-20 06:00:00 - Badegan,122.609116
2026-02-20 12:00:00 - Badegan,122.57841
2026-02-20 18:00:00 - Badegan,122.76824
2026-02-21 06:00:00 - Badegan,122.7966
2026-02-21 12:00:00 - Badegan,122.58189
2026-02-21 18:00:00 - Badegan,122.57306
2026-02-22 06:00:00 - Badegan,122.58618
2026-02-22 12:00:00 - Badegan,122.730835
2026-02-22 18:00:00 - Badegan,123.02595
2026-02-23 06:00:00 - Badegan,122.98938
2026-02-23 12:00:00 - Badegan,122.88428
2026-02-23 18:00:00 - Badegan,122.86159
2026-02-24 06:00:00 - Badegan,122.69539
2026-02-24 12:00:00 - Badegan,122.60138
2026-02-24 18:00:00 - Badegan,122.5788
2026-02-25 06:00:00 - Badegan,122.928055
2026-02-25 12:00:00 - Badegan,122.72724
2026-02-25 18:00:00 - Badegan,122.577866
2026-02-26 06:00:00 - Badegan,122.737015
2026-02-26 12:00:00 - Badegan,122.57205
2026-02-26 18:00:00 - Badegan,122.77122
2026-02-27 06:00:00 - Badegan,122.67829
2026-02-27 12:00:00 - Badegan,122.60159
2026-02-27 18:00:00 - Badegan,122.78738
2026-02-28 06:00:00 - Badegan,122.64708
2026-02-28 12:00:00 - Badegan,122.51811
2026-02-28 18:00:00 - Badegan,122.63312
2026-03-01 06:00:00 - Badegan,122.929214
2026-03-01 12:00:00 - Badegan,122.68736
2026-03-01 18:00:00 - Badegan,122.71209
2026-03-02 06:00:00 - Badegan,122.47991
2026-03-02 12:00:00 - Badegan,122.64313
2026-03-02 18:00:00 - Badegan,122.89081
2026-03-03 06:00:00 - Badegan,122.68138
2026-03-03 12:00:00 - Badegan,122.633316
2026-03-03 18:00:00 - Badegan,122.92369
2026-03-04 06:00:00 - Badegan,122.54624
2026-03-04 12:00:00 - Badegan,122.55684
2026-03-04 18:00:00 - Badegan,123.50847
2026-03-05 06:00:00 - Badegan,122.82248
2026-03-05 12:00:00 - Badegan,122.876656
2026-03-05 18:00:00 - Badegan,122.673645
2026-03-06 06:00:00 - Badegan,122.58699
2026-03-06 12:00:00 - Badegan,122.46635
2026-03-06 18:00:00 - Badegan,122.49488
2026-03-07 06:00:00 - Badegan,122.39483
2026-03-07 12:00:00 - Badegan,122.32536
2026-03-07 18:00:00 - Badegan,122.29831
2026-03-08 06:00:00 - Badegan,122.28914
2026-03-08 12:00:00 - Badegan,122.48089
2026-03-08 18:00:00 - Badegan,122.918396
2026-03-09 06:00:00 - Badegan,122.69953
2026-03-09 12:00:00 - Badegan,122.669205
2026-03-09 18:00:00 - Badegan,122.78454
2026-03-10 06:00:00 - Badegan,122.59212
2026-03-10 12:00:00 - Badegan,122.643036
2026-03-10 18:00:00 - Badegan,122.66295
2026-03-11 06:00:00 - Badegan,122.58957
2026-03-11 12:00:00 - Badegan,122.65151
2026-03-11 18:00:00 - Badegan,122.580826
2026-03-12 06:00:00 - Badegan,122.60061
2026-03-12 12:00:00 - Badegan,122.53622
2026-03-12 18:00:00 - Badegan,122.49221
2026-03-13 06:00:00 - Badegan,122.511734
2026-03-13 12:00:00 - Badegan,122.569305
2026-03-13 18:00:00 - Badegan,122.618286
2026-03-14 06:00:00 - Badegan,122.4938
2026-03-14 12:00:00 - Badegan,122.61137
2026-03-14 18:00:00 - Badegan,122.61704
2026-03-15 06:00:00 - Badegan,122.68769
2026-03-15 12:00:00 - Badegan,122.672356
2026-03-15 18:00:00 - Badegan,123.759514
2026-03-16 06:00:00 - Badegan,122.72942
2026-03-16 12:00:00 - Badegan,122.71455
2026-03-16 18:00:00 - Badegan,122.68157
2026-03-17 06:00:00 - Badegan,123.02869
2026-03-17 12:00:00 - Badegan,122.92191
2026-03-17 18:00:00 - Badegan,122.92291
2026-03-18 06:00:00 - Badegan,122.75083
2026-03-18 12:00:00 - Badegan,122.73961
2026-03-18 18:00:00 - Badegan,122.72168
2026-03-19 06:00:00 - Badegan,122.659874
2026-03-19 12:00:00 - Badegan,122.739555
2026-03-19 18:00:00 - Badegan,122.66202
2026-03-20 06:00:00 - Badegan,122.71317
2026-03-20 12:00:00 - Badegan,122.7022
2026-03-20 18:00:00 - Badegan,122.77117
2026-03-21 06:00:00 - Badegan,122.72153
2026-03-21 12:00:00 - Badegan,122.72416
2026-03-21 18:00:00 - Badegan,122.68682
2026-03-22 06:00:00 - Badegan,122.552734
2026-03-22 12:00:00 - Badegan,122.53819
2026-03-22 18:00:00 - Badegan,122.72263
2026-03-23 06:00:00 - Badegan,122.527245
2026-03-23 12:00:00 - Badegan,122.4567
2026-03-23 18:00:00 - Badegan,122.40365
2026-03-24 06:00:00 - Badegan,122.40773
2026-03-24 12:00:00 - Badegan,122.538536
2026-03-24 18:00:00 - Badegan,122.63181
2026-03-25 06:00:00 - Badegan,122.565285
2026-03-25 12:00:00 - Badegan,122.58093
2026-03-25 18:00:00 - Badegan,122.636116
2026-03-26 06:00:00 - Badegan,122.51426
2026-03-26 12:00:00 - Badegan,122.58516
2026-03-26 18:00:00 - Badegan,122.71606
2026-03-27 06:00:00 - Badegan,122.73897
2026-03-27 12:00:00 - Badegan,122.66342
2026-03-27 18:00:00 - Badegan,122.74348
2026-03-28 06:00:00 - Badegan,122.67736
2026-03-28 12:00:00 - Badegan,122.73277
2026-03-28 18:00:00 - Badegan,123.08731
2026-03-29 06:00:00 - Badegan,122.63281
2026-03-29 12:00:00 - Badegan,122.68216
2026-03-29 18:00:00 - Badegan,122.63967
2026-03-30 06:00:00 - Badegan,122.54228
2026-03-30 12:00:00 - Badegan,122.61815
2026-03-30 18:00:00 - Badegan,122.94189
2026-03-31 06:00:00 - Badegan,122.56613
2026-03-31 12:00:00 - Badegan,122.60998
2026-03-31 18:00:00 - Badegan,122.7139
2026-04-01 06:00:00 - Badegan,122.63392
2026-04-01 12:00:00 - Badegan,122.664024
2026-04-01 18:00:00 - Badegan,122.57394
2026-04-02 06:00:00 - Badegan,122.631744
2026-04-02 12:00:00 - Badegan,122.68737
2026-04-02 18:00:00 - Badegan,123.63127
2026-04-03 06:00:00 - Badegan,122.536674
2026-04-03 12:00:00 - Badegan,122.4997
2026-04-03 18:00:00 - Badegan,122.6584
2026-04-04 06:00:00 - Badegan,122.56376
2026-04-04 12:00:00 - Badegan,122.597305
2026-04-04 18:00:00 - Badegan,122.704475
2026-04-05 06:00:00 - Badegan,122.47908
2026-04-05 12:00:00 - Badegan,122.62228
2026-04-05 18:00:00 - Badegan,122.5474
2026-04-06 06:00:00 - Badegan,122.47084
2026-04-06 12:00:00 - Badegan,122.47714
2026-04-06 18:00:00 - Badegan,122.572876
2026-04-07 06:00:00 - Badegan,122.5299
2026-04-07 12:00:00 - Badegan,122.53833
2026-04-07 18:00:00 - Badegan,122.6425
2026-04-08 06:00:00 - Badegan,122.81249
2026-04-08 12:00:00 - Badegan,122.68242
2026-04-08 18:00:00 - Badegan,122.867546
2026-04-09 06:00:00 - Badegan,122.744934
2026-04-09 12:00:00 - Badegan,122.67636
2026-04-09 18:00:00 - Badegan,123.95174
2026-04-10 06:00:00 - Badegan,122.920906
2026-04-10 12:00:00 - Badegan,122.77626
2026-04-10 18:00:00 - Badegan,122.74943
2026-04-11 06:00:00 - Badegan,122.67239
2026-04-11 12:00:00 - Badegan,122.50732
2026-04-11 18:00:00 - Badegan,122.756226
2026-04-12 06:00:00 - Badegan,122.47609
2026-04-12 12:00:00 - Badegan,122.4725
2026-04-12 18:00:00 - Badegan,122.5983
2026-04-13 06:00:00 - Badegan,122.74141
2026-04-13 12:00:00 - Badegan,122.642166
2026-04-13 18:00:00 - Badegan,122.39245
2026-04-14 06:00:00 - Badegan,122.46736
2026-04-14 12:00:00 - Badegan,122.45742
2026-04-14 18:00:00 - Badegan,122.39516
2026-04-15 06:00:00 - Badegan,122.485985
2026-04-15 12:00:00 - Badegan,122.50323
2026-04-15 18:00:00 - Badegan,122.52015
2026-04-16 06:00:00 - Badegan,122.40139
2026-04-16 12:00:00 - Badegan,122.43562
2026-04-16 18:00:00 - Badegan,122.41914
2026-04-17 06:00:00 - Badegan,122.410995
2026-04-17 12:00:00 - Badegan,122.43281
2026-04-17 18:00:00 - Badegan,122.46364
2026-04-18 06:00:00 - Badegan,122.40153
2026-04-18 12:00:00 - Badegan,122.4389
2026-04-18 18:00:00 - Badegan,122.46913
2026-04-19 06:00:00 - Badegan,122.43549
2026-04-19 12:00:00 - Badegan,122.49628
2026-04-19 18:00:00 - Badegan,122.46481
2026-04-20 06:00:00 - Badegan,122.4038
2026-04-20 12:00:00 - Badegan,122.4731
2026-04-20 18:00:00 - Badegan,122.68239
2026-04-21 06:00:00 - Badegan,122.43603
2026-04-21 12:00:00 - Badegan,122.47154
2026-04-21 18:00:00 - Badegan,122.532234
2026-04-22 06:00:00 - Badegan,122.4753
2026-04-22 12:00:00 - Badegan,122.494865
2026-04-22 18:00:00 - Badegan,122.83428
2026-04-23 06:00:00 - Badegan,122.5657
2026-04-23 12:00:00 - Badegan,122.530014
2026-04-23 18:00:00 - Badegan,122.64656
2026-04-24 06:00:00 - Badegan,122.542015
2026-04-24 12:00:00 - Badegan,122.53192
2026-04-24 18:00:00 - Badegan,122.55071
2026-04-25 06:00:00 - Badegan,122.539215
2026-04-25 12:00:00 - Badegan,122.4644
2026-04-25 18:00:00 - Badegan,122.50415
2026-04-26 06:00:00 - Badegan,122.48597
2026-04-26 12:00:00 - Badegan,122.48077
2026-04-26 18:00:00 - Badegan,122.50354
2026-04-27 06:00:00 - Badegan,122.42662
2026-04-27 12:00:00 - Badegan,122.47049
2026-04-27 18:00:00 - Badegan,122.42069
2026-04-28 06:00:00 - Badegan,122.47943
2026-04-28 12:00:00 - Badegan,122.421036
2026-04-28 18:00:00 - Badegan,122.49761
2026-04-29 06:00:00 - Badegan,122.51525
2026-04-29 12:00:00 - Badegan,122.55571
2026-04-29 18:00:00 - Badegan,122.482285
2026-04-30 06:00:00 - Badegan,122.6302
2026-04-30 12:00:00 - Badegan,122.51411
2026-04-30 18:00:00 - Badegan,122.75021
2026-05-01 06:00:00 - Badegan,122.86162
2026-05-01 12:00:00 - Badegan,122.70614
2026-05-01 18:00:00 - Badegan,122.31871
2026-05-02 06:00:00 - Badegan,122.48598
2026-05-02 12:00:00 - Badegan,122.45233
2026-05-02 18:00:00 - Badegan,122.520226
2026-05-03 06:00:00 - Badegan,122.44858
2026-05-03 12:00:00 - Badegan,122.46341
2026-05-03 18:00:00 - Badegan,122.48501
2026-05-04 06:00:00 - Badegan,122.487274
2026-05-04 12:00:00 - Badegan,122.4401
2026-05-04 18:00:00 - Badegan,122.41819
2026-05-05 06:00:00 - Badegan,122.37309
2026-05-05 12:00:00 - Badegan,122.41468
2026-05-05 18:00:00 - Badegan,122.385086
2026-05-06 06:00:00 - Badegan,122.38947
2026-05-06 12:00:00 - Badegan,122.38812
2026-05-06 18:00:00 - Badegan,122.38172
2026-05-07 06:00:00 - Badegan,122.39001
2026-05-07 12:00:00 - Badegan,122.36626
2026-05-07 18:00:00 - Badegan,122.416916
2026-05-08 06:00:00 - Badegan,122.40598
2026-05-08 12:00:00 - Badegan,122.44894
2026-05-08 18:00:00 - Badegan,122.45281
2026-05-09 06:00:00 - Badegan,122.386505
2026-05-09 12:00:00 - Badegan,122.35779
2026-05-09 18:00:00 - Badegan,122.39827
2026-05-10 06:00:00 - Badegan,122.39722
2026-05-10 12:00:00 - Badegan,122.42853
2026-05-10 18:00:00 - Badegan,122.45366
2026-05-11 06:00:00 - Badegan,122.367714
2026-05-11 12:00:00 - Badegan,122.39334
2026-05-11 18:00:00 - Badegan,122.27856
2026-05-12 06:00:00 - Badegan,122.37453
2026-05-12 12:00:00 - Badegan,122.392204
2026-05-12 18:00:00 - Badegan,125.8894
2026-05-13 06:00:00 - Badegan,125.85906
2026-05-13 12:00:00 - Badegan,125.947365
2026-05-13 18:00:00 - Badegan,125.99677
2026-05-14 06:00:00 - Badegan,126.40217
2026-05-14 12:00:00 - Badegan,126.91164
2026-05-14 18:00:00 - Badegan,127.22748
2026-05-15 06:00:00 - Badegan,127.146614
2026-05-15 12:00:00 - Badegan,126.96292
2026-05-15 18:00:00 - Badegan,126.927765
2026-05-16 06:00:00 - Badegan,126.931145
2026-05-16 12:00:00 - Badegan,127.002914
2026-05-16 18:00:00 - Badegan,127.03669
2026-05-17 06:00:00 - Badegan,126.947014
2026-05-17 12:00:00 - Badegan,127.01742
2026-05-17 18:00:00 - Badegan,127.03144
2026-05-18 06:00:00 - Badegan,126.937744
2026-05-18 12:00:00 - Badegan,122.47874
2026-05-18 18:00:00 - Badegan,122.46512
2025-09-19 06:00:00 - Bengkelolor,9.591028
2025-09-19 12:00:00 - Bengkelolor,9.493538
2025-09-19 18:00:00 - Bengkelolor,9.179619
2025-09-20 06:00:00 - Bengkelolor,9.208424
2025-09-20 12:00:00 - Bengkelolor,9.241094
2025-09-20 18:00:00 - Bengkelolor,8.933813
2025-09-21 06:00:00 - Bengkelolor,8.925413
2025-09-21 12:00:00 - Bengkelolor,8.906663
2025-09-21 18:00:00 - Bengkelolor,8.90622
2025-09-22 06:00:00 - Bengkelolor,8.931826
2025-09-22 12:00:00 - Bengkelolor,8.932785
2025-09-22 18:00:00 - Bengkelolor,8.909949
2025-09-23 06:00:00 - Bengkelolor,8.951432
2025-09-23 12:00:00 - Bengkelolor,8.945272
2025-09-23 18:00:00 - Bengkelolor,8.953918
2025-09-24 06:00:00 - Bengkelolor,8.970077
2025-09-24 12:00:00 - Bengkelolor,8.956469
2025-09-24 18:00:00 - Bengkelolor,8.917833
2025-09-25 06:00:00 - Bengkelolor,8.951661
2025-09-25 12:00:00 - Bengkelolor,8.904299
2025-09-25 18:00:00 - Bengkelolor,8.836436
2025-09-26 06:00:00 - Bengkelolor,8.74838
2025-09-26 12:00:00 - Bengkelolor,8.86161
2025-09-26 18:00:00 - Bengkelolor,8.898487
2025-09-27 06:00:00 - Bengkelolor,8.842335
2025-09-27 12:00:00 - Bengkelolor,8.943035
2025-09-27 18:00:00 - Bengkelolor,8.919334
2025-09-28 06:00:00 - Bengkelolor,8.94837
2025-09-28 12:00:00 - Bengkelolor,9.004265
2025-09-28 18:00:00 - Bengkelolor,8.925331
2025-09-29 06:00:00 - Bengkelolor,8.967567
2025-09-29 12:00:00 - Bengkelolor,8.900949
2025-09-29 18:00:00 - Bengkelolor,8.94973
2025-09-30 06:00:00 - Bengkelolor,8.993032
2025-09-30 12:00:00 - Bengkelolor,8.893395
2025-09-30 18:00:00 - Bengkelolor,9.167859
2025-10-01 06:00:00 - Bengkelolor,9.321058
2025-10-01 12:00:00 - Bengkelolor,8.8436365
2025-10-01 18:00:00 - Bengkelolor,8.9417305
2025-10-02 06:00:00 - Bengkelolor,8.925841
2025-10-02 12:00:00 - Bengkelolor,8.627069
2025-10-02 18:00:00 - Bengkelolor,8.683222
2025-10-03 06:00:00 - Bengkelolor,8.946341
2025-10-03 12:00:00 - Bengkelolor,8.809224
2025-10-03 18:00:00 - Bengkelolor,8.879252
2025-10-04 06:00:00 - Bengkelolor,8.824974
2025-10-04 12:00:00 - Bengkelolor,8.697621
2025-10-04 18:00:00 - Bengkelolor,9.125811
2025-10-05 06:00:00 - Bengkelolor,8.833222
2025-10-05 12:00:00 - Bengkelolor,8.751597
2025-10-05 18:00:00 - Bengkelolor,8.621963
2025-10-06 06:00:00 - Bengkelolor,8.595255
2025-10-06 12:00:00 - Bengkelolor,8.571622
2025-10-06 18:00:00 - Bengkelolor,8.586899
2025-10-07 06:00:00 - Bengkelolor,8.622938
2025-10-07 12:00:00 - Bengkelolor,8.6053705
2025-10-07 18:00:00 - Bengkelolor,8.93173
2025-10-08 06:00:00 - Bengkelolor,8.5171585
2025-10-08 12:00:00 - Bengkelolor,8.612156
2025-10-08 18:00:00 - Bengkelolor,8.754653
2025-10-09 06:00:00 - Bengkelolor,8.739784
2025-10-09 12:00:00 - Bengkelolor,8.689879
2025-10-09 18:00:00 - Bengkelolor,9.00063
2025-10-10 06:00:00 - Bengkelolor,8.715514
2025-10-10 12:00:00 - Bengkelolor,8.80038
2025-10-10 18:00:00 - Bengkelolor,9.15013
2025-10-11 06:00:00 - Bengkelolor,8.902174
2025-10-11 12:00:00 - Bengkelolor,8.880048
2025-10-11 18:00:00 - Bengkelolor,9.01126
2025-10-12 06:00:00 - Bengkelolor,9.119043
2025-10-12 12:00:00 - Bengkelolor,8.754901
2025-10-12 18:00:00 - Bengkelolor,8.80973
2025-10-13 06:00:00 - Bengkelolor,8.8520155
2025-10-13 12:00:00 - Bengkelolor,8.845393
2025-10-13 18:00:00 - Bengkelolor,8.799152
2025-10-14 06:00:00 - Bengkelolor,8.811474
2025-10-14 12:00:00 - Bengkelolor,8.764162
2025-10-14 18:00:00 - Bengkelolor,8.676582
2025-10-15 06:00:00 - Bengkelolor,8.869507
2025-10-15 12:00:00 - Bengkelolor,8.896359
2025-10-15 18:00:00 - Bengkelolor,8.84413
2025-10-16 06:00:00 - Bengkelolor,8.8625765
2025-10-16 12:00:00 - Bengkelolor,8.787455
2025-10-16 18:00:00 - Bengkelolor,8.610304
2025-10-17 06:00:00 - Bengkelolor,8.941092
2025-10-17 12:00:00 - Bengkelolor,8.869816
2025-10-17 18:00:00 - Bengkelolor,8.588652
2025-10-18 06:00:00 - Bengkelolor,8.878848
2025-10-18 12:00:00 - Bengkelolor,8.67642
2025-10-18 18:00:00 - Bengkelolor,8.867214
2025-10-19 06:00:00 - Bengkelolor,9.017913
2025-10-19 12:00:00 - Bengkelolor,8.888741
2025-10-19 18:00:00 - Bengkelolor,8.71864
2025-10-20 06:00:00 - Bengkelolor,8.68808
2025-10-20 12:00:00 - Bengkelolor,8.508214
2025-10-20 18:00:00 - Bengkelolor,7.95259
2025-10-21 06:00:00 - Bengkelolor,8.468683
2025-10-21 12:00:00 - Bengkelolor,8.8770075
2025-10-21 18:00:00 - Bengkelolor,8.9910965
2025-10-22 06:00:00 - Bengkelolor,9.046821
2025-10-22 12:00:00 - Bengkelolor,9.198778
2025-10-22 18:00:00 - Bengkelolor,9.148606
2025-10-23 06:00:00 - Bengkelolor,9.093369
2025-10-23 12:00:00 - Bengkelolor,9.433907
2025-10-23 18:00:00 - Bengkelolor,9.332379
2025-10-24 06:00:00 - Bengkelolor,9.476512
2025-10-24 12:00:00 - Bengkelolor,9.782673
2025-10-24 18:00:00 - Bengkelolor,9.65787
2025-10-25 06:00:00 - Bengkelolor,9.875006
2025-10-25 12:00:00 - Bengkelolor,9.998096
2025-10-25 18:00:00 - Bengkelolor,10.067723
2025-10-26 06:00:00 - Bengkelolor,9.895767
2025-10-26 12:00:00 - Bengkelolor,9.957223
2025-10-26 18:00:00 - Bengkelolor,9.8639
2025-10-27 06:00:00 - Bengkelolor,10.01214
2025-10-27 12:00:00 - Bengkelolor,10.043554
2025-10-27 18:00:00 - Bengkelolor,10.022956
2025-10-28 06:00:00 - Bengkelolor,9.930486
2025-10-28 12:00:00 - Bengkelolor,9.801327
2025-10-28 18:00:00 - Bengkelolor,9.797919
2025-10-29 06:00:00 - Bengkelolor,10.081333
2025-10-29 12:00:00 - Bengkelolor,9.960998
2025-10-29 18:00:00 - Bengkelolor,10.032887
2025-10-30 06:00:00 - Bengkelolor,9.928667
2025-10-30 12:00:00 - Bengkelolor,9.77124
2025-10-30 18:00:00 - Bengkelolor,9.906057
2025-10-31 06:00:00 - Bengkelolor,9.765726
2025-10-31 12:00:00 - Bengkelolor,9.865438
2025-10-31 18:00:00 - Bengkelolor,10.046038
2025-11-01 06:00:00 - Bengkelolor,9.940843
2025-11-01 12:00:00 - Bengkelolor,10.074379
2025-11-01 18:00:00 - Bengkelolor,9.812222
2025-11-02 06:00:00 - Bengkelolor,10.031552
2025-11-02 12:00:00 - Bengkelolor,9.76895
2025-11-02 18:00:00 - Bengkelolor,9.762519
2025-11-03 06:00:00 - Bengkelolor,9.991525
2025-11-03 12:00:00 - Bengkelolor,9.894496
2025-11-03 18:00:00 - Bengkelolor,9.797936
2025-11-04 06:00:00 - Bengkelolor,9.939314
2025-11-04 12:00:00 - Bengkelolor,9.875393
2025-11-04 18:00:00 - Bengkelolor,9.874696
2025-11-05 06:00:00 - Bengkelolor,10.021786
2025-11-05 12:00:00 - Bengkelolor,10.117524
2025-11-05 18:00:00 - Bengkelolor,10.225395
2025-11-06 06:00:00 - Bengkelolor,10.283599
2025-11-06 12:00:00 - Bengkelolor,10.207963
2025-11-06 18:00:00 - Bengkelolor,10.065638
2025-11-07 06:00:00 - Bengkelolor,10.0126705
2025-11-07 12:00:00 - Bengkelolor,10.157322
2025-11-07 18:00:00 - Bengkelolor,9.606568
2025-11-08 06:00:00 - Bengkelolor,9.897322
2025-11-08 12:00:00 - Bengkelolor,10.029536
2025-11-08 18:00:00 - Bengkelolor,9.8879175
2025-11-09 06:00:00 - Bengkelolor,10.300253
2025-11-09 12:00:00 - Bengkelolor,10.423932
2025-11-09 18:00:00 - Bengkelolor,10.2195835
2025-11-10 06:00:00 - Bengkelolor,10.398799
2025-11-10 12:00:00 - Bengkelolor,10.396362
2025-11-10 18:00:00 - Bengkelolor,10.528237
2025-11-11 06:00:00 - Bengkelolor,10.740266
2025-11-11 12:00:00 - Bengkelolor,10.793194
2025-11-11 18:00:00 - Bengkelolor,10.669601
2025-11-12 06:00:00 - Bengkelolor,10.870744
2025-11-12 12:00:00 - Bengkelolor,11.157858
2025-11-12 18:00:00 - Bengkelolor,10.685165
2025-11-13 06:00:00 - Bengkelolor,10.769946
2025-11-13 12:00:00 - Bengkelolor,10.61806
2025-11-13 18:00:00 - Bengkelolor,10.669424
2025-11-14 06:00:00 - Bengkelolor,10.507849
2025-11-14 12:00:00 - Bengkelolor,10.535684
2025-11-14 18:00:00 - Bengkelolor,10.442592
2025-11-15 06:00:00 - Bengkelolor,10.255847
2025-11-15 12:00:00 - Bengkelolor,10.273546
2025-11-15 18:00:00 - Bengkelolor,10.372569
2025-11-16 06:00:00 - Bengkelolor,10.431082
2025-11-16 12:00:00 - Bengkelolor,10.577554
2025-11-16 18:00:00 - Bengkelolor,10.3698635
2025-11-17 06:00:00 - Bengkelolor,10.391433
2025-11-17 12:00:00 - Bengkelolor,10.590774
2025-11-17 18:00:00 - Bengkelolor,10.541192
2025-11-18 06:00:00 - Bengkelolor,10.441718
2025-11-18 12:00:00 - Bengkelolor,10.477442
2025-11-18 18:00:00 - Bengkelolor,10.673881
2025-11-19 06:00:00 - Bengkelolor,10.693044
2025-11-19 12:00:00 - Bengkelolor,10.72003
2025-11-19 18:00:00 - Bengkelolor,10.578786
2025-11-20 06:00:00 - Bengkelolor,10.435973
2025-11-20 12:00:00 - Bengkelolor,10.434965
2025-11-20 18:00:00 - Bengkelolor,10.272286
2025-11-21 06:00:00 - Bengkelolor,10.514771
2025-11-21 12:00:00 - Bengkelolor,10.380873
2025-11-21 18:00:00 - Bengkelolor,10.446616
2025-11-22 06:00:00 - Bengkelolor,10.480438
2025-11-22 12:00:00 - Bengkelolor,10.414427
2025-11-22 18:00:00 - Bengkelolor,10.322648
2025-11-23 06:00:00 - Bengkelolor,10.601471
2025-11-23 12:00:00 - Bengkelolor,10.597837
2025-11-23 18:00:00 - Bengkelolor,10.632861
2025-11-24 06:00:00 - Bengkelolor,10.988385
2025-11-24 12:00:00 - Bengkelolor,10.73291
2025-11-24 18:00:00 - Bengkelolor,10.65253
2025-11-25 06:00:00 - Bengkelolor,10.3565235
2025-11-25 12:00:00 - Bengkelolor,10.457654
2025-11-25 18:00:00 - Bengkelolor,10.339287
2025-11-26 06:00:00 - Bengkelolor,10.288976
2025-11-26 12:00:00 - Bengkelolor,10.378239
2025-11-26 18:00:00 - Bengkelolor,10.301156
2025-11-27 06:00:00 - Bengkelolor,10.190992
2025-11-27 12:00:00 - Bengkelolor,10.389896
2025-11-27 18:00:00 - Bengkelolor,10.387183
2025-11-28 06:00:00 - Bengkelolor,10.30311
2025-11-28 12:00:00 - Bengkelolor,10.361085
2025-11-28 18:00:00 - Bengkelolor,10.363217
2025-11-29 06:00:00 - Bengkelolor,10.152339
2025-11-29 12:00:00 - Bengkelolor,10.184753
2025-11-29 18:00:00 - Bengkelolor,10.362654
2025-11-30 06:00:00 - Bengkelolor,10.223495
2025-11-30 12:00:00 - Bengkelolor,10.338477
2025-11-30 18:00:00 - Bengkelolor,10.422409
2025-12-01 06:00:00 - Bengkelolor,11.256281
2025-12-01 12:00:00 - Bengkelolor,11.048346
2025-12-01 18:00:00 - Bengkelolor,10.877228
2025-12-02 06:00:00 - Bengkelolor,10.513112
2025-12-02 12:00:00 - Bengkelolor,10.638027
2025-12-02 18:00:00 - Bengkelolor,10.791285
2025-12-03 06:00:00 - Bengkelolor,10.761185
2025-12-03 12:00:00 - Bengkelolor,10.912654
2025-12-03 18:00:00 - Bengkelolor,10.987704
2025-12-04 06:00:00 - Bengkelolor,10.987465
2025-12-04 12:00:00 - Bengkelolor,11.021925
2025-12-04 18:00:00 - Bengkelolor,11.495958
2025-12-05 06:00:00 - Bengkelolor,11.204647
2025-12-05 12:00:00 - Bengkelolor,10.995552
2025-12-05 18:00:00 - Bengkelolor,11.103104
2025-12-06 06:00:00 - Bengkelolor,11.096724
2025-12-06 12:00:00 - Bengkelolor,11.417744
2025-12-06 18:00:00 - Bengkelolor,11.271917
2025-12-07 06:00:00 - Bengkelolor,10.822912
2025-12-07 12:00:00 - Bengkelolor,11.009924
2025-12-07 18:00:00 - Bengkelolor,11.527096
2025-12-08 06:00:00 - Bengkelolor,11.069885
2025-12-08 12:00:00 - Bengkelolor,10.712498
2025-12-08 18:00:00 - Bengkelolor,11.34479
2025-12-09 06:00:00 - Bengkelolor,10.6418495
2025-12-09 12:00:00 - Bengkelolor,10.706803
2025-12-09 18:00:00 - Bengkelolor,11.243361
2025-12-10 06:00:00 - Bengkelolor,10.810046
2025-12-10 12:00:00 - Bengkelolor,10.931991
2025-12-10 18:00:00 - Bengkelolor,11.441992
2025-12-11 06:00:00 - Bengkelolor,10.867264
2025-12-11 12:00:00 - Bengkelolor,11.12624
2025-12-11 18:00:00 - Bengkelolor,10.922519
2025-12-12 06:00:00 - Bengkelolor,10.71336
2025-12-12 12:00:00 - Bengkelolor,10.642674
2025-12-12 18:00:00 - Bengkelolor,10.302937
2025-12-13 06:00:00 - Bengkelolor,10.4441595
2025-12-13 12:00:00 - Bengkelolor,10.364928
2025-12-13 18:00:00 - Bengkelolor,10.277904
2025-12-14 06:00:00 - Bengkelolor,10.954443
2025-12-14 12:00:00 - Bengkelolor,10.7097645
2025-12-14 18:00:00 - Bengkelolor,11.122826
2025-12-15 06:00:00 - Bengkelolor,10.771163
2025-12-15 12:00:00 - Bengkelolor,10.910642
2025-12-15 18:00:00 - Bengkelolor,11.010724
2025-12-16 06:00:00 - Bengkelolor,10.664033
2025-12-16 12:00:00 - Bengkelolor,10.476675
2025-12-16 18:00:00 - Bengkelolor,10.524646
2025-12-17 06:00:00 - Bengkelolor,10.549179
2025-12-17 12:00:00 - Bengkelolor,10.683954
2025-12-17 18:00:00 - Bengkelolor,10.726904
2025-12-18 06:00:00 - Bengkelolor,11.109178
2025-12-18 12:00:00 - Bengkelolor,11.121335
2025-12-18 18:00:00 - Bengkelolor,10.978075
2025-12-19 06:00:00 - Bengkelolor,11.117971
2025-12-19 12:00:00 - Bengkelolor,11.232889
2025-12-19 18:00:00 - Bengkelolor,11.237792
2025-12-20 06:00:00 - Bengkelolor,11.657536
2025-12-20 12:00:00 - Bengkelolor,10.992023
2025-12-20 18:00:00 - Bengkelolor,10.861141
2025-12-21 06:00:00 - Bengkelolor,11.363569
2025-12-21 12:00:00 - Bengkelolor,11.408889
2025-12-21 18:00:00 - Bengkelolor,11.311881
2025-12-22 06:00:00 - Bengkelolor,12.477894
2025-12-22 12:00:00 - Bengkelolor,11.963322
2025-12-22 18:00:00 - Bengkelolor,12.385242
2025-12-23 06:00:00 - Bengkelolor,11.413487
2025-12-23 12:00:00 - Bengkelolor,11.549542
2025-12-23 18:00:00 - Bengkelolor,11.960489
2025-12-24 06:00:00 - Bengkelolor,11.7664995
2025-12-24 12:00:00 - Bengkelolor,11.183053
2025-12-24 18:00:00 - Bengkelolor,11.681825
2025-12-25 06:00:00 - Bengkelolor,10.514359
2025-12-25 12:00:00 - Bengkelolor,10.963283
2025-12-25 18:00:00 - Bengkelolor,11.457366
2025-12-26 06:00:00 - Bengkelolor,11.015825
2025-12-26 12:00:00 - Bengkelolor,11.284677
2025-12-26 18:00:00 - Bengkelolor,10.823042
2025-12-27 06:00:00 - Bengkelolor,10.494664
2025-12-27 12:00:00 - Bengkelolor,10.868696
2025-12-27 18:00:00 - Bengkelolor,11.123117
2025-12-28 06:00:00 - Bengkelolor,10.115628
2025-12-28 12:00:00 - Bengkelolor,10.780125
2025-12-28 18:00:00 - Bengkelolor,10.630506
2025-12-29 06:00:00 - Bengkelolor,10.819118
2025-12-29 12:00:00 - Bengkelolor,10.556181
2025-12-29 18:00:00 - Bengkelolor,11.27324
2025-12-30 06:00:00 - Bengkelolor,10.01419
2025-12-30 12:00:00 - Bengkelolor,10.232603
2025-12-30 18:00:00 - Bengkelolor,10.583551
2025-12-31 06:00:00 - Bengkelolor,10.140124
2025-12-31 12:00:00 - Bengkelolor,10.119205
2025-12-31 18:00:00 - Bengkelolor,10.332004
2026-01-01 06:00:00 - Bengkelolor,10.545812
2026-01-01 12:00:00 - Bengkelolor,10.949841
2026-01-01 18:00:00 - Bengkelolor,10.642163
2026-01-02 06:00:00 - Bengkelolor,10.704324
2026-01-02 12:00:00 - Bengkelolor,11.041709
2026-01-02 18:00:00 - Bengkelolor,11.148866
2026-01-03 06:00:00 - Bengkelolor,10.653674
2026-01-03 12:00:00 - Bengkelolor,11.002381
2026-01-03 18:00:00 - Bengkelolor,10.513325
2026-01-04 06:00:00 - Bengkelolor,10.488243
2026-01-04 12:00:00 - Bengkelolor,10.748259
2026-01-04 18:00:00 - Bengkelolor,10.702007
2026-01-05 06:00:00 - Bengkelolor,10.401475
2026-01-05 12:00:00 - Bengkelolor,10.344567
2026-01-05 18:00:00 - Bengkelolor,10.472488
2026-01-06 06:00:00 - Bengkelolor,10.478995
2026-01-06 12:00:00 - Bengkelolor,10.883168
2026-01-06 18:00:00 - Bengkelolor,10.945902
2026-01-07 06:00:00 - Bengkelolor,10.268162
2026-01-07 12:00:00 - Bengkelolor,10.28791
2026-01-07 18:00:00 - Bengkelolor,10.349462
2026-01-08 06:00:00 - Bengkelolor,10.513305
2026-01-08 12:00:00 - Bengkelolor,10.192475
2026-01-08 18:00:00 - Bengkelolor,10.477738
2026-01-09 06:00:00 - Bengkelolor,10.378772
2026-01-09 12:00:00 - Bengkelolor,10.526463
2026-01-09 18:00:00 - Bengkelolor,10.397501
2026-01-10 06:00:00 - Bengkelolor,10.468417
2026-01-10 12:00:00 - Bengkelolor,10.822716
2026-01-10 18:00:00 - Bengkelolor,11.329598
2026-01-11 06:00:00 - Bengkelolor,11.69648
2026-01-11 12:00:00 - Bengkelolor,11.631976
2026-01-11 18:00:00 - Bengkelolor,11.1877985
2026-01-12 06:00:00 - Bengkelolor,11.190088
2026-01-12 12:00:00 - Bengkelolor,12.149761
2026-01-12 18:00:00 - Bengkelolor,11.89432
2026-01-13 06:00:00 - Bengkelolor,12.517036
2026-01-13 12:00:00 - Bengkelolor,12.31845
2026-01-13 18:00:00 - Bengkelolor,12.285992
2026-01-14 06:00:00 - Bengkelolor,11.97201
2026-01-14 12:00:00 - Bengkelolor,12.127786
2026-01-14 18:00:00 - Bengkelolor,11.809617
2026-01-15 06:00:00 - Bengkelolor,11.682884
2026-01-15 12:00:00 - Bengkelolor,11.650928
2026-01-15 18:00:00 - Bengkelolor,11.690341
2026-01-16 06:00:00 - Bengkelolor,11.39331
2026-01-16 12:00:00 - Bengkelolor,12.138693
2026-01-16 18:00:00 - Bengkelolor,12.14761
2026-01-17 06:00:00 - Bengkelolor,11.119439
2026-01-17 12:00:00 - Bengkelolor,11.287866
2026-01-17 18:00:00 - Bengkelolor,11.820529
2026-01-18 06:00:00 - Bengkelolor,11.61172
2026-01-18 12:00:00 - Bengkelolor,11.857975
2026-01-18 18:00:00 - Bengkelolor,11.900614
2026-01-19 06:00:00 - Bengkelolor,11.649519
2026-01-19 12:00:00 - Bengkelolor,11.908398
2026-01-19 18:00:00 - Bengkelolor,11.664901
2026-01-20 06:00:00 - Bengkelolor,11.151885
2026-01-20 12:00:00 - Bengkelolor,11.835269
2026-01-20 18:00:00 - Bengkelolor,11.109944
2026-01-21 06:00:00 - Bengkelolor,11.779276
2026-01-21 12:00:00 - Bengkelolor,11.822345
2026-01-21 18:00:00 - Bengkelolor,12.167089
2026-01-22 06:00:00 - Bengkelolor,11.897652
2026-01-22 12:00:00 - Bengkelolor,11.786183
2026-01-22 18:00:00 - Bengkelolor,11.594778
2026-01-23 06:00:00 - Bengkelolor,11.374607
2026-01-23 12:00:00 - Bengkelolor,12.231052
2026-01-23 18:00:00 - Bengkelolor,11.915189
2026-01-24 06:00:00 - Bengkelolor,11.588911
2026-01-24 12:00:00 - Bengkelolor,11.699582
2026-01-24 18:00:00 - Bengkelolor,11.573626
2026-01-25 06:00:00 - Bengkelolor,11.160899
2026-01-25 12:00:00 - Bengkelolor,11.334802
2026-01-25 18:00:00 - Bengkelolor,11.39506
2026-01-26 06:00:00 - Bengkelolor,10.727042
2026-01-26 12:00:00 - Bengkelolor,10.56024
2026-01-26 18:00:00 - Bengkelolor,10.833414
2026-01-27 06:00:00 - Bengkelolor,10.580473
2026-01-27 12:00:00 - Bengkelolor,11.111133
2026-01-27 18:00:00 - Bengkelolor,11.218726
2026-01-28 06:00:00 - Bengkelolor,11.487497
2026-01-28 12:00:00 - Bengkelolor,11.599458
2026-01-28 18:00:00 - Bengkelolor,11.43639
2026-01-29 06:00:00 - Bengkelolor,11.237665
2026-01-29 12:00:00 - Bengkelolor,11.237941
2026-01-29 18:00:00 - Bengkelolor,11.233435
2026-01-30 06:00:00 - Bengkelolor,10.895389
2026-01-30 12:00:00 - Bengkelolor,11.041923
2026-01-30 18:00:00 - Bengkelolor,10.928588
2026-01-31 06:00:00 - Bengkelolor,10.45661
2026-01-31 12:00:00 - Bengkelolor,11.030267
2026-01-31 18:00:00 - Bengkelolor,11.331567
2026-02-01 06:00:00 - Bengkelolor,10.849165
2026-02-01 12:00:00 - Bengkelolor,11.291914
2026-02-01 18:00:00 - Bengkelolor,11.507518
2026-02-02 06:00:00 - Bengkelolor,11.224982
2026-02-02 12:00:00 - Bengkelolor,11.55298
2026-02-02 18:00:00 - Bengkelolor,11.249022
2026-02-03 06:00:00 - Bengkelolor,11.129753
2026-02-03 12:00:00 - Bengkelolor,11.757495
2026-02-03 18:00:00 - Bengkelolor,11.565252
2026-02-04 06:00:00 - Bengkelolor,11.084594
2026-02-04 12:00:00 - Bengkelolor,11.59486
2026-02-04 18:00:00 - Bengkelolor,11.7484045
2026-02-05 06:00:00 - Bengkelolor,11.50625
2026-02-05 12:00:00 - Bengkelolor,12.110488
2026-02-05 18:00:00 - Bengkelolor,12.14043
2026-02-06 06:00:00 - Bengkelolor,11.38513
2026-02-06 12:00:00 - Bengkelolor,11.771715
2026-02-06 18:00:00 - Bengkelolor,12.182541
2026-02-07 06:00:00 - Bengkelolor,11.576089
2026-02-07 12:00:00 - Bengkelolor,11.563768
2026-02-07 18:00:00 - Bengkelolor,11.438776
2026-02-08 06:00:00 - Bengkelolor,11.826107
2026-02-08 12:00:00 - Bengkelolor,11.703033
2026-02-08 18:00:00 - Bengkelolor,11.664054
2026-02-09 06:00:00 - Bengkelolor,11.417951
2026-02-09 12:00:00 - Bengkelolor,11.479499
2026-02-09 18:00:00 - Bengkelolor,11.3818
2026-02-10 06:00:00 - Bengkelolor,11.740117
2026-02-10 12:00:00 - Bengkelolor,11.451878
2026-02-10 18:00:00 - Bengkelolor,11.496026
2026-02-11 06:00:00 - Bengkelolor,11.831849
2026-02-11 12:00:00 - Bengkelolor,11.663136
2026-02-11 18:00:00 - Bengkelolor,11.450883
2026-02-12 06:00:00 - Bengkelolor,11.720735
2026-02-12 12:00:00 - Bengkelolor,11.913794
2026-02-12 18:00:00 - Bengkelolor,12.406331
2026-02-13 06:00:00 - Bengkelolor,12.160478
2026-02-13 12:00:00 - Bengkelolor,12.082489
2026-02-13 18:00:00 - Bengkelolor,12.306202
2026-02-14 06:00:00 - Bengkelolor,11.951754
2026-02-14 12:00:00 - Bengkelolor,11.535769
2026-02-14 18:00:00 - Bengkelolor,11.556351
2026-02-15 06:00:00 - Bengkelolor,11.536997
2026-02-15 12:00:00 - Bengkelolor,11.749028
2026-02-15 18:00:00 - Bengkelolor,11.875057
2026-02-16 06:00:00 - Bengkelolor,11.583988
2026-02-16 12:00:00 - Bengkelolor,12.080924
2026-02-16 18:00:00 - Bengkelolor,12.301919
2026-02-17 06:00:00 - Bengkelolor,11.517102
2026-02-17 12:00:00 - Bengkelolor,11.208539
2026-02-17 18:00:00 - Bengkelolor,11.368388
2026-02-18 06:00:00 - Bengkelolor,11.677758
2026-02-18 12:00:00 - Bengkelolor,11.41425
2026-02-18 18:00:00 - Bengkelolor,11.744663
2026-02-19 06:00:00 - Bengkelolor,12.140121
2026-02-19 12:00:00 - Bengkelolor,11.684242
2026-02-19 18:00:00 - Bengkelolor,11.735467
2026-02-20 06:00:00 - Bengkelolor,11.667531
2026-02-20 12:00:00 - Bengkelolor,11.315858
2026-02-20 18:00:00 - Bengkelolor,11.473638
2026-02-21 06:00:00 - Bengkelolor,11.415399
2026-02-21 12:00:00 - Bengkelolor,11.345077
2026-02-21 18:00:00 - Bengkelolor,11.288001
2026-02-22 06:00:00 - Bengkelolor,11.3089075
2026-02-22 12:00:00 - Bengkelolor,11.228807
2026-02-22 18:00:00 - Bengkelolor,11.0084915
2026-02-23 06:00:00 - Bengkelolor,11.493332
2026-02-23 12:00:00 - Bengkelolor,11.458117
2026-02-23 18:00:00 - Bengkelolor,11.018976
2026-02-24 06:00:00 - Bengkelolor,11.278584
2026-02-24 12:00:00 - Bengkelolor,11.442657
2026-02-24 18:00:00 - Bengkelolor,11.678838
2026-02-25 06:00:00 - Bengkelolor,11.203807
2026-02-25 12:00:00 - Bengkelolor,11.067837
2026-02-25 18:00:00 - Bengkelolor,11.02462
2026-02-26 06:00:00 - Bengkelolor,10.8575535
2026-02-26 12:00:00 - Bengkelolor,10.772152
2026-02-26 18:00:00 - Bengkelolor,10.841398
2026-02-27 06:00:00 - Bengkelolor,10.859731
2026-02-27 12:00:00 - Bengkelolor,10.751871
2026-02-27 18:00:00 - Bengkelolor,10.812002
2026-02-28 06:00:00 - Bengkelolor,10.884525
2026-02-28 12:00:00 - Bengkelolor,10.877672
2026-02-28 18:00:00 - Bengkelolor,10.905346
2026-03-01 06:00:00 - Bengkelolor,10.955786
2026-03-01 12:00:00 - Bengkelolor,10.844624
2026-03-01 18:00:00 - Bengkelolor,10.751987
2026-03-02 06:00:00 - Bengkelolor,10.648915
2026-03-02 12:00:00 - Bengkelolor,10.601797
2026-03-02 18:00:00 - Bengkelolor,10.600146
2026-03-03 06:00:00 - Bengkelolor,11.011353
2026-03-03 12:00:00 - Bengkelolor,10.999353
2026-03-03 18:00:00 - Bengkelolor,10.508541
2026-03-04 06:00:00 - Bengkelolor,11.013952
2026-03-04 12:00:00 - Bengkelolor,11.004866
2026-03-04 18:00:00 - Bengkelolor,11.067779
2026-03-05 06:00:00 - Bengkelolor,11.044786
2026-03-05 12:00:00 - Bengkelolor,11.048582
2026-03-05 18:00:00 - Bengkelolor,11.327942
2026-03-06 06:00:00 - Bengkelolor,11.174079
2026-03-06 12:00:00 - Bengkelolor,11.24285
2026-03-06 18:00:00 - Bengkelolor,11.220917
2026-03-07 06:00:00 - Bengkelolor,11.162014
2026-03-07 12:00:00 - Bengkelolor,11.162511
2026-03-07 18:00:00 - Bengkelolor,10.999445
2026-03-08 06:00:00 - Bengkelolor,11.273415
2026-03-08 12:00:00 - Bengkelolor,11.351512
2026-03-08 18:00:00 - Bengkelolor,11.059377
2026-03-09 06:00:00 - Bengkelolor,11.194083
2026-03-09 12:00:00 - Bengkelolor,10.857305
2026-03-09 18:00:00 - Bengkelolor,10.762212
2026-03-10 06:00:00 - Bengkelolor,10.909616
2026-03-10 12:00:00 - Bengkelolor,10.928852
2026-03-10 18:00:00 - Bengkelolor,10.868638
2026-03-11 06:00:00 - Bengkelolor,10.561276
2026-03-11 12:00:00 - Bengkelolor,10.476032
2026-03-11 18:00:00 - Bengkelolor,10.46545
2026-03-12 06:00:00 - Bengkelolor,10.432424
2026-03-12 12:00:00 - Bengkelolor,10.368899
2026-03-12 18:00:00 - Bengkelolor,10.334883
2026-03-13 06:00:00 - Bengkelolor,10.546168
2026-03-13 12:00:00 - Bengkelolor,10.440462
2026-03-13 18:00:00 - Bengkelolor,10.558371
2026-03-14 06:00:00 - Bengkelolor,10.5160055
2026-03-14 12:00:00 - Bengkelolor,10.533577
2026-03-14 18:00:00 - Bengkelolor,10.444629
2026-03-15 06:00:00 - Bengkelolor,10.461729
2026-03-15 12:00:00 - Bengkelolor,10.447126
2026-03-15 18:00:00 - Bengkelolor,10.623041
2026-03-16 06:00:00 - Bengkelolor,10.777707
2026-03-16 12:00:00 - Bengkelolor,10.817674
2026-03-16 18:00:00 - Bengkelolor,10.827509
2026-03-17 06:00:00 - Bengkelolor,10.746752
2026-03-17 12:00:00 - Bengkelolor,10.991598
2026-03-17 18:00:00 - Bengkelolor,10.734752
2026-03-18 06:00:00 - Bengkelolor,10.72142
2026-03-18 12:00:00 - Bengkelolor,10.9971485
2026-03-18 18:00:00 - Bengkelolor,10.658601
2026-03-19 06:00:00 - Bengkelolor,10.515441
2026-03-19 12:00:00 - Bengkelolor,10.734096
2026-03-19 18:00:00 - Bengkelolor,10.502508
2026-03-20 06:00:00 - Bengkelolor,10.761824
2026-03-20 12:00:00 - Bengkelolor,10.669538
2026-03-20 18:00:00 - Bengkelolor,10.560689
2026-03-21 06:00:00 - Bengkelolor,11.242899
2026-03-21 12:00:00 - Bengkelolor,10.738969
2026-03-21 18:00:00 - Bengkelolor,10.748468
2026-03-22 06:00:00 - Bengkelolor,10.767687
2026-03-22 12:00:00 - Bengkelolor,10.847421
2026-03-22 18:00:00 - Bengkelolor,10.661629
2026-03-23 06:00:00 - Bengkelolor,10.43455
2026-03-23 12:00:00 - Bengkelolor,10.452005
2026-03-23 18:00:00 - Bengkelolor,10.576399
2026-03-24 06:00:00 - Bengkelolor,10.357981
2026-03-24 12:00:00 - Bengkelolor,10.303557
2026-03-24 18:00:00 - Bengkelolor,10.30525
2026-03-25 06:00:00 - Bengkelolor,10.395622
2026-03-25 12:00:00 - Bengkelolor,10.34211
2026-03-25 18:00:00 - Bengkelolor,10.357739
2026-03-26 06:00:00 - Bengkelolor,10.522509
2026-03-26 12:00:00 - Bengkelolor,10.565287
2026-03-26 18:00:00 - Bengkelolor,10.457584
2026-03-27 06:00:00 - Bengkelolor,10.610867
2026-03-27 12:00:00 - Bengkelolor,10.5380125
2026-03-27 18:00:00 - Bengkelolor,10.691028
2026-03-28 06:00:00 - Bengkelolor,11.21285
2026-03-28 12:00:00 - Bengkelolor,10.910277
2026-03-28 18:00:00 - Bengkelolor,10.623176
2026-03-29 06:00:00 - Bengkelolor,10.825874
2026-03-29 12:00:00 - Bengkelolor,10.927528
2026-03-29 18:00:00 - Bengkelolor,10.922903
2026-03-30 06:00:00 - Bengkelolor,11.28749
2026-03-30 12:00:00 - Bengkelolor,11.317767
2026-03-30 18:00:00 - Bengkelolor,11.324984
2026-03-31 06:00:00 - Bengkelolor,11.619236
2026-03-31 12:00:00 - Bengkelolor,11.340394
2026-03-31 18:00:00 - Bengkelolor,11.314533
2026-04-01 06:00:00 - Bengkelolor,11.094444
2026-04-01 12:00:00 - Bengkelolor,10.998999
2026-04-01 18:00:00 - Bengkelolor,10.839429
2026-04-02 06:00:00 - Bengkelolor,10.6328335
2026-04-02 12:00:00 - Bengkelolor,10.694303
2026-04-02 18:00:00 - Bengkelolor,10.596726
2026-04-03 06:00:00 - Bengkelolor,11.32069
2026-04-03 12:00:00 - Bengkelolor,11.495175
2026-04-03 18:00:00 - Bengkelolor,11.357478
2026-04-04 06:00:00 - Bengkelolor,10.833291
2026-04-04 12:00:00 - Bengkelolor,10.870553
2026-04-04 18:00:00 - Bengkelolor,10.8794155
2026-04-05 06:00:00 - Bengkelolor,10.675898
2026-04-05 12:00:00 - Bengkelolor,10.544004
2026-04-05 18:00:00 - Bengkelolor,10.558528
2026-04-06 06:00:00 - Bengkelolor,10.551598
2026-04-06 12:00:00 - Bengkelolor,10.420412
2026-04-06 18:00:00 - Bengkelolor,10.271451
2026-04-07 06:00:00 - Bengkelolor,10.464511
2026-04-07 12:00:00 - Bengkelolor,10.565817
2026-04-07 18:00:00 - Bengkelolor,10.587303
2026-04-08 06:00:00 - Bengkelolor,10.3956995
2026-04-08 12:00:00 - Bengkelolor,10.801822
2026-04-08 18:00:00 - Bengkelolor,10.673842
2026-04-09 06:00:00 - Bengkelolor,10.509986
2026-04-09 12:00:00 - Bengkelolor,10.699597
2026-04-09 18:00:00 - Bengkelolor,10.642791
2026-04-10 06:00:00 - Bengkelolor,10.607799
2026-04-10 12:00:00 - Bengkelolor,10.593374
2026-04-10 18:00:00 - Bengkelolor,10.301441
2026-04-11 06:00:00 - Bengkelolor,10.734417
2026-04-11 12:00:00 - Bengkelolor,10.819643
2026-04-11 18:00:00 - Bengkelolor,10.230942
2026-04-12 06:00:00 - Bengkelolor,11.148912
2026-04-12 12:00:00 - Bengkelolor,11.376147
2026-04-12 18:00:00 - Bengkelolor,10.905071
2026-04-13 06:00:00 - Bengkelolor,10.805223
2026-04-13 12:00:00 - Bengkelolor,10.703867
2026-04-13 18:00:00 - Bengkelolor,11.177777
2026-04-14 06:00:00 - Bengkelolor,10.788697
2026-04-14 12:00:00 - Bengkelolor,10.55348
2026-04-14 18:00:00 - Bengkelolor,10.778175
2026-04-15 06:00:00 - Bengkelolor,10.322635
2026-04-15 12:00:00 - Bengkelolor,10.372302
2026-04-15 18:00:00 - Bengkelolor,10.234909
2026-04-16 06:00:00 - Bengkelolor,10.381195
2026-04-16 12:00:00 - Bengkelolor,10.5286045
2026-04-16 18:00:00 - Bengkelolor,10.4974575
2026-04-17 06:00:00 - Bengkelolor,10.476724
2026-04-17 12:00:00 - Bengkelolor,10.355273
2026-04-17 18:00:00 - Bengkelolor,10.169944
2026-04-18 06:00:00 - Bengkelolor,9.981952
2026-04-18 12:00:00 - Bengkelolor,10.026516
2026-04-18 18:00:00 - Bengkelolor,10.078701
2026-04-19 06:00:00 - Bengkelolor,10.312757
2026-04-19 12:00:00 - Bengkelolor,10.213257
2026-04-19 18:00:00 - Bengkelolor,10.061824
2026-04-20 06:00:00 - Bengkelolor,10.360271
2026-04-20 12:00:00 - Bengkelolor,10.440146
2026-04-20 18:00:00 - Bengkelolor,10.307373
2026-04-21 06:00:00 - Bengkelolor,10.442113
2026-04-21 12:00:00 - Bengkelolor,10.458295
2026-04-21 18:00:00 - Bengkelolor,10.28236
2026-04-22 06:00:00 - Bengkelolor,10.630734
2026-04-22 12:00:00 - Bengkelolor,10.157559
2026-04-22 18:00:00 - Bengkelolor,10.425747
2026-04-23 06:00:00 - Bengkelolor,10.66671
2026-04-23 12:00:00 - Bengkelolor,10.413236
2026-04-23 18:00:00 - Bengkelolor,10.5612335
2026-04-24 06:00:00 - Bengkelolor,10.837287
2026-04-24 12:00:00 - Bengkelolor,10.72108
2026-04-24 18:00:00 - Bengkelolor,10.756636
2026-04-25 06:00:00 - Bengkelolor,10.495316
2026-04-25 12:00:00 - Bengkelolor,10.45035
2026-04-25 18:00:00 - Bengkelolor,10.355424
2026-04-26 06:00:00 - Bengkelolor,10.068486
2026-04-26 12:00:00 - Bengkelolor,10.126439
2026-04-26 18:00:00 - Bengkelolor,10.068036
2026-04-27 06:00:00 - Bengkelolor,10.027782
2026-04-27 12:00:00 - Bengkelolor,9.979925
2026-04-27 18:00:00 - Bengkelolor,9.9378605
2026-04-28 06:00:00 - Bengkelolor,10.106594
2026-04-28 12:00:00 - Bengkelolor,10.154001
2026-04-28 18:00:00 - Bengkelolor,10.167045
2026-04-29 06:00:00 - Bengkelolor,10.035033
2026-04-29 12:00:00 - Bengkelolor,10.070916
2026-04-29 18:00:00 - Bengkelolor,10.38223
2026-04-30 06:00:00 - Bengkelolor,10.508646
2026-04-30 12:00:00 - Bengkelolor,10.741876
2026-04-30 18:00:00 - Bengkelolor,10.186896
2026-05-01 06:00:00 - Bengkelolor,10.626622
2026-05-01 12:00:00 - Bengkelolor,10.581772
2026-05-01 18:00:00 - Bengkelolor,10.953003
2026-05-02 06:00:00 - Bengkelolor,10.419883
2026-05-02 12:00:00 - Bengkelolor,10.402114
2026-05-02 18:00:00 - Bengkelolor,10.456304
2026-05-03 06:00:00 - Bengkelolor,10.292659
2026-05-03 12:00:00 - Bengkelolor,10.495103
2026-05-03 18:00:00 - Bengkelolor,10.294941
2026-05-04 06:00:00 - Bengkelolor,10.2807665
2026-05-04 12:00:00 - Bengkelolor,10.030159
2026-05-04 18:00:00 - Bengkelolor,10.252447
2026-05-05 06:00:00 - Bengkelolor,10.110881
2026-05-05 12:00:00 - Bengkelolor,10.177567
2026-05-05 18:00:00 - Bengkelolor,10.091939
2026-05-06 06:00:00 - Bengkelolor,10.108519
2026-05-06 12:00:00 - Bengkelolor,10.122357
2026-05-06 18:00:00 - Bengkelolor,9.869842
2026-05-07 06:00:00 - Bengkelolor,9.750586
2026-05-07 12:00:00 - Bengkelolor,9.719513
2026-05-07 18:00:00 - Bengkelolor,9.690693
2026-05-08 06:00:00 - Bengkelolor,9.669531
2026-05-08 12:00:00 - Bengkelolor,9.652817
2026-05-08 18:00:00 - Bengkelolor,9.661144
2026-05-09 06:00:00 - Bengkelolor,9.665421
2026-05-09 12:00:00 - Bengkelolor,9.680815
2026-05-09 18:00:00 - Bengkelolor,9.6788645
2026-05-10 06:00:00 - Bengkelolor,9.834341
2026-05-10 12:00:00 - Bengkelolor,9.730143
2026-05-10 18:00:00 - Bengkelolor,9.804256
2026-05-11 06:00:00 - Bengkelolor,9.76872
2026-05-11 12:00:00 - Bengkelolor,9.810862
2026-05-11 18:00:00 - Bengkelolor,9.7722025
2026-05-12 06:00:00 - Bengkelolor,9.806216
2026-05-12 12:00:00 - Bengkelolor,9.885768
2026-05-12 18:00:00 - Bengkelolor,9.75645
2026-05-13 06:00:00 - Bengkelolor,9.620838
2026-05-13 12:00:00 - Bengkelolor,9.846969
2026-05-13 18:00:00 - Bengkelolor,9.7633295
2026-05-14 06:00:00 - Bengkelolor,9.827657
2026-05-14 12:00:00 - Bengkelolor,9.7799225
2026-05-14 18:00:00 - Bengkelolor,10.013422
2026-05-15 06:00:00 - Bengkelolor,9.502982
2026-05-15 12:00:00 - Bengkelolor,9.638465
2026-05-15 18:00:00 - Bengkelolor,9.676972
2026-05-16 06:00:00 - Bengkelolor,10.039997
2026-05-16 12:00:00 - Bengkelolor,9.710574
2026-05-16 18:00:00 - Bengkelolor,9.664158
2026-05-17 06:00:00 - Bengkelolor,9.413535
2026-05-17 12:00:00 - Bengkelolor,9.776174
2026-05-17 18:00:00 - Bengkelolor,9.802401
2026-05-18 06:00:00 - Bengkelolor,9.300908
2026-05-18 12:00:00 - Bengkelolor,9.781328
2026-05-18 18:00:00 - Bengkelolor,9.934888
2025-09-19 06:00:00 - Boboh Kali Lamong,2.9712808
2025-09-19 12:00:00 - Boboh Kali Lamong,3.0296366
2025-09-19 18:00:00 - Boboh Kali Lamong,3.0265243
2025-09-20 06:00:00 - Boboh Kali Lamong,3.0977182
2025-09-20 12:00:00 - Boboh Kali Lamong,3.0698254
2025-09-20 18:00:00 - Boboh Kali Lamong,3.0808358
2025-09-21 06:00:00 - Boboh Kali Lamong,3.1144218
2025-09-21 12:00:00 - Boboh Kali Lamong,3.1077528
2025-09-21 18:00:00 - Boboh Kali Lamong,3.1759737
2025-09-22 06:00:00 - Boboh Kali Lamong,3.157579
2025-09-22 12:00:00 - Boboh Kali Lamong,3.1013858
2025-09-22 18:00:00 - Boboh Kali Lamong,3.1337664
2025-09-23 06:00:00 - Boboh Kali Lamong,3.2541602
2025-09-23 12:00:00 - Boboh Kali Lamong,3.2161045
2025-09-23 18:00:00 - Boboh Kali Lamong,3.0610607
2025-09-24 06:00:00 - Boboh Kali Lamong,3.2360995
2025-09-24 12:00:00 - Boboh Kali Lamong,3.1514494
2025-09-24 18:00:00 - Boboh Kali Lamong,3.1981604
2025-09-25 06:00:00 - Boboh Kali Lamong,3.2169037
2025-09-25 12:00:00 - Boboh Kali Lamong,3.3167665
2025-09-25 18:00:00 - Boboh Kali Lamong,3.269829
2025-09-26 06:00:00 - Boboh Kali Lamong,3.2454212
2025-09-26 12:00:00 - Boboh Kali Lamong,3.164573
2025-09-26 18:00:00 - Boboh Kali Lamong,3.1034846
2025-09-27 06:00:00 - Boboh Kali Lamong,3.2428637
2025-09-27 12:00:00 - Boboh Kali Lamong,3.1662104
2025-09-27 18:00:00 - Boboh Kali Lamong,3.2072148
2025-09-28 06:00:00 - Boboh Kali Lamong,3.2113352
2025-09-28 12:00:00 - Boboh Kali Lamong,3.1698987
2025-09-28 18:00:00 - Boboh Kali Lamong,3.7453628
2025-09-29 06:00:00 - Boboh Kali Lamong,3.8187099
2025-09-29 12:00:00 - Boboh Kali Lamong,3.7951803
2025-09-29 18:00:00 - Boboh Kali Lamong,3.8833141
2025-09-30 06:00:00 - Boboh Kali Lamong,4.0584707
2025-09-30 12:00:00 - Boboh Kali Lamong,3.868576
2025-09-30 18:00:00 - Boboh Kali Lamong,3.824326
2025-10-01 06:00:00 - Boboh Kali Lamong,3.770892
2025-10-01 12:00:00 - Boboh Kali Lamong,3.8427622
2025-10-01 18:00:00 - Boboh Kali Lamong,3.7506258
2025-10-02 06:00:00 - Boboh Kali Lamong,3.9042292
2025-10-02 12:00:00 - Boboh Kali Lamong,3.7585053
2025-10-02 18:00:00 - Boboh Kali Lamong,3.7654266
2025-10-03 06:00:00 - Boboh Kali Lamong,3.2194035
2025-10-03 12:00:00 - Boboh Kali Lamong,3.1388385
2025-10-03 18:00:00 - Boboh Kali Lamong,3.184785
2025-10-04 06:00:00 - Boboh Kali Lamong,3.2554922
2025-10-04 12:00:00 - Boboh Kali Lamong,3.0710287
2025-10-04 18:00:00 - Boboh Kali Lamong,3.1829298
2025-10-05 06:00:00 - Boboh Kali Lamong,3.2262843
2025-10-05 12:00:00 - Boboh Kali Lamong,3.1974852
2025-10-05 18:00:00 - Boboh Kali Lamong,3.3475003
2025-10-06 06:00:00 - Boboh Kali Lamong,3.3120096
2025-10-06 12:00:00 - Boboh Kali Lamong,3.222424
2025-10-06 18:00:00 - Boboh Kali Lamong,3.2192414
2025-10-07 06:00:00 - Boboh Kali Lamong,3.2890956
2025-10-07 12:00:00 - Boboh Kali Lamong,3.2015138
2025-10-07 18:00:00 - Boboh Kali Lamong,3.6349852
2025-10-08 06:00:00 - Boboh Kali Lamong,3.3386421
2025-10-08 12:00:00 - Boboh Kali Lamong,3.1780539
2025-10-08 18:00:00 - Boboh Kali Lamong,3.5688868
2025-10-09 06:00:00 - Boboh Kali Lamong,3.4094825
2025-10-09 12:00:00 - Boboh Kali Lamong,3.3202844
2025-10-09 18:00:00 - Boboh Kali Lamong,3.3103034
2025-10-10 06:00:00 - Boboh Kali Lamong,3.464274
2025-10-10 12:00:00 - Boboh Kali Lamong,3.3907413
2025-10-10 18:00:00 - Boboh Kali Lamong,3.4727287
2025-10-11 06:00:00 - Boboh Kali Lamong,3.5501533
2025-10-11 12:00:00 - Boboh Kali Lamong,3.3355556
2025-10-11 18:00:00 - Boboh Kali Lamong,3.4914007
2025-10-12 06:00:00 - Boboh Kali Lamong,3.4856918
2025-10-12 12:00:00 - Boboh Kali Lamong,3.232213
2025-10-12 18:00:00 - Boboh Kali Lamong,3.1941054
2025-10-13 06:00:00 - Boboh Kali Lamong,3.309765
2025-10-13 12:00:00 - Boboh Kali Lamong,3.2587326
2025-10-13 18:00:00 - Boboh Kali Lamong,3.1559074
2025-10-14 06:00:00 - Boboh Kali Lamong,3.408769
2025-10-14 12:00:00 - Boboh Kali Lamong,3.2379887
2025-10-14 18:00:00 - Boboh Kali Lamong,3.5206656
2025-10-15 06:00:00 - Boboh Kali Lamong,3.8286552
2025-10-15 12:00:00 - Boboh Kali Lamong,3.8411405
2025-10-15 18:00:00 - Boboh Kali Lamong,3.8105633
2025-10-16 06:00:00 - Boboh Kali Lamong,3.923591
2025-10-16 12:00:00 - Boboh Kali Lamong,3.792719
2025-10-16 18:00:00 - Boboh Kali Lamong,3.7107413
2025-10-17 06:00:00 - Boboh Kali Lamong,3.902513
2025-10-17 12:00:00 - Boboh Kali Lamong,3.73888
2025-10-17 18:00:00 - Boboh Kali Lamong,3.695467
2025-10-18 06:00:00 - Boboh Kali Lamong,3.8855717
2025-10-18 12:00:00 - Boboh Kali Lamong,3.7674057
2025-10-18 18:00:00 - Boboh Kali Lamong,3.4756064
2025-10-19 06:00:00 - Boboh Kali Lamong,3.9193585
2025-10-19 12:00:00 - Boboh Kali Lamong,3.704885
2025-10-19 18:00:00 - Boboh Kali Lamong,3.8494306
2025-10-20 06:00:00 - Boboh Kali Lamong,3.836059
2025-10-20 12:00:00 - Boboh Kali Lamong,3.7935152
2025-10-20 18:00:00 - Boboh Kali Lamong,3.7384608
2025-10-21 06:00:00 - Boboh Kali Lamong,3.7207353
2025-10-21 12:00:00 - Boboh Kali Lamong,3.6942852
2025-10-21 18:00:00 - Boboh Kali Lamong,3.7023358
2025-10-22 06:00:00 - Boboh Kali Lamong,3.8934758
2025-10-22 12:00:00 - Boboh Kali Lamong,3.7591681
2025-10-22 18:00:00 - Boboh Kali Lamong,3.5013485
2025-10-23 06:00:00 - Boboh Kali Lamong,2.8939712
2025-10-23 12:00:00 - Boboh Kali Lamong,3.3297486
2025-10-23 18:00:00 - Boboh Kali Lamong,3.4991431
2025-10-24 06:00:00 - Boboh Kali Lamong,3.5820358
2025-10-24 12:00:00 - Boboh Kali Lamong,3.6908395
2025-10-24 18:00:00 - Boboh Kali Lamong,3.5988765
2025-10-25 06:00:00 - Boboh Kali Lamong,3.4543154
2025-10-25 12:00:00 - Boboh Kali Lamong,3.5690663
2025-10-25 18:00:00 - Boboh Kali Lamong,3.9236846
2025-10-26 06:00:00 - Boboh Kali Lamong,3.3474038
2025-10-26 12:00:00 - Boboh Kali Lamong,3.4524539
2025-10-26 18:00:00 - Boboh Kali Lamong,3.259865
2025-10-27 06:00:00 - Boboh Kali Lamong,3.1338615
2025-10-27 12:00:00 - Boboh Kali Lamong,3.0182106
2025-10-27 18:00:00 - Boboh Kali Lamong,3.0471647
2025-10-28 06:00:00 - Boboh Kali Lamong,3.1495996
2025-10-28 12:00:00 - Boboh Kali Lamong,3.089682
2025-10-28 18:00:00 - Boboh Kali Lamong,3.1407566
2025-10-29 06:00:00 - Boboh Kali Lamong,3.1657014
2025-10-29 12:00:00 - Boboh Kali Lamong,3.565209
2025-10-29 18:00:00 - Boboh Kali Lamong,3.883585
2025-10-30 06:00:00 - Boboh Kali Lamong,3.8708758
2025-10-30 12:00:00 - Boboh Kali Lamong,3.9960437
2025-10-30 18:00:00 - Boboh Kali Lamong,4.6938677
2025-10-31 06:00:00 - Boboh Kali Lamong,4.293391
2025-10-31 12:00:00 - Boboh Kali Lamong,4.5098057
2025-10-31 18:00:00 - Boboh Kali Lamong,4.1698604
2025-11-01 06:00:00 - Boboh Kali Lamong,4.4091134
2025-11-01 12:00:00 - Boboh Kali Lamong,4.5980196
2025-11-01 18:00:00 - Boboh Kali Lamong,4.3202877
2025-11-02 06:00:00 - Boboh Kali Lamong,4.34669
2025-11-02 12:00:00 - Boboh Kali Lamong,4.3258395
2025-11-02 18:00:00 - Boboh Kali Lamong,4.648925
2025-11-03 06:00:00 - Boboh Kali Lamong,4.452258
2025-11-03 12:00:00 - Boboh Kali Lamong,4.53066
2025-11-03 18:00:00 - Boboh Kali Lamong,4.581367
2025-11-04 06:00:00 - Boboh Kali Lamong,4.777558
2025-11-04 12:00:00 - Boboh Kali Lamong,4.726058
2025-11-04 18:00:00 - Boboh Kali Lamong,4.724202
2025-11-05 06:00:00 - Boboh Kali Lamong,4.558174
2025-11-05 12:00:00 - Boboh Kali Lamong,4.6464925
2025-11-05 18:00:00 - Boboh Kali Lamong,4.5774846
2025-11-06 06:00:00 - Boboh Kali Lamong,4.588685
2025-11-06 12:00:00 - Boboh Kali Lamong,4.471279
2025-11-06 18:00:00 - Boboh Kali Lamong,4.5882206
2025-11-07 06:00:00 - Boboh Kali Lamong,4.443989
2025-11-07 12:00:00 - Boboh Kali Lamong,4.7955194
2025-11-07 18:00:00 - Boboh Kali Lamong,4.7604146
2025-11-08 06:00:00 - Boboh Kali Lamong,4.7742167
2025-11-08 12:00:00 - Boboh Kali Lamong,4.818913
2025-11-08 18:00:00 - Boboh Kali Lamong,5.0410066
2025-11-09 06:00:00 - Boboh Kali Lamong,5.0197215
2025-11-09 12:00:00 - Boboh Kali Lamong,5.619031
2025-11-09 18:00:00 - Boboh Kali Lamong,4.6498666
2025-11-10 06:00:00 - Boboh Kali Lamong,4.8724155
2025-11-10 12:00:00 - Boboh Kali Lamong,4.9628096
2025-11-10 18:00:00 - Boboh Kali Lamong,4.9905715
2025-11-11 06:00:00 - Boboh Kali Lamong,5.059469
2025-11-11 12:00:00 - Boboh Kali Lamong,5.0094666
2025-11-11 18:00:00 - Boboh Kali Lamong,5.06204
2025-11-12 06:00:00 - Boboh Kali Lamong,5.3391285
2025-11-12 12:00:00 - Boboh Kali Lamong,5.4867682
2025-11-12 18:00:00 - Boboh Kali Lamong,5.6742735
2025-11-13 06:00:00 - Boboh Kali Lamong,5.2534785
2025-11-13 12:00:00 - Boboh Kali Lamong,5.2606754
2025-11-13 18:00:00 - Boboh Kali Lamong,5.20281
2025-11-14 06:00:00 - Boboh Kali Lamong,5.080032
2025-11-14 12:00:00 - Boboh Kali Lamong,4.788866
2025-11-14 18:00:00 - Boboh Kali Lamong,4.9489655
2025-11-15 06:00:00 - Boboh Kali Lamong,4.9075985
2025-11-15 12:00:00 - Boboh Kali Lamong,4.791017
2025-11-15 18:00:00 - Boboh Kali Lamong,4.8956113
2025-11-16 06:00:00 - Boboh Kali Lamong,4.678879
2025-11-16 12:00:00 - Boboh Kali Lamong,4.9293303
2025-11-16 18:00:00 - Boboh Kali Lamong,4.7787943
2025-11-17 06:00:00 - Boboh Kali Lamong,5.008688
2025-11-17 12:00:00 - Boboh Kali Lamong,5.203369
2025-11-17 18:00:00 - Boboh Kali Lamong,5.121289
2025-11-18 06:00:00 - Boboh Kali Lamong,5.0249057
2025-11-18 12:00:00 - Boboh Kali Lamong,5.0860987
2025-11-18 18:00:00 - Boboh Kali Lamong,5.119835
2025-11-19 06:00:00 - Boboh Kali Lamong,5.116037
2025-11-19 12:00:00 - Boboh Kali Lamong,5.2193236
2025-11-19 18:00:00 - Boboh Kali Lamong,5.088735
2025-11-20 06:00:00 - Boboh Kali Lamong,5.0197563
2025-11-20 12:00:00 - Boboh Kali Lamong,5.027242
2025-11-20 18:00:00 - Boboh Kali Lamong,4.866109
2025-11-21 06:00:00 - Boboh Kali Lamong,5.0054274
2025-11-21 12:00:00 - Boboh Kali Lamong,5.09455
2025-11-21 18:00:00 - Boboh Kali Lamong,4.9646893
2025-11-22 06:00:00 - Boboh Kali Lamong,4.997858
2025-11-22 12:00:00 - Boboh Kali Lamong,5.071237
2025-11-22 18:00:00 - Boboh Kali Lamong,5.069234
2025-11-23 06:00:00 - Boboh Kali Lamong,5.0807567
2025-11-23 12:00:00 - Boboh Kali Lamong,4.9634433
2025-11-23 18:00:00 - Boboh Kali Lamong,5.0618434
2025-11-24 06:00:00 - Boboh Kali Lamong,5.2210546
2025-11-24 12:00:00 - Boboh Kali Lamong,5.0999737
2025-11-24 18:00:00 - Boboh Kali Lamong,4.8890204
2025-11-25 06:00:00 - Boboh Kali Lamong,4.8165374
2025-11-25 12:00:00 - Boboh Kali Lamong,4.7139897
2025-11-25 18:00:00 - Boboh Kali Lamong,4.772083
2025-11-26 06:00:00 - Boboh Kali Lamong,5.0395975
2025-11-26 12:00:00 - Boboh Kali Lamong,4.939386
2025-11-26 18:00:00 - Boboh Kali Lamong,4.9588256
2025-11-27 06:00:00 - Boboh Kali Lamong,4.953255
2025-11-27 12:00:00 - Boboh Kali Lamong,5.0812836
2025-11-27 18:00:00 - Boboh Kali Lamong,4.9372306
2025-11-28 06:00:00 - Boboh Kali Lamong,4.843929
2025-11-28 12:00:00 - Boboh Kali Lamong,4.9181466
2025-11-28 18:00:00 - Boboh Kali Lamong,5.0520344
2025-11-29 06:00:00 - Boboh Kali Lamong,4.9649954
2025-11-29 12:00:00 - Boboh Kali Lamong,5.088827
2025-11-29 18:00:00 - Boboh Kali Lamong,4.902354
2025-11-30 06:00:00 - Boboh Kali Lamong,5.1540422
2025-11-30 12:00:00 - Boboh Kali Lamong,4.818094
2025-11-30 18:00:00 - Boboh Kali Lamong,5.002566
2025-12-01 06:00:00 - Boboh Kali Lamong,5.1207733
2025-12-01 12:00:00 - Boboh Kali Lamong,5.14626
2025-12-01 18:00:00 - Boboh Kali Lamong,5.1948895
2025-12-02 06:00:00 - Boboh Kali Lamong,5.0209804
2025-12-02 12:00:00 - Boboh Kali Lamong,4.536591
2025-12-02 18:00:00 - Boboh Kali Lamong,4.708371
2025-12-03 06:00:00 - Boboh Kali Lamong,4.6199937
2025-12-03 12:00:00 - Boboh Kali Lamong,4.722492
2025-12-03 18:00:00 - Boboh Kali Lamong,5.00165
2025-12-04 06:00:00 - Boboh Kali Lamong,4.869203
2025-12-04 12:00:00 - Boboh Kali Lamong,5.359636
2025-12-04 18:00:00 - Boboh Kali Lamong,5.246756
2025-12-05 06:00:00 - Boboh Kali Lamong,5.094479
2025-12-05 12:00:00 - Boboh Kali Lamong,5.2582755
2025-12-05 18:00:00 - Boboh Kali Lamong,5.0605965
2025-12-06 06:00:00 - Boboh Kali Lamong,5.457876
2025-12-06 12:00:00 - Boboh Kali Lamong,5.214671
2025-12-06 18:00:00 - Boboh Kali Lamong,5.221024
2025-12-07 06:00:00 - Boboh Kali Lamong,5.343906
2025-12-07 12:00:00 - Boboh Kali Lamong,5.4810143
2025-12-07 18:00:00 - Boboh Kali Lamong,5.609599
2025-12-08 06:00:00 - Boboh Kali Lamong,5.381134
2025-12-08 12:00:00 - Boboh Kali Lamong,5.3404865
2025-12-08 18:00:00 - Boboh Kali Lamong,5.1682153
2025-12-09 06:00:00 - Boboh Kali Lamong,5.165006
2025-12-09 12:00:00 - Boboh Kali Lamong,5.2366877
2025-12-09 18:00:00 - Boboh Kali Lamong,5.339653
2025-12-10 06:00:00 - Boboh Kali Lamong,5.250235
2025-12-10 12:00:00 - Boboh Kali Lamong,5.561771
2025-12-10 18:00:00 - Boboh Kali Lamong,5.5671496
2025-12-11 06:00:00 - Boboh Kali Lamong,5.411555
2025-12-11 12:00:00 - Boboh Kali Lamong,5.5199556
2025-12-11 18:00:00 - Boboh Kali Lamong,5.4159613
2025-12-12 06:00:00 - Boboh Kali Lamong,5.1914077
2025-12-12 12:00:00 - Boboh Kali Lamong,5.0891104
2025-12-12 18:00:00 - Boboh Kali Lamong,4.740829
2025-12-13 06:00:00 - Boboh Kali Lamong,4.6680093
2025-12-13 12:00:00 - Boboh Kali Lamong,4.640684
2025-12-13 18:00:00 - Boboh Kali Lamong,4.5097637
2025-12-14 06:00:00 - Boboh Kali Lamong,4.78333
2025-12-14 12:00:00 - Boboh Kali Lamong,4.5392337
2025-12-14 18:00:00 - Boboh Kali Lamong,4.6845465
2025-12-15 06:00:00 - Boboh Kali Lamong,4.868267
2025-12-15 12:00:00 - Boboh Kali Lamong,5.152165
2025-12-15 18:00:00 - Boboh Kali Lamong,5.551875
2025-12-16 06:00:00 - Boboh Kali Lamong,5.1598525
2025-12-16 12:00:00 - Boboh Kali Lamong,5.119939
2025-12-16 18:00:00 - Boboh Kali Lamong,5.2807665
2025-12-17 06:00:00 - Boboh Kali Lamong,5.297474
2025-12-17 12:00:00 - Boboh Kali Lamong,4.951834
2025-12-17 18:00:00 - Boboh Kali Lamong,4.4242306
2025-12-18 06:00:00 - Boboh Kali Lamong,4.5107975
2025-12-18 12:00:00 - Boboh Kali Lamong,3.9124925
2025-12-18 18:00:00 - Boboh Kali Lamong,3.550927
2025-12-19 06:00:00 - Boboh Kali Lamong,3.7788677
2025-12-19 12:00:00 - Boboh Kali Lamong,3.834786
2025-12-19 18:00:00 - Boboh Kali Lamong,3.9050632
2025-12-20 06:00:00 - Boboh Kali Lamong,3.706564
2025-12-20 12:00:00 - Boboh Kali Lamong,4.5790935
2025-12-20 18:00:00 - Boboh Kali Lamong,4.163921
2025-12-21 06:00:00 - Boboh Kali Lamong,4.772466
2025-12-21 12:00:00 - Boboh Kali Lamong,4.7077518
2025-12-21 18:00:00 - Boboh Kali Lamong,4.320803
2025-12-22 06:00:00 - Boboh Kali Lamong,5.491629
2025-12-22 12:00:00 - Boboh Kali Lamong,5.811334
2025-12-22 18:00:00 - Boboh Kali Lamong,5.6640964
2025-12-23 06:00:00 - Boboh Kali Lamong,5.139939
2025-12-23 12:00:00 - Boboh Kali Lamong,5.6217446
2025-12-23 18:00:00 - Boboh Kali Lamong,5.451454
2025-12-24 06:00:00 - Boboh Kali Lamong,5.1060033
2025-12-24 12:00:00 - Boboh Kali Lamong,5.622945
2025-12-24 18:00:00 - Boboh Kali Lamong,5.548782
2025-12-25 06:00:00 - Boboh Kali Lamong,4.9638186
2025-12-25 12:00:00 - Boboh Kali Lamong,5.422714
2025-12-25 18:00:00 - Boboh Kali Lamong,5.334746
2025-12-26 06:00:00 - Boboh Kali Lamong,5.1950326
2025-12-26 12:00:00 - Boboh Kali Lamong,5.0602517
2025-12-26 18:00:00 - Boboh Kali Lamong,4.54118
2025-12-27 06:00:00 - Boboh Kali Lamong,4.8025017
2025-12-27 12:00:00 - Boboh Kali Lamong,5.00357
2025-12-27 18:00:00 - Boboh Kali Lamong,5.0496416
2025-12-28 06:00:00 - Boboh Kali Lamong,4.712476
2025-12-28 12:00:00 - Boboh Kali Lamong,5.3258095
2025-12-28 18:00:00 - Boboh Kali Lamong,4.843114
2025-12-29 06:00:00 - Boboh Kali Lamong,5.670514
2025-12-29 12:00:00 - Boboh Kali Lamong,5.4341974
2025-12-29 18:00:00 - Boboh Kali Lamong,5.5628476
2025-12-30 06:00:00 - Boboh Kali Lamong,4.950911
2025-12-30 12:00:00 - Boboh Kali Lamong,4.984004
2025-12-30 18:00:00 - Boboh Kali Lamong,4.84374
2025-12-31 06:00:00 - Boboh Kali Lamong,4.581272
2025-12-31 12:00:00 - Boboh Kali Lamong,4.505568
2025-12-31 18:00:00 - Boboh Kali Lamong,4.433661
2026-01-01 06:00:00 - Boboh Kali Lamong,4.9224834
2026-01-01 12:00:00 - Boboh Kali Lamong,5.412978
2026-01-01 18:00:00 - Boboh Kali Lamong,5.0101056
2026-01-02 06:00:00 - Boboh Kali Lamong,5.155721
2026-01-02 12:00:00 - Boboh Kali Lamong,5.122132
2026-01-02 18:00:00 - Boboh Kali Lamong,5.6761355
2026-01-03 06:00:00 - Boboh Kali Lamong,5.291447
2026-01-03 12:00:00 - Boboh Kali Lamong,5.6238227
2026-01-03 18:00:00 - Boboh Kali Lamong,5.140821
2026-01-04 06:00:00 - Boboh Kali Lamong,4.937641
2026-01-04 12:00:00 - Boboh Kali Lamong,5.0957627
2026-01-04 18:00:00 - Boboh Kali Lamong,5.6659384
2026-01-05 06:00:00 - Boboh Kali Lamong,4.836752
2026-01-05 12:00:00 - Boboh Kali Lamong,4.794715
2026-01-05 18:00:00 - Boboh Kali Lamong,4.907938
2026-01-06 06:00:00 - Boboh Kali Lamong,4.8353124
2026-01-06 12:00:00 - Boboh Kali Lamong,5.2009854
2026-01-06 18:00:00 - Boboh Kali Lamong,5.279974
2026-01-07 06:00:00 - Boboh Kali Lamong,4.583703
2026-01-07 12:00:00 - Boboh Kali Lamong,4.685668
2026-01-07 18:00:00 - Boboh Kali Lamong,4.779335
2026-01-08 06:00:00 - Boboh Kali Lamong,4.559297
2026-01-08 12:00:00 - Boboh Kali Lamong,4.549429
2026-01-08 18:00:00 - Boboh Kali Lamong,4.330282
2026-01-09 06:00:00 - Boboh Kali Lamong,4.445634
2026-01-09 12:00:00 - Boboh Kali Lamong,4.5558524
2026-01-09 18:00:00 - Boboh Kali Lamong,4.429746
2026-01-10 06:00:00 - Boboh Kali Lamong,4.7882032
2026-01-10 12:00:00 - Boboh Kali Lamong,5.0098453
2026-01-10 18:00:00 - Boboh Kali Lamong,5.8804784
2026-01-11 06:00:00 - Boboh Kali Lamong,5.4282455
2026-01-11 12:00:00 - Boboh Kali Lamong,5.6217055
2026-01-11 18:00:00 - Boboh Kali Lamong,5.196968
2026-01-12 06:00:00 - Boboh Kali Lamong,5.332702
2026-01-12 12:00:00 - Boboh Kali Lamong,5.954624
2026-01-12 18:00:00 - Boboh Kali Lamong,5.9768877
2026-01-13 06:00:00 - Boboh Kali Lamong,6.0879855
2026-01-13 12:00:00 - Boboh Kali Lamong,6.166743
2026-01-13 18:00:00 - Boboh Kali Lamong,6.3209352
2026-01-14 06:00:00 - Boboh Kali Lamong,5.836651
2026-01-14 12:00:00 - Boboh Kali Lamong,5.95279
2026-01-14 18:00:00 - Boboh Kali Lamong,5.8080463
2026-01-15 06:00:00 - Boboh Kali Lamong,5.7415195
2026-01-15 12:00:00 - Boboh Kali Lamong,5.6341233
2026-01-15 18:00:00 - Boboh Kali Lamong,5.80397
2026-01-16 06:00:00 - Boboh Kali Lamong,5.6093583
2026-01-16 12:00:00 - Boboh Kali Lamong,6.329897
2026-01-16 18:00:00 - Boboh Kali Lamong,6.1910915
2026-01-17 06:00:00 - Boboh Kali Lamong,5.7561126
2026-01-17 12:00:00 - Boboh Kali Lamong,6.142498
2026-01-17 18:00:00 - Boboh Kali Lamong,6.0088677
2026-01-18 06:00:00 - Boboh Kali Lamong,5.5895147
2026-01-18 12:00:00 - Boboh Kali Lamong,5.6270595
2026-01-18 18:00:00 - Boboh Kali Lamong,5.9660974
2026-01-19 06:00:00 - Boboh Kali Lamong,5.601933
2026-01-19 12:00:00 - Boboh Kali Lamong,6.037314
2026-01-19 18:00:00 - Boboh Kali Lamong,5.866082
2026-01-20 06:00:00 - Boboh Kali Lamong,5.410204
2026-01-20 12:00:00 - Boboh Kali Lamong,5.9068904
2026-01-20 18:00:00 - Boboh Kali Lamong,5.7796555
2026-01-21 06:00:00 - Boboh Kali Lamong,5.489317
2026-01-21 12:00:00 - Boboh Kali Lamong,5.2386613
2026-01-21 18:00:00 - Boboh Kali Lamong,5.8649845
2026-01-22 06:00:00 - Boboh Kali Lamong,5.462265
2026-01-22 12:00:00 - Boboh Kali Lamong,5.553645
2026-01-22 18:00:00 - Boboh Kali Lamong,5.3812604
2026-01-23 06:00:00 - Boboh Kali Lamong,5.597743
2026-01-23 12:00:00 - Boboh Kali Lamong,5.934765
2026-01-23 18:00:00 - Boboh Kali Lamong,5.904802
2026-01-24 06:00:00 - Boboh Kali Lamong,5.5440645
2026-01-24 12:00:00 - Boboh Kali Lamong,5.658469
2026-01-24 18:00:00 - Boboh Kali Lamong,6.373911
2026-01-25 06:00:00 - Boboh Kali Lamong,5.5628524
2026-01-25 12:00:00 - Boboh Kali Lamong,5.3646727
2026-01-25 18:00:00 - Boboh Kali Lamong,5.4239454
2026-01-26 06:00:00 - Boboh Kali Lamong,4.676047
2026-01-26 12:00:00 - Boboh Kali Lamong,4.8481007
2026-01-26 18:00:00 - Boboh Kali Lamong,4.9946537
2026-01-27 06:00:00 - Boboh Kali Lamong,4.82298
2026-01-27 12:00:00 - Boboh Kali Lamong,5.701783
2026-01-27 18:00:00 - Boboh Kali Lamong,5.39705
2026-01-28 06:00:00 - Boboh Kali Lamong,5.357475
2026-01-28 12:00:00 - Boboh Kali Lamong,5.381339
2026-01-28 18:00:00 - Boboh Kali Lamong,5.10951
2026-01-29 06:00:00 - Boboh Kali Lamong,5.2566633
2026-01-29 12:00:00 - Boboh Kali Lamong,5.3448415
2026-01-29 18:00:00 - Boboh Kali Lamong,5.4152503
2026-01-30 06:00:00 - Boboh Kali Lamong,5.306091
2026-01-30 12:00:00 - Boboh Kali Lamong,5.247279
2026-01-30 18:00:00 - Boboh Kali Lamong,5.3021927
2026-01-31 06:00:00 - Boboh Kali Lamong,4.6557493
2026-01-31 12:00:00 - Boboh Kali Lamong,5.106908
2026-01-31 18:00:00 - Boboh Kali Lamong,5.245534
2026-02-01 06:00:00 - Boboh Kali Lamong,4.961277
2026-02-01 12:00:00 - Boboh Kali Lamong,5.4791527
2026-02-01 18:00:00 - Boboh Kali Lamong,5.5968456
2026-02-02 06:00:00 - Boboh Kali Lamong,5.506687
2026-02-02 12:00:00 - Boboh Kali Lamong,5.4838223
2026-02-02 18:00:00 - Boboh Kali Lamong,5.6444507
2026-02-03 06:00:00 - Boboh Kali Lamong,5.340533
2026-02-03 12:00:00 - Boboh Kali Lamong,5.52111
2026-02-03 18:00:00 - Boboh Kali Lamong,5.537392
2026-02-04 06:00:00 - Boboh Kali Lamong,5.2798862
2026-02-04 12:00:00 - Boboh Kali Lamong,5.414893
2026-02-04 18:00:00 - Boboh Kali Lamong,5.311323
2026-02-05 06:00:00 - Boboh Kali Lamong,5.1528873
2026-02-05 12:00:00 - Boboh Kali Lamong,5.321186
2026-02-05 18:00:00 - Boboh Kali Lamong,5.1263785
2026-02-06 06:00:00 - Boboh Kali Lamong,4.9509153
2026-02-06 12:00:00 - Boboh Kali Lamong,5.3342204
2026-02-06 18:00:00 - Boboh Kali Lamong,5.6535554
2026-02-07 06:00:00 - Boboh Kali Lamong,4.9612856
2026-02-07 12:00:00 - Boboh Kali Lamong,4.961426
2026-02-07 18:00:00 - Boboh Kali Lamong,4.840933
2026-02-08 06:00:00 - Boboh Kali Lamong,4.7946215
2026-02-08 12:00:00 - Boboh Kali Lamong,4.96122
2026-02-08 18:00:00 - Boboh Kali Lamong,4.869433
2026-02-09 06:00:00 - Boboh Kali Lamong,5.1240063
2026-02-09 12:00:00 - Boboh Kali Lamong,5.205328
2026-02-09 18:00:00 - Boboh Kali Lamong,5.2913294
2026-02-10 06:00:00 - Boboh Kali Lamong,5.150105
2026-02-10 12:00:00 - Boboh Kali Lamong,5.011357
2026-02-10 18:00:00 - Boboh Kali Lamong,5.1884427
2026-02-11 06:00:00 - Boboh Kali Lamong,5.0764346
2026-02-11 12:00:00 - Boboh Kali Lamong,5.1228414
2026-02-11 18:00:00 - Boboh Kali Lamong,5.1629643
2026-02-12 06:00:00 - Boboh Kali Lamong,5.258838
2026-02-12 12:00:00 - Boboh Kali Lamong,5.4247537
2026-02-12 18:00:00 - Boboh Kali Lamong,5.755031
2026-02-13 06:00:00 - Boboh Kali Lamong,5.606107
2026-02-13 12:00:00 - Boboh Kali Lamong,5.59527
2026-02-13 18:00:00 - Boboh Kali Lamong,5.7549324
2026-02-14 06:00:00 - Boboh Kali Lamong,5.6244025
2026-02-14 12:00:00 - Boboh Kali Lamong,5.453193
2026-02-14 18:00:00 - Boboh Kali Lamong,5.3192663
2026-02-15 06:00:00 - Boboh Kali Lamong,5.434338
2026-02-15 12:00:00 - Boboh Kali Lamong,5.5496016
2026-02-15 18:00:00 - Boboh Kali Lamong,5.417924
2026-02-16 06:00:00 - Boboh Kali Lamong,5.685422
2026-02-16 12:00:00 - Boboh Kali Lamong,5.515566
2026-02-16 18:00:00 - Boboh Kali Lamong,5.773087
2026-02-17 06:00:00 - Boboh Kali Lamong,5.587901
2026-02-17 12:00:00 - Boboh Kali Lamong,5.3501487
2026-02-17 18:00:00 - Boboh Kali Lamong,5.3536177
2026-02-18 06:00:00 - Boboh Kali Lamong,5.718122
2026-02-18 12:00:00 - Boboh Kali Lamong,5.490076
2026-02-18 18:00:00 - Boboh Kali Lamong,5.5335135
2026-02-19 06:00:00 - Boboh Kali Lamong,5.6451926
2026-02-19 12:00:00 - Boboh Kali Lamong,5.8551893
2026-02-19 18:00:00 - Boboh Kali Lamong,5.961549
2026-02-20 06:00:00 - Boboh Kali Lamong,5.9132986
2026-02-20 12:00:00 - Boboh Kali Lamong,5.892956
2026-02-20 18:00:00 - Boboh Kali Lamong,5.815841
2026-02-21 06:00:00 - Boboh Kali Lamong,5.6870623
2026-02-21 12:00:00 - Boboh Kali Lamong,5.7660937
2026-02-21 18:00:00 - Boboh Kali Lamong,5.830841
2026-02-22 06:00:00 - Boboh Kali Lamong,5.482646
2026-02-22 12:00:00 - Boboh Kali Lamong,5.440586
2026-02-22 18:00:00 - Boboh Kali Lamong,5.3968987
2026-02-23 06:00:00 - Boboh Kali Lamong,5.469887
2026-02-23 12:00:00 - Boboh Kali Lamong,5.358754
2026-02-23 18:00:00 - Boboh Kali Lamong,5.4286423
2026-02-24 06:00:00 - Boboh Kali Lamong,5.6052423
2026-02-24 12:00:00 - Boboh Kali Lamong,5.7667813
2026-02-24 18:00:00 - Boboh Kali Lamong,5.9591565
2026-02-25 06:00:00 - Boboh Kali Lamong,5.365509
2026-02-25 12:00:00 - Boboh Kali Lamong,5.3133926
2026-02-25 18:00:00 - Boboh Kali Lamong,5.3388863
2026-02-26 06:00:00 - Boboh Kali Lamong,5.378424
2026-02-26 12:00:00 - Boboh Kali Lamong,5.112683
2026-02-26 18:00:00 - Boboh Kali Lamong,5.0737247
2026-02-27 06:00:00 - Boboh Kali Lamong,5.0746384
2026-02-27 12:00:00 - Boboh Kali Lamong,4.8602376
2026-02-27 18:00:00 - Boboh Kali Lamong,4.9796486
2026-02-28 06:00:00 - Boboh Kali Lamong,4.8545365
2026-02-28 12:00:00 - Boboh Kali Lamong,4.82494
2026-02-28 18:00:00 - Boboh Kali Lamong,4.797457
2026-03-01 06:00:00 - Boboh Kali Lamong,4.996257
2026-03-01 12:00:00 - Boboh Kali Lamong,4.903779
2026-03-01 18:00:00 - Boboh Kali Lamong,4.957802
2026-03-02 06:00:00 - Boboh Kali Lamong,4.9259815
2026-03-02 12:00:00 - Boboh Kali Lamong,4.8718944
2026-03-02 18:00:00 - Boboh Kali Lamong,4.868377
2026-03-03 06:00:00 - Boboh Kali Lamong,4.968648
2026-03-03 12:00:00 - Boboh Kali Lamong,4.8833175
2026-03-03 18:00:00 - Boboh Kali Lamong,4.8441586
2026-03-04 06:00:00 - Boboh Kali Lamong,5.1269455
2026-03-04 12:00:00 - Boboh Kali Lamong,5.256222
2026-03-04 18:00:00 - Boboh Kali Lamong,5.4175715
2026-03-05 06:00:00 - Boboh Kali Lamong,5.2369585
2026-03-05 12:00:00 - Boboh Kali Lamong,5.1443267
2026-03-05 18:00:00 - Boboh Kali Lamong,5.3488197
2026-03-06 06:00:00 - Boboh Kali Lamong,5.3018165
2026-03-06 12:00:00 - Boboh Kali Lamong,5.2901397
2026-03-06 18:00:00 - Boboh Kali Lamong,5.23397
2026-03-07 06:00:00 - Boboh Kali Lamong,5.0492277
2026-03-07 12:00:00 - Boboh Kali Lamong,5.068
2026-03-07 18:00:00 - Boboh Kali Lamong,4.884945
2026-03-08 06:00:00 - Boboh Kali Lamong,5.172125
2026-03-08 12:00:00 - Boboh Kali Lamong,5.070291
2026-03-08 18:00:00 - Boboh Kali Lamong,5.1510463
2026-03-09 06:00:00 - Boboh Kali Lamong,5.109243
2026-03-09 12:00:00 - Boboh Kali Lamong,5.048654
2026-03-09 18:00:00 - Boboh Kali Lamong,5.283862
2026-03-10 06:00:00 - Boboh Kali Lamong,5.1942644
2026-03-10 12:00:00 - Boboh Kali Lamong,4.9544134
2026-03-10 18:00:00 - Boboh Kali Lamong,5.1594152
2026-03-11 06:00:00 - Boboh Kali Lamong,4.9762883
2026-03-11 12:00:00 - Boboh Kali Lamong,4.8651724
2026-03-11 18:00:00 - Boboh Kali Lamong,4.873874
2026-03-12 06:00:00 - Boboh Kali Lamong,4.740451
2026-03-12 12:00:00 - Boboh Kali Lamong,4.700676
2026-03-12 18:00:00 - Boboh Kali Lamong,4.6328144
2026-03-13 06:00:00 - Boboh Kali Lamong,4.626503
2026-03-13 12:00:00 - Boboh Kali Lamong,4.6973624
2026-03-13 18:00:00 - Boboh Kali Lamong,4.656421
2026-03-14 06:00:00 - Boboh Kali Lamong,4.5274186
2026-03-14 12:00:00 - Boboh Kali Lamong,4.555937
2026-03-14 18:00:00 - Boboh Kali Lamong,4.4011755
2026-03-15 06:00:00 - Boboh Kali Lamong,4.4100394
2026-03-15 12:00:00 - Boboh Kali Lamong,4.4172893
2026-03-15 18:00:00 - Boboh Kali Lamong,4.6453795
2026-03-16 06:00:00 - Boboh Kali Lamong,4.587759
2026-03-16 12:00:00 - Boboh Kali Lamong,4.428436
2026-03-16 18:00:00 - Boboh Kali Lamong,4.5747995
2026-03-17 06:00:00 - Boboh Kali Lamong,4.581818
2026-03-17 12:00:00 - Boboh Kali Lamong,4.703492
2026-03-17 18:00:00 - Boboh Kali Lamong,4.912105
2026-03-18 06:00:00 - Boboh Kali Lamong,4.951499
2026-03-18 12:00:00 - Boboh Kali Lamong,5.031125
2026-03-18 18:00:00 - Boboh Kali Lamong,5.1764383
2026-03-19 06:00:00 - Boboh Kali Lamong,4.7818365
2026-03-19 12:00:00 - Boboh Kali Lamong,4.9389453
2026-03-19 18:00:00 - Boboh Kali Lamong,5.1012235
2026-03-20 06:00:00 - Boboh Kali Lamong,4.919518
2026-03-20 12:00:00 - Boboh Kali Lamong,4.8180475
2026-03-20 18:00:00 - Boboh Kali Lamong,4.897034
2026-03-21 06:00:00 - Boboh Kali Lamong,4.9512625
2026-03-21 12:00:00 - Boboh Kali Lamong,5.033278
2026-03-21 18:00:00 - Boboh Kali Lamong,4.8758554
2026-03-22 06:00:00 - Boboh Kali Lamong,4.6763673
2026-03-22 12:00:00 - Boboh Kali Lamong,4.749864
2026-03-22 18:00:00 - Boboh Kali Lamong,4.597589
2026-03-23 06:00:00 - Boboh Kali Lamong,4.647339
2026-03-23 12:00:00 - Boboh Kali Lamong,4.7439876
2026-03-23 18:00:00 - Boboh Kali Lamong,4.8171225
2026-03-24 06:00:00 - Boboh Kali Lamong,4.4164295
2026-03-24 12:00:00 - Boboh Kali Lamong,4.2628074
2026-03-24 18:00:00 - Boboh Kali Lamong,4.4698524
2026-03-25 06:00:00 - Boboh Kali Lamong,4.384474
2026-03-25 12:00:00 - Boboh Kali Lamong,4.211595
2026-03-25 18:00:00 - Boboh Kali Lamong,4.3120894
2026-03-26 06:00:00 - Boboh Kali Lamong,4.376773
2026-03-26 12:00:00 - Boboh Kali Lamong,4.317744
2026-03-26 18:00:00 - Boboh Kali Lamong,4.3600335
2026-03-27 06:00:00 - Boboh Kali Lamong,4.4132686
2026-03-27 12:00:00 - Boboh Kali Lamong,4.3705974
2026-03-27 18:00:00 - Boboh Kali Lamong,4.4967027
2026-03-28 06:00:00 - Boboh Kali Lamong,4.2501884
2026-03-28 12:00:00 - Boboh Kali Lamong,4.480875
2026-03-28 18:00:00 - Boboh Kali Lamong,4.5215945
2026-03-29 06:00:00 - Boboh Kali Lamong,4.4345307
2026-03-29 12:00:00 - Boboh Kali Lamong,4.347016
2026-03-29 18:00:00 - Boboh Kali Lamong,4.262027
2026-03-30 06:00:00 - Boboh Kali Lamong,4.4791827
2026-03-30 12:00:00 - Boboh Kali Lamong,4.3377604
2026-03-30 18:00:00 - Boboh Kali Lamong,4.429083
2026-03-31 06:00:00 - Boboh Kali Lamong,4.6232386
2026-03-31 12:00:00 - Boboh Kali Lamong,4.244771
2026-03-31 18:00:00 - Boboh Kali Lamong,4.606911
2026-04-01 06:00:00 - Boboh Kali Lamong,4.481099
2026-04-01 12:00:00 - Boboh Kali Lamong,4.355568
2026-04-01 18:00:00 - Boboh Kali Lamong,4.42758
2026-04-02 06:00:00 - Boboh Kali Lamong,4.1494803
2026-04-02 12:00:00 - Boboh Kali Lamong,4.2636127
2026-04-02 18:00:00 - Boboh Kali Lamong,4.4568353
2026-04-03 06:00:00 - Boboh Kali Lamong,4.8989162
2026-04-03 12:00:00 - Boboh Kali Lamong,4.7535005
2026-04-03 18:00:00 - Boboh Kali Lamong,4.7431536
2026-04-04 06:00:00 - Boboh Kali Lamong,4.7612953
2026-04-04 12:00:00 - Boboh Kali Lamong,4.9005833
2026-04-04 18:00:00 - Boboh Kali Lamong,4.9598975
2026-04-05 06:00:00 - Boboh Kali Lamong,4.8442516
2026-04-05 12:00:00 - Boboh Kali Lamong,4.696372
2026-04-05 18:00:00 - Boboh Kali Lamong,4.556367
2026-04-06 06:00:00 - Boboh Kali Lamong,4.543766
2026-04-06 12:00:00 - Boboh Kali Lamong,4.5581164
2026-04-06 18:00:00 - Boboh Kali Lamong,4.7279716
2026-04-07 06:00:00 - Boboh Kali Lamong,4.8325477
2026-04-07 12:00:00 - Boboh Kali Lamong,4.791135
2026-04-07 18:00:00 - Boboh Kali Lamong,4.877275
2026-04-08 06:00:00 - Boboh Kali Lamong,4.8044834
2026-04-08 12:00:00 - Boboh Kali Lamong,4.9111743
2026-04-08 18:00:00 - Boboh Kali Lamong,4.7390485
2026-04-09 06:00:00 - Boboh Kali Lamong,4.6423917
2026-04-09 12:00:00 - Boboh Kali Lamong,4.540206
2026-04-09 18:00:00 - Boboh Kali Lamong,4.542207
2026-04-10 06:00:00 - Boboh Kali Lamong,4.5156956
2026-04-10 12:00:00 - Boboh Kali Lamong,4.6465487
2026-04-10 18:00:00 - Boboh Kali Lamong,4.738625
2026-04-11 06:00:00 - Boboh Kali Lamong,4.798026
2026-04-11 12:00:00 - Boboh Kali Lamong,4.895215
2026-04-11 18:00:00 - Boboh Kali Lamong,4.4546556
2026-04-12 06:00:00 - Boboh Kali Lamong,5.030386
2026-04-12 12:00:00 - Boboh Kali Lamong,5.218086
2026-04-12 18:00:00 - Boboh Kali Lamong,5.5382867
2026-04-13 06:00:00 - Boboh Kali Lamong,4.798474
2026-04-13 12:00:00 - Boboh Kali Lamong,4.937641
2026-04-13 18:00:00 - Boboh Kali Lamong,5.2184825
2026-04-14 06:00:00 - Boboh Kali Lamong,4.780644
2026-04-14 12:00:00 - Boboh Kali Lamong,4.633972
2026-04-14 18:00:00 - Boboh Kali Lamong,4.5966206
2026-04-15 06:00:00 - Boboh Kali Lamong,4.572416
2026-04-15 12:00:00 - Boboh Kali Lamong,4.290713
2026-04-15 18:00:00 - Boboh Kali Lamong,4.366312
2026-04-16 06:00:00 - Boboh Kali Lamong,4.291041
2026-04-16 12:00:00 - Boboh Kali Lamong,4.274292
2026-04-16 18:00:00 - Boboh Kali Lamong,4.1697617
2026-04-17 06:00:00 - Boboh Kali Lamong,4.357052
2026-04-17 12:00:00 - Boboh Kali Lamong,4.330441
2026-04-17 18:00:00 - Boboh Kali Lamong,4.2655797
2026-04-18 06:00:00 - Boboh Kali Lamong,4.1982727
2026-04-18 12:00:00 - Boboh Kali Lamong,4.2243295
2026-04-18 18:00:00 - Boboh Kali Lamong,4.335908
2026-04-19 06:00:00 - Boboh Kali Lamong,4.2253203
2026-04-19 12:00:00 - Boboh Kali Lamong,4.109499
2026-04-19 18:00:00 - Boboh Kali Lamong,4.137029
2026-04-20 06:00:00 - Boboh Kali Lamong,4.349167
2026-04-20 12:00:00 - Boboh Kali Lamong,4.467196
2026-04-20 18:00:00 - Boboh Kali Lamong,4.8749003
2026-04-21 06:00:00 - Boboh Kali Lamong,4.443089
2026-04-21 12:00:00 - Boboh Kali Lamong,4.477489
2026-04-21 18:00:00 - Boboh Kali Lamong,4.599863
2026-04-22 06:00:00 - Boboh Kali Lamong,4.2564154
2026-04-22 12:00:00 - Boboh Kali Lamong,4.293332
2026-04-22 18:00:00 - Boboh Kali Lamong,4.3398323
2026-04-23 06:00:00 - Boboh Kali Lamong,4.643504
2026-04-23 12:00:00 - Boboh Kali Lamong,4.6959524
2026-04-23 18:00:00 - Boboh Kali Lamong,4.650517
2026-04-24 06:00:00 - Boboh Kali Lamong,4.4560256
2026-04-24 12:00:00 - Boboh Kali Lamong,4.3618646
2026-04-24 18:00:00 - Boboh Kali Lamong,4.562196
2026-04-25 06:00:00 - Boboh Kali Lamong,4.321884
2026-04-25 12:00:00 - Boboh Kali Lamong,4.2852154
2026-04-25 18:00:00 - Boboh Kali Lamong,4.4153156
2026-04-26 06:00:00 - Boboh Kali Lamong,4.344431
2026-04-26 12:00:00 - Boboh Kali Lamong,4.3295465
2026-04-26 18:00:00 - Boboh Kali Lamong,4.2872934
2026-04-27 06:00:00 - Boboh Kali Lamong,4.4247236
2026-04-27 12:00:00 - Boboh Kali Lamong,4.339076
2026-04-27 18:00:00 - Boboh Kali Lamong,4.482896
2026-04-28 06:00:00 - Boboh Kali Lamong,4.3031716
2026-04-28 12:00:00 - Boboh Kali Lamong,4.4437237
2026-04-28 18:00:00 - Boboh Kali Lamong,4.4697795
2026-04-29 06:00:00 - Boboh Kali Lamong,4.249239
2026-04-29 12:00:00 - Boboh Kali Lamong,4.4098253
2026-04-29 18:00:00 - Boboh Kali Lamong,4.512412
2026-04-30 06:00:00 - Boboh Kali Lamong,4.5096602
2026-04-30 12:00:00 - Boboh Kali Lamong,4.4679523
2026-04-30 18:00:00 - Boboh Kali Lamong,4.098797
2026-05-01 06:00:00 - Boboh Kali Lamong,4.317133
2026-05-01 12:00:00 - Boboh Kali Lamong,4.271244
2026-05-01 18:00:00 - Boboh Kali Lamong,4.656494
2026-05-02 06:00:00 - Boboh Kali Lamong,4.365218
2026-05-02 12:00:00 - Boboh Kali Lamong,4.424619
2026-05-02 18:00:00 - Boboh Kali Lamong,4.6480265
2026-05-03 06:00:00 - Boboh Kali Lamong,4.3166823
2026-05-03 12:00:00 - Boboh Kali Lamong,4.4130535
2026-05-03 18:00:00 - Boboh Kali Lamong,4.349284
2026-05-04 06:00:00 - Boboh Kali Lamong,4.176183
2026-05-04 12:00:00 - Boboh Kali Lamong,4.1585507
2026-05-04 18:00:00 - Boboh Kali Lamong,4.3035984
2026-05-05 06:00:00 - Boboh Kali Lamong,4.1958776
2026-05-05 12:00:00 - Boboh Kali Lamong,4.299626
2026-05-05 18:00:00 - Boboh Kali Lamong,4.300189
2026-05-06 06:00:00 - Boboh Kali Lamong,4.058174
2026-05-06 12:00:00 - Boboh Kali Lamong,4.1705956
2026-05-06 18:00:00 - Boboh Kali Lamong,4.1166353
2026-05-07 06:00:00 - Boboh Kali Lamong,4.13374
2026-05-07 12:00:00 - Boboh Kali Lamong,4.136062
2026-05-07 18:00:00 - Boboh Kali Lamong,4.130951
2026-05-08 06:00:00 - Boboh Kali Lamong,4.079327
2026-05-08 12:00:00 - Boboh Kali Lamong,4.150532
2026-05-08 18:00:00 - Boboh Kali Lamong,4.054457
2026-05-09 06:00:00 - Boboh Kali Lamong,4.0211506
2026-05-09 12:00:00 - Boboh Kali Lamong,4.1417866
2026-05-09 18:00:00 - Boboh Kali Lamong,4.104315
2026-05-10 06:00:00 - Boboh Kali Lamong,4.0879183
2026-05-10 12:00:00 - Boboh Kali Lamong,3.8569944
2026-05-10 18:00:00 - Boboh Kali Lamong,3.8745747
2026-05-11 06:00:00 - Boboh Kali Lamong,3.6110632
2026-05-11 12:00:00 - Boboh Kali Lamong,3.7644372
2026-05-11 18:00:00 - Boboh Kali Lamong,3.8479118
2026-05-12 06:00:00 - Boboh Kali Lamong,3.862741
2026-05-12 12:00:00 - Boboh Kali Lamong,3.9275775
2026-05-12 18:00:00 - Boboh Kali Lamong,3.8278546
2026-05-13 06:00:00 - Boboh Kali Lamong,3.6361516
2026-05-13 12:00:00 - Boboh Kali Lamong,3.6251004
2026-05-13 18:00:00 - Boboh Kali Lamong,3.7162013
2026-05-14 06:00:00 - Boboh Kali Lamong,3.5905669
2026-05-14 12:00:00 - Boboh Kali Lamong,3.5717106
2026-05-14 18:00:00 - Boboh Kali Lamong,3.5592506
2026-05-15 06:00:00 - Boboh Kali Lamong,3.5664883
2026-05-15 12:00:00 - Boboh Kali Lamong,3.6015942
2026-05-15 18:00:00 - Boboh Kali Lamong,3.6161044
2026-05-16 06:00:00 - Boboh Kali Lamong,3.4949682
2026-05-16 12:00:00 - Boboh Kali Lamong,3.4644845
2026-05-16 18:00:00 - Boboh Kali Lamong,3.6693866
2026-05-17 06:00:00 - Boboh Kali Lamong,3.3663576
2026-05-17 12:00:00 - Boboh Kali Lamong,3.469139
2026-05-17 18:00:00 - Boboh Kali Lamong,3.57058
2026-05-18 06:00:00 - Boboh Kali Lamong,3.3724468
2026-05-18 12:00:00 - Boboh Kali Lamong,3.5436263
2026-05-18 18:00:00 - Boboh Kali Lamong,3.6957693
2025-09-19 06:00:00 - Bojonegoro - Kali Kethek,9.879378
2025-09-19 12:00:00 - Bojonegoro - Kali Kethek,7.892378
2025-09-19 18:00:00 - Bojonegoro - Kali Kethek,7.5285106
2025-09-20 06:00:00 - Bojonegoro - Kali Kethek,7.657677
2025-09-20 12:00:00 - Bojonegoro - Kali Kethek,7.5632544
2025-09-20 18:00:00 - Bojonegoro - Kali Kethek,7.3919487
2025-09-21 06:00:00 - Bojonegoro - Kali Kethek,7.8260293
2025-09-21 12:00:00 - Bojonegoro - Kali Kethek,7.864077
2025-09-21 18:00:00 - Bojonegoro - Kali Kethek,7.6201854
2025-09-22 06:00:00 - Bojonegoro - Kali Kethek,7.638409
2025-09-22 12:00:00 - Bojonegoro - Kali Kethek,7.634439
2025-09-22 18:00:00 - Bojonegoro - Kali Kethek,7.5577216
2025-09-23 06:00:00 - Bojonegoro - Kali Kethek,7.9758596
2025-09-23 12:00:00 - Bojonegoro - Kali Kethek,7.540375
2025-09-23 18:00:00 - Bojonegoro - Kali Kethek,7.708701
2025-09-24 06:00:00 - Bojonegoro - Kali Kethek,7.9066195
2025-09-24 12:00:00 - Bojonegoro - Kali Kethek,7.6875763
2025-09-24 18:00:00 - Bojonegoro - Kali Kethek,7.521745
2025-09-25 06:00:00 - Bojonegoro - Kali Kethek,10.673862
2025-09-25 12:00:00 - Bojonegoro - Kali Kethek,7.3338814
2025-09-25 18:00:00 - Bojonegoro - Kali Kethek,7.5134406
2025-09-26 06:00:00 - Bojonegoro - Kali Kethek,7.5744457
2025-09-26 12:00:00 - Bojonegoro - Kali Kethek,7.473401
2025-09-26 18:00:00 - Bojonegoro - Kali Kethek,7.5286427
2025-09-27 06:00:00 - Bojonegoro - Kali Kethek,7.614844
2025-09-27 12:00:00 - Bojonegoro - Kali Kethek,7.472035
2025-09-27 18:00:00 - Bojonegoro - Kali Kethek,7.786265
2025-09-28 06:00:00 - Bojonegoro - Kali Kethek,7.322288
2025-09-28 12:00:00 - Bojonegoro - Kali Kethek,8.655127
2025-09-28 18:00:00 - Bojonegoro - Kali Kethek,7.7321534
2025-09-29 06:00:00 - Bojonegoro - Kali Kethek,7.339979
2025-09-29 12:00:00 - Bojonegoro - Kali Kethek,7.3252144
2025-09-29 18:00:00 - Bojonegoro - Kali Kethek,7.4546375
2025-09-30 06:00:00 - Bojonegoro - Kali Kethek,7.332182
2025-09-30 12:00:00 - Bojonegoro - Kali Kethek,7.4099584
2025-09-30 18:00:00 - Bojonegoro - Kali Kethek,7.273433
2025-10-01 06:00:00 - Bojonegoro - Kali Kethek,7.463515
2025-10-01 12:00:00 - Bojonegoro - Kali Kethek,7.5614953
2025-10-01 18:00:00 - Bojonegoro - Kali Kethek,7.430228
2025-10-02 06:00:00 - Bojonegoro - Kali Kethek,7.5020533
2025-10-02 12:00:00 - Bojonegoro - Kali Kethek,7.625599
2025-10-02 18:00:00 - Bojonegoro - Kali Kethek,7.4379864
2025-10-03 06:00:00 - Bojonegoro - Kali Kethek,7.5172234
2025-10-03 12:00:00 - Bojonegoro - Kali Kethek,7.4203544
2025-10-03 18:00:00 - Bojonegoro - Kali Kethek,7.5335946
2025-10-04 06:00:00 - Bojonegoro - Kali Kethek,10.649253
2025-10-04 12:00:00 - Bojonegoro - Kali Kethek,7.8301826
2025-10-04 18:00:00 - Bojonegoro - Kali Kethek,7.4572277
2025-10-05 06:00:00 - Bojonegoro - Kali Kethek,7.4383483
2025-10-05 12:00:00 - Bojonegoro - Kali Kethek,7.5179296
2025-10-05 18:00:00 - Bojonegoro - Kali Kethek,7.61826
2025-10-06 06:00:00 - Bojonegoro - Kali Kethek,7.3282714
2025-10-06 12:00:00 - Bojonegoro - Kali Kethek,7.475671
2025-10-06 18:00:00 - Bojonegoro - Kali Kethek,7.473245
2025-10-07 06:00:00 - Bojonegoro - Kali Kethek,7.268734
2025-10-07 12:00:00 - Bojonegoro - Kali Kethek,7.397607
2025-10-07 18:00:00 - Bojonegoro - Kali Kethek,8.5321665
2025-10-08 06:00:00 - Bojonegoro - Kali Kethek,7.470135
2025-10-08 12:00:00 - Bojonegoro - Kali Kethek,7.240089
2025-10-08 18:00:00 - Bojonegoro - Kali Kethek,8.068505
2025-10-09 06:00:00 - Bojonegoro - Kali Kethek,12.224227
2025-10-09 12:00:00 - Bojonegoro - Kali Kethek,7.4962683
2025-10-09 18:00:00 - Bojonegoro - Kali Kethek,7.1717267
2025-10-10 06:00:00 - Bojonegoro - Kali Kethek,7.4009833
2025-10-10 12:00:00 - Bojonegoro - Kali Kethek,6.97223
2025-10-10 18:00:00 - Bojonegoro - Kali Kethek,8.593564
2025-10-11 06:00:00 - Bojonegoro - Kali Kethek,7.4232473
2025-10-11 12:00:00 - Bojonegoro - Kali Kethek,7.1310744
2025-10-11 18:00:00 - Bojonegoro - Kali Kethek,7.494725
2025-10-12 06:00:00 - Bojonegoro - Kali Kethek,7.288755
2025-10-12 12:00:00 - Bojonegoro - Kali Kethek,7.0975904
2025-10-12 18:00:00 - Bojonegoro - Kali Kethek,7.283407
2025-10-13 06:00:00 - Bojonegoro - Kali Kethek,7.206055
2025-10-13 12:00:00 - Bojonegoro - Kali Kethek,7.095013
2025-10-13 18:00:00 - Bojonegoro - Kali Kethek,7.0091515
2025-10-14 06:00:00 - Bojonegoro - Kali Kethek,7.2801757
2025-10-14 12:00:00 - Bojonegoro - Kali Kethek,7.2359924
2025-10-14 18:00:00 - Bojonegoro - Kali Kethek,7.102335
2025-10-15 06:00:00 - Bojonegoro - Kali Kethek,7.142768
2025-10-15 12:00:00 - Bojonegoro - Kali Kethek,7.1619244
2025-10-15 18:00:00 - Bojonegoro - Kali Kethek,6.7976723
2025-10-16 06:00:00 - Bojonegoro - Kali Kethek,7.089816
2025-10-16 12:00:00 - Bojonegoro - Kali Kethek,6.86605
2025-10-16 18:00:00 - Bojonegoro - Kali Kethek,6.974139
2025-10-17 06:00:00 - Bojonegoro - Kali Kethek,7.1702194
2025-10-17 12:00:00 - Bojonegoro - Kali Kethek,6.7552466
2025-10-17 18:00:00 - Bojonegoro - Kali Kethek,8.719447
2025-10-18 06:00:00 - Bojonegoro - Kali Kethek,9.918294
2025-10-18 12:00:00 - Bojonegoro - Kali Kethek,6.8654413
2025-10-18 18:00:00 - Bojonegoro - Kali Kethek,6.9328413
2025-10-19 06:00:00 - Bojonegoro - Kali Kethek,6.913937
2025-10-19 12:00:00 - Bojonegoro - Kali Kethek,6.858834
2025-10-19 18:00:00 - Bojonegoro - Kali Kethek,6.7769146
2025-10-20 06:00:00 - Bojonegoro - Kali Kethek,7.0297294
2025-10-20 12:00:00 - Bojonegoro - Kali Kethek,6.8781652
2025-10-20 18:00:00 - Bojonegoro - Kali Kethek,6.7799535
2025-10-21 06:00:00 - Bojonegoro - Kali Kethek,7.195328
2025-10-21 12:00:00 - Bojonegoro - Kali Kethek,7.411694
2025-10-21 18:00:00 - Bojonegoro - Kali Kethek,7.5088215
2025-10-22 06:00:00 - Bojonegoro - Kali Kethek,7.711659
2025-10-22 12:00:00 - Bojonegoro - Kali Kethek,8.08788
2025-10-22 18:00:00 - Bojonegoro - Kali Kethek,11.156581
2025-10-23 06:00:00 - Bojonegoro - Kali Kethek,8.820605
2025-10-23 12:00:00 - Bojonegoro - Kali Kethek,8.21197
2025-10-23 18:00:00 - Bojonegoro - Kali Kethek,8.724325
2025-10-24 06:00:00 - Bojonegoro - Kali Kethek,9.34219
2025-10-24 12:00:00 - Bojonegoro - Kali Kethek,9.236862
2025-10-24 18:00:00 - Bojonegoro - Kali Kethek,9.27291
2025-10-25 06:00:00 - Bojonegoro - Kali Kethek,9.2793865
2025-10-25 12:00:00 - Bojonegoro - Kali Kethek,9.345605
2025-10-25 18:00:00 - Bojonegoro - Kali Kethek,9.384057
2025-10-26 06:00:00 - Bojonegoro - Kali Kethek,9.051783
2025-10-26 12:00:00 - Bojonegoro - Kali Kethek,8.994431
2025-10-26 18:00:00 - Bojonegoro - Kali Kethek,8.898623
2025-10-27 06:00:00 - Bojonegoro - Kali Kethek,10.065018
2025-10-27 12:00:00 - Bojonegoro - Kali Kethek,9.20932
2025-10-27 18:00:00 - Bojonegoro - Kali Kethek,9.2416315
2025-10-28 06:00:00 - Bojonegoro - Kali Kethek,9.276826
2025-10-28 12:00:00 - Bojonegoro - Kali Kethek,9.206107
2025-10-28 18:00:00 - Bojonegoro - Kali Kethek,9.043192
2025-10-29 06:00:00 - Bojonegoro - Kali Kethek,9.07957
2025-10-29 12:00:00 - Bojonegoro - Kali Kethek,9.417589
2025-10-29 18:00:00 - Bojonegoro - Kali Kethek,9.138871
2025-10-30 06:00:00 - Bojonegoro - Kali Kethek,9.39759
2025-10-30 12:00:00 - Bojonegoro - Kali Kethek,9.589737
2025-10-30 18:00:00 - Bojonegoro - Kali Kethek,9.44208
2025-10-31 06:00:00 - Bojonegoro - Kali Kethek,9.25444
2025-10-31 12:00:00 - Bojonegoro - Kali Kethek,8.847674
2025-10-31 18:00:00 - Bojonegoro - Kali Kethek,8.843093
2025-11-01 06:00:00 - Bojonegoro - Kali Kethek,9.163615
2025-11-01 12:00:00 - Bojonegoro - Kali Kethek,8.807197
2025-11-01 18:00:00 - Bojonegoro - Kali Kethek,9.235693
2025-11-02 06:00:00 - Bojonegoro - Kali Kethek,9.399589
2025-11-02 12:00:00 - Bojonegoro - Kali Kethek,8.928019
2025-11-02 18:00:00 - Bojonegoro - Kali Kethek,9.459027
2025-11-03 06:00:00 - Bojonegoro - Kali Kethek,9.283875
2025-11-03 12:00:00 - Bojonegoro - Kali Kethek,9.652288
2025-11-03 18:00:00 - Bojonegoro - Kali Kethek,9.821681
2025-11-04 06:00:00 - Bojonegoro - Kali Kethek,9.806664
2025-11-04 12:00:00 - Bojonegoro - Kali Kethek,10.1032915
2025-11-04 18:00:00 - Bojonegoro - Kali Kethek,10.220306
2025-11-05 06:00:00 - Bojonegoro - Kali Kethek,9.84562
2025-11-05 12:00:00 - Bojonegoro - Kali Kethek,9.92636
2025-11-05 18:00:00 - Bojonegoro - Kali Kethek,9.916443
2025-11-06 06:00:00 - Bojonegoro - Kali Kethek,9.420445
2025-11-06 12:00:00 - Bojonegoro - Kali Kethek,9.910321
2025-11-06 18:00:00 - Bojonegoro - Kali Kethek,9.961196
2025-11-07 06:00:00 - Bojonegoro - Kali Kethek,10.157852
2025-11-07 12:00:00 - Bojonegoro - Kali Kethek,9.830122
2025-11-07 18:00:00 - Bojonegoro - Kali Kethek,10.157046
2025-11-08 06:00:00 - Bojonegoro - Kali Kethek,10.420392
2025-11-08 12:00:00 - Bojonegoro - Kali Kethek,10.371253
2025-11-08 18:00:00 - Bojonegoro - Kali Kethek,10.526275
2025-11-09 06:00:00 - Bojonegoro - Kali Kethek,10.450989
2025-11-09 12:00:00 - Bojonegoro - Kali Kethek,10.274519
2025-11-09 18:00:00 - Bojonegoro - Kali Kethek,10.099282
2025-11-10 06:00:00 - Bojonegoro - Kali Kethek,10.285082
2025-11-10 12:00:00 - Bojonegoro - Kali Kethek,9.580994
2025-11-10 18:00:00 - Bojonegoro - Kali Kethek,10.362
2025-11-11 06:00:00 - Bojonegoro - Kali Kethek,10.385245
2025-11-11 12:00:00 - Bojonegoro - Kali Kethek,10.831726
2025-11-11 18:00:00 - Bojonegoro - Kali Kethek,10.585719
2025-11-12 06:00:00 - Bojonegoro - Kali Kethek,10.822653
2025-11-12 12:00:00 - Bojonegoro - Kali Kethek,11.014181
2025-11-12 18:00:00 - Bojonegoro - Kali Kethek,11.571193
2025-11-13 06:00:00 - Bojonegoro - Kali Kethek,11.362247
2025-11-13 12:00:00 - Bojonegoro - Kali Kethek,11.485165
2025-11-13 18:00:00 - Bojonegoro - Kali Kethek,11.368418
2025-11-14 06:00:00 - Bojonegoro - Kali Kethek,11.206538
2025-11-14 12:00:00 - Bojonegoro - Kali Kethek,10.803892
2025-11-14 18:00:00 - Bojonegoro - Kali Kethek,10.635499
2025-11-15 06:00:00 - Bojonegoro - Kali Kethek,11.338514
2025-11-15 12:00:00 - Bojonegoro - Kali Kethek,11.057256
2025-11-15 18:00:00 - Bojonegoro - Kali Kethek,11.141027
2025-11-16 06:00:00 - Bojonegoro - Kali Kethek,10.860449
2025-11-16 12:00:00 - Bojonegoro - Kali Kethek,10.800142
2025-11-16 18:00:00 - Bojonegoro - Kali Kethek,10.757277
2025-11-17 06:00:00 - Bojonegoro - Kali Kethek,11.246229
2025-11-17 12:00:00 - Bojonegoro - Kali Kethek,11.401195
2025-11-17 18:00:00 - Bojonegoro - Kali Kethek,11.425213
2025-11-18 06:00:00 - Bojonegoro - Kali Kethek,10.994119
2025-11-18 12:00:00 - Bojonegoro - Kali Kethek,11.134789
2025-11-18 18:00:00 - Bojonegoro - Kali Kethek,10.844164
2025-11-19 06:00:00 - Bojonegoro - Kali Kethek,10.70517
2025-11-19 12:00:00 - Bojonegoro - Kali Kethek,11.21367
2025-11-19 18:00:00 - Bojonegoro - Kali Kethek,11.36726
2025-11-20 06:00:00 - Bojonegoro - Kali Kethek,11.647735
2025-11-20 12:00:00 - Bojonegoro - Kali Kethek,11.190583
2025-11-20 18:00:00 - Bojonegoro - Kali Kethek,11.179719
2025-11-21 06:00:00 - Bojonegoro - Kali Kethek,11.753992
2025-11-21 12:00:00 - Bojonegoro - Kali Kethek,11.717197
2025-11-21 18:00:00 - Bojonegoro - Kali Kethek,11.987237
2025-11-22 06:00:00 - Bojonegoro - Kali Kethek,11.937035
2025-11-22 12:00:00 - Bojonegoro - Kali Kethek,11.989574
2025-11-22 18:00:00 - Bojonegoro - Kali Kethek,11.987544
2025-11-23 06:00:00 - Bojonegoro - Kali Kethek,11.792654
2025-11-23 12:00:00 - Bojonegoro - Kali Kethek,11.591174
2025-11-23 18:00:00 - Bojonegoro - Kali Kethek,11.217912
2025-11-24 06:00:00 - Bojonegoro - Kali Kethek,11.760048
2025-11-24 12:00:00 - Bojonegoro - Kali Kethek,11.331545
2025-11-24 18:00:00 - Bojonegoro - Kali Kethek,11.50209
2025-11-25 06:00:00 - Bojonegoro - Kali Kethek,11.071682
2025-11-25 12:00:00 - Bojonegoro - Kali Kethek,11.081529
2025-11-25 18:00:00 - Bojonegoro - Kali Kethek,11.232423
2025-11-26 06:00:00 - Bojonegoro - Kali Kethek,11.121203
2025-11-26 12:00:00 - Bojonegoro - Kali Kethek,11.027159
2025-11-26 18:00:00 - Bojonegoro - Kali Kethek,10.629146
2025-11-27 06:00:00 - Bojonegoro - Kali Kethek,10.932667
2025-11-27 12:00:00 - Bojonegoro - Kali Kethek,10.731121
2025-11-27 18:00:00 - Bojonegoro - Kali Kethek,10.786605
2025-11-28 06:00:00 - Bojonegoro - Kali Kethek,11.0981
2025-11-28 12:00:00 - Bojonegoro - Kali Kethek,10.875001
2025-11-28 18:00:00 - Bojonegoro - Kali Kethek,10.737631
2025-11-29 06:00:00 - Bojonegoro - Kali Kethek,11.107108
2025-11-29 12:00:00 - Bojonegoro - Kali Kethek,10.500337
2025-11-29 18:00:00 - Bojonegoro - Kali Kethek,10.313591
2025-11-30 06:00:00 - Bojonegoro - Kali Kethek,9.929319
2025-11-30 12:00:00 - Bojonegoro - Kali Kethek,9.479432
2025-11-30 18:00:00 - Bojonegoro - Kali Kethek,8.709033
2025-12-01 06:00:00 - Bojonegoro - Kali Kethek,9.012494
2025-12-01 12:00:00 - Bojonegoro - Kali Kethek,8.979736
2025-12-01 18:00:00 - Bojonegoro - Kali Kethek,8.789212
2025-12-02 06:00:00 - Bojonegoro - Kali Kethek,8.5961275
2025-12-02 12:00:00 - Bojonegoro - Kali Kethek,8.719928
2025-12-02 18:00:00 - Bojonegoro - Kali Kethek,9.644933
2025-12-03 06:00:00 - Bojonegoro - Kali Kethek,9.930257
2025-12-03 12:00:00 - Bojonegoro - Kali Kethek,8.862595
2025-12-03 18:00:00 - Bojonegoro - Kali Kethek,8.856238
2025-12-04 06:00:00 - Bojonegoro - Kali Kethek,8.971556
2025-12-04 12:00:00 - Bojonegoro - Kali Kethek,9.064411
2025-12-04 18:00:00 - Bojonegoro - Kali Kethek,9.150189
2025-12-05 06:00:00 - Bojonegoro - Kali Kethek,10.221854
2025-12-05 12:00:00 - Bojonegoro - Kali Kethek,10.1972065
2025-12-05 18:00:00 - Bojonegoro - Kali Kethek,10.398466
2025-12-06 06:00:00 - Bojonegoro - Kali Kethek,10.803093
2025-12-06 12:00:00 - Bojonegoro - Kali Kethek,11.064146
2025-12-06 18:00:00 - Bojonegoro - Kali Kethek,11.154584
2025-12-07 06:00:00 - Bojonegoro - Kali Kethek,12.117588
2025-12-07 12:00:00 - Bojonegoro - Kali Kethek,11.430011
2025-12-07 18:00:00 - Bojonegoro - Kali Kethek,11.485235
2025-12-08 06:00:00 - Bojonegoro - Kali Kethek,11.627279
2025-12-08 12:00:00 - Bojonegoro - Kali Kethek,11.517193
2025-12-08 18:00:00 - Bojonegoro - Kali Kethek,11.320657
2025-12-09 06:00:00 - Bojonegoro - Kali Kethek,11.151406
2025-12-09 12:00:00 - Bojonegoro - Kali Kethek,11.319996
2025-12-09 18:00:00 - Bojonegoro - Kali Kethek,11.410527
2025-12-10 06:00:00 - Bojonegoro - Kali Kethek,11.565753
2025-12-10 12:00:00 - Bojonegoro - Kali Kethek,11.798067
2025-12-10 18:00:00 - Bojonegoro - Kali Kethek,11.671829
2025-12-11 06:00:00 - Bojonegoro - Kali Kethek,10.831796
2025-12-11 12:00:00 - Bojonegoro - Kali Kethek,11.285624
2025-12-11 18:00:00 - Bojonegoro - Kali Kethek,10.75735
2025-12-12 06:00:00 - Bojonegoro - Kali Kethek,10.333728
2025-12-12 12:00:00 - Bojonegoro - Kali Kethek,10.267337
2025-12-12 18:00:00 - Bojonegoro - Kali Kethek,10.345433
2025-12-13 06:00:00 - Bojonegoro - Kali Kethek,10.385729
2025-12-13 12:00:00 - Bojonegoro - Kali Kethek,9.99888
2025-12-13 18:00:00 - Bojonegoro - Kali Kethek,9.37693
2025-12-14 06:00:00 - Bojonegoro - Kali Kethek,9.672157
2025-12-14 12:00:00 - Bojonegoro - Kali Kethek,9.561667
2025-12-14 18:00:00 - Bojonegoro - Kali Kethek,9.548502
2025-12-15 06:00:00 - Bojonegoro - Kali Kethek,10.38594
2025-12-15 12:00:00 - Bojonegoro - Kali Kethek,10.067192
2025-12-15 18:00:00 - Bojonegoro - Kali Kethek,10.13869
2025-12-16 06:00:00 - Bojonegoro - Kali Kethek,9.89556
2025-12-16 12:00:00 - Bojonegoro - Kali Kethek,9.417441
2025-12-16 18:00:00 - Bojonegoro - Kali Kethek,8.870064
2025-12-17 06:00:00 - Bojonegoro - Kali Kethek,9.008613
2025-12-17 12:00:00 - Bojonegoro - Kali Kethek,8.989053
2025-12-17 18:00:00 - Bojonegoro - Kali Kethek,8.990748
2025-12-18 06:00:00 - Bojonegoro - Kali Kethek,8.990119
2025-12-18 12:00:00 - Bojonegoro - Kali Kethek,8.768039
2025-12-18 18:00:00 - Bojonegoro - Kali Kethek,9.5503025
2025-12-19 06:00:00 - Bojonegoro - Kali Kethek,8.906958
2025-12-19 12:00:00 - Bojonegoro - Kali Kethek,8.988139
2025-12-19 18:00:00 - Bojonegoro - Kali Kethek,9.003275
2025-12-20 06:00:00 - Bojonegoro - Kali Kethek,9.155971
2025-12-20 12:00:00 - Bojonegoro - Kali Kethek,8.289536
2025-12-20 18:00:00 - Bojonegoro - Kali Kethek,9.023197
2025-12-21 06:00:00 - Bojonegoro - Kali Kethek,9.448425
2025-12-21 12:00:00 - Bojonegoro - Kali Kethek,9.461168
2025-12-21 18:00:00 - Bojonegoro - Kali Kethek,9.520049
2025-12-22 06:00:00 - Bojonegoro - Kali Kethek,10.3301935
2025-12-22 12:00:00 - Bojonegoro - Kali Kethek,10.75453
2025-12-22 18:00:00 - Bojonegoro - Kali Kethek,10.395518
2025-12-23 06:00:00 - Bojonegoro - Kali Kethek,10.073204
2025-12-23 12:00:00 - Bojonegoro - Kali Kethek,9.987332
2025-12-23 18:00:00 - Bojonegoro - Kali Kethek,9.975587
2025-12-24 06:00:00 - Bojonegoro - Kali Kethek,9.978081
2025-12-24 12:00:00 - Bojonegoro - Kali Kethek,9.812909
2025-12-24 18:00:00 - Bojonegoro - Kali Kethek,9.430582
2025-12-25 06:00:00 - Bojonegoro - Kali Kethek,9.459129
2025-12-25 12:00:00 - Bojonegoro - Kali Kethek,9.375824
2025-12-25 18:00:00 - Bojonegoro - Kali Kethek,9.275245
2025-12-26 06:00:00 - Bojonegoro - Kali Kethek,9.52371
2025-12-26 12:00:00 - Bojonegoro - Kali Kethek,9.316735
2025-12-26 18:00:00 - Bojonegoro - Kali Kethek,9.246614
2025-12-27 06:00:00 - Bojonegoro - Kali Kethek,10.228967
2025-12-27 12:00:00 - Bojonegoro - Kali Kethek,10.176441
2025-12-27 18:00:00 - Bojonegoro - Kali Kethek,10.204779
2025-12-28 06:00:00 - Bojonegoro - Kali Kethek,9.92714
2025-12-28 12:00:00 - Bojonegoro - Kali Kethek,9.825187
2025-12-28 18:00:00 - Bojonegoro - Kali Kethek,9.84874
2025-12-29 06:00:00 - Bojonegoro - Kali Kethek,9.507139
2025-12-29 12:00:00 - Bojonegoro - Kali Kethek,9.709508
2025-12-29 18:00:00 - Bojonegoro - Kali Kethek,9.054052
2025-12-30 06:00:00 - Bojonegoro - Kali Kethek,8.800366
2025-12-30 12:00:00 - Bojonegoro - Kali Kethek,8.341765
2025-12-30 18:00:00 - Bojonegoro - Kali Kethek,8.309202
2025-12-31 06:00:00 - Bojonegoro - Kali Kethek,9.103638
2025-12-31 12:00:00 - Bojonegoro - Kali Kethek,8.80203
2025-12-31 18:00:00 - Bojonegoro - Kali Kethek,9.147512
2026-01-01 06:00:00 - Bojonegoro - Kali Kethek,9.682511
2026-01-01 12:00:00 - Bojonegoro - Kali Kethek,9.86356
2026-01-01 18:00:00 - Bojonegoro - Kali Kethek,9.5265
2026-01-02 06:00:00 - Bojonegoro - Kali Kethek,10.162519
2026-01-02 12:00:00 - Bojonegoro - Kali Kethek,10.438066
2026-01-02 18:00:00 - Bojonegoro - Kali Kethek,10.770587
2026-01-03 06:00:00 - Bojonegoro - Kali Kethek,10.791862
2026-01-03 12:00:00 - Bojonegoro - Kali Kethek,10.773167
2026-01-03 18:00:00 - Bojonegoro - Kali Kethek,11.029544
2026-01-04 06:00:00 - Bojonegoro - Kali Kethek,10.548786
2026-01-04 12:00:00 - Bojonegoro - Kali Kethek,10.991866
2026-01-04 18:00:00 - Bojonegoro - Kali Kethek,10.887054
2026-01-05 06:00:00 - Bojonegoro - Kali Kethek,10.4568615
2026-01-05 12:00:00 - Bojonegoro - Kali Kethek,10.493316
2026-01-05 18:00:00 - Bojonegoro - Kali Kethek,10.567379
2026-01-06 06:00:00 - Bojonegoro - Kali Kethek,10.131868
2026-01-06 12:00:00 - Bojonegoro - Kali Kethek,10.051869
2026-01-06 18:00:00 - Bojonegoro - Kali Kethek,9.277179
2026-01-07 06:00:00 - Bojonegoro - Kali Kethek,9.551997
2026-01-07 12:00:00 - Bojonegoro - Kali Kethek,9.257382
2026-01-07 18:00:00 - Bojonegoro - Kali Kethek,9.743303
2026-01-08 06:00:00 - Bojonegoro - Kali Kethek,9.253896
2026-01-08 12:00:00 - Bojonegoro - Kali Kethek,9.131985
2026-01-08 18:00:00 - Bojonegoro - Kali Kethek,9.099003
2026-01-09 06:00:00 - Bojonegoro - Kali Kethek,9.508904
2026-01-09 12:00:00 - Bojonegoro - Kali Kethek,8.878585
2026-01-09 18:00:00 - Bojonegoro - Kali Kethek,9.546422
2026-01-10 06:00:00 - Bojonegoro - Kali Kethek,9.208579
2026-01-10 12:00:00 - Bojonegoro - Kali Kethek,9.382658
2026-01-10 18:00:00 - Bojonegoro - Kali Kethek,9.158055
2026-01-11 06:00:00 - Bojonegoro - Kali Kethek,9.581441
2026-01-11 12:00:00 - Bojonegoro - Kali Kethek,9.526872
2026-01-11 18:00:00 - Bojonegoro - Kali Kethek,9.704612
2026-01-12 06:00:00 - Bojonegoro - Kali Kethek,10.144079
2026-01-12 12:00:00 - Bojonegoro - Kali Kethek,10.515421
2026-01-12 18:00:00 - Bojonegoro - Kali Kethek,10.293578
2026-01-13 06:00:00 - Bojonegoro - Kali Kethek,10.267444
2026-01-13 12:00:00 - Bojonegoro - Kali Kethek,10.364898
2026-01-13 18:00:00 - Bojonegoro - Kali Kethek,10.236653
2026-01-14 06:00:00 - Bojonegoro - Kali Kethek,10.529286
2026-01-14 12:00:00 - Bojonegoro - Kali Kethek,10.544999
2026-01-14 18:00:00 - Bojonegoro - Kali Kethek,10.857148
2026-01-15 06:00:00 - Bojonegoro - Kali Kethek,10.898399
2026-01-15 12:00:00 - Bojonegoro - Kali Kethek,10.569412
2026-01-15 18:00:00 - Bojonegoro - Kali Kethek,11.232985
2026-01-16 06:00:00 - Bojonegoro - Kali Kethek,11.126141
2026-01-16 12:00:00 - Bojonegoro - Kali Kethek,10.806131
2026-01-16 18:00:00 - Bojonegoro - Kali Kethek,10.985268
2026-01-17 06:00:00 - Bojonegoro - Kali Kethek,10.69614
2026-01-17 12:00:00 - Bojonegoro - Kali Kethek,10.3656845
2026-01-17 18:00:00 - Bojonegoro - Kali Kethek,10.790499
2026-01-18 06:00:00 - Bojonegoro - Kali Kethek,11.236635
2026-01-18 12:00:00 - Bojonegoro - Kali Kethek,11.582792
2026-01-18 18:00:00 - Bojonegoro - Kali Kethek,11.609913
2026-01-19 06:00:00 - Bojonegoro - Kali Kethek,11.413598
2026-01-19 12:00:00 - Bojonegoro - Kali Kethek,11.678448
2026-01-19 18:00:00 - Bojonegoro - Kali Kethek,11.6971245
2026-01-20 06:00:00 - Bojonegoro - Kali Kethek,11.930821
2026-01-20 12:00:00 - Bojonegoro - Kali Kethek,11.969655
2026-01-20 18:00:00 - Bojonegoro - Kali Kethek,11.8811865
2026-01-21 06:00:00 - Bojonegoro - Kali Kethek,11.791385
2026-01-21 12:00:00 - Bojonegoro - Kali Kethek,11.603473
2026-01-21 18:00:00 - Bojonegoro - Kali Kethek,11.286674
2026-01-22 06:00:00 - Bojonegoro - Kali Kethek,11.370728
2026-01-22 12:00:00 - Bojonegoro - Kali Kethek,11.002282
2026-01-22 18:00:00 - Bojonegoro - Kali Kethek,10.938354
2026-01-23 06:00:00 - Bojonegoro - Kali Kethek,10.898691
2026-01-23 12:00:00 - Bojonegoro - Kali Kethek,11.430744
2026-01-23 18:00:00 - Bojonegoro - Kali Kethek,11.423859
2026-01-24 06:00:00 - Bojonegoro - Kali Kethek,11.315163
2026-01-24 12:00:00 - Bojonegoro - Kali Kethek,11.082503
2026-01-24 18:00:00 - Bojonegoro - Kali Kethek,11.253127
2026-01-25 06:00:00 - Bojonegoro - Kali Kethek,10.625682
2026-01-25 12:00:00 - Bojonegoro - Kali Kethek,10.781245
2026-01-25 18:00:00 - Bojonegoro - Kali Kethek,9.724552
2026-01-26 06:00:00 - Bojonegoro - Kali Kethek,9.3892765
2026-01-26 12:00:00 - Bojonegoro - Kali Kethek,9.087072
2026-01-26 18:00:00 - Bojonegoro - Kali Kethek,9.34218
2026-01-27 06:00:00 - Bojonegoro - Kali Kethek,9.996339
2026-01-27 12:00:00 - Bojonegoro - Kali Kethek,10.018641
2026-01-27 18:00:00 - Bojonegoro - Kali Kethek,10.174947
2026-01-28 06:00:00 - Bojonegoro - Kali Kethek,10.801219
2026-01-28 12:00:00 - Bojonegoro - Kali Kethek,11.021563
2026-01-28 18:00:00 - Bojonegoro - Kali Kethek,10.873633
2026-01-29 06:00:00 - Bojonegoro - Kali Kethek,11.540592
2026-01-29 12:00:00 - Bojonegoro - Kali Kethek,11.528172
2026-01-29 18:00:00 - Bojonegoro - Kali Kethek,11.2300005
2026-01-30 06:00:00 - Bojonegoro - Kali Kethek,10.887448
2026-01-30 12:00:00 - Bojonegoro - Kali Kethek,10.658295
2026-01-30 18:00:00 - Bojonegoro - Kali Kethek,10.704134
2026-01-31 06:00:00 - Bojonegoro - Kali Kethek,10.542252
2026-01-31 12:00:00 - Bojonegoro - Kali Kethek,10.69497
2026-01-31 18:00:00 - Bojonegoro - Kali Kethek,10.616082
2026-02-01 06:00:00 - Bojonegoro - Kali Kethek,10.739888
2026-02-01 12:00:00 - Bojonegoro - Kali Kethek,10.489782
2026-02-01 18:00:00 - Bojonegoro - Kali Kethek,10.862767
2026-02-02 06:00:00 - Bojonegoro - Kali Kethek,11.194643
2026-02-02 12:00:00 - Bojonegoro - Kali Kethek,10.911139
2026-02-02 18:00:00 - Bojonegoro - Kali Kethek,10.777129
2026-02-03 06:00:00 - Bojonegoro - Kali Kethek,11.137386
2026-02-03 12:00:00 - Bojonegoro - Kali Kethek,11.352653
2026-02-03 18:00:00 - Bojonegoro - Kali Kethek,11.046048
2026-02-04 06:00:00 - Bojonegoro - Kali Kethek,11.87429
2026-02-04 12:00:00 - Bojonegoro - Kali Kethek,12.304769
2026-02-04 18:00:00 - Bojonegoro - Kali Kethek,12.086028
2026-02-05 06:00:00 - Bojonegoro - Kali Kethek,12.450409
2026-02-05 12:00:00 - Bojonegoro - Kali Kethek,12.376664
2026-02-05 18:00:00 - Bojonegoro - Kali Kethek,12.579155
2026-02-06 06:00:00 - Bojonegoro - Kali Kethek,12.107469
2026-02-06 12:00:00 - Bojonegoro - Kali Kethek,12.31913
2026-02-06 18:00:00 - Bojonegoro - Kali Kethek,12.086772
2026-02-07 06:00:00 - Bojonegoro - Kali Kethek,12.412153
2026-02-07 12:00:00 - Bojonegoro - Kali Kethek,12.631782
2026-02-07 18:00:00 - Bojonegoro - Kali Kethek,12.353083
2026-02-08 06:00:00 - Bojonegoro - Kali Kethek,12.265287
2026-02-08 12:00:00 - Bojonegoro - Kali Kethek,12.10243
2026-02-08 18:00:00 - Bojonegoro - Kali Kethek,12.482263
2026-02-09 06:00:00 - Bojonegoro - Kali Kethek,11.6667385
2026-02-09 12:00:00 - Bojonegoro - Kali Kethek,11.6353035
2026-02-09 18:00:00 - Bojonegoro - Kali Kethek,11.800712
2026-02-10 06:00:00 - Bojonegoro - Kali Kethek,11.651451
2026-02-10 12:00:00 - Bojonegoro - Kali Kethek,11.62838
2026-02-10 18:00:00 - Bojonegoro - Kali Kethek,11.913223
2026-02-11 06:00:00 - Bojonegoro - Kali Kethek,11.604311
2026-02-11 12:00:00 - Bojonegoro - Kali Kethek,11.549896
2026-02-11 18:00:00 - Bojonegoro - Kali Kethek,10.623648
2026-02-12 06:00:00 - Bojonegoro - Kali Kethek,11.214206
2026-02-12 12:00:00 - Bojonegoro - Kali Kethek,11.555711
2026-02-12 18:00:00 - Bojonegoro - Kali Kethek,11.353207
2026-02-13 06:00:00 - Bojonegoro - Kali Kethek,12.323547
2026-02-13 12:00:00 - Bojonegoro - Kali Kethek,12.334017
2026-02-13 18:00:00 - Bojonegoro - Kali Kethek,12.561267
2026-02-14 06:00:00 - Bojonegoro - Kali Kethek,12.418457
2026-02-14 12:00:00 - Bojonegoro - Kali Kethek,12.301009
2026-02-14 18:00:00 - Bojonegoro - Kali Kethek,12.448194
2026-02-15 06:00:00 - Bojonegoro - Kali Kethek,12.225137
2026-02-15 12:00:00 - Bojonegoro - Kali Kethek,12.231613
2026-02-15 18:00:00 - Bojonegoro - Kali Kethek,12.256849
2026-02-16 06:00:00 - Bojonegoro - Kali Kethek,12.2063055
2026-02-16 12:00:00 - Bojonegoro - Kali Kethek,12.248919
2026-02-16 18:00:00 - Bojonegoro - Kali Kethek,12.710974
2026-02-17 06:00:00 - Bojonegoro - Kali Kethek,11.845252
2026-02-17 12:00:00 - Bojonegoro - Kali Kethek,11.894649
2026-02-17 18:00:00 - Bojonegoro - Kali Kethek,12.134145
2026-02-18 06:00:00 - Bojonegoro - Kali Kethek,12.44967
2026-02-18 12:00:00 - Bojonegoro - Kali Kethek,12.329579
2026-02-18 18:00:00 - Bojonegoro - Kali Kethek,12.753169
2026-02-19 06:00:00 - Bojonegoro - Kali Kethek,12.57036
2026-02-19 12:00:00 - Bojonegoro - Kali Kethek,12.595693
2026-02-19 18:00:00 - Bojonegoro - Kali Kethek,12.720778
2026-02-20 06:00:00 - Bojonegoro - Kali Kethek,12.508331
2026-02-20 12:00:00 - Bojonegoro - Kali Kethek,12.717831
2026-02-20 18:00:00 - Bojonegoro - Kali Kethek,12.771022
2026-02-21 06:00:00 - Bojonegoro - Kali Kethek,12.419803
2026-02-21 12:00:00 - Bojonegoro - Kali Kethek,12.557222
2026-02-21 18:00:00 - Bojonegoro - Kali Kethek,12.659687
2026-02-22 06:00:00 - Bojonegoro - Kali Kethek,12.249161
2026-02-22 12:00:00 - Bojonegoro - Kali Kethek,12.334083
2026-02-22 18:00:00 - Bojonegoro - Kali Kethek,11.931162
2026-02-23 06:00:00 - Bojonegoro - Kali Kethek,11.645892
2026-02-23 12:00:00 - Bojonegoro - Kali Kethek,12.075483
2026-02-23 18:00:00 - Bojonegoro - Kali Kethek,12.702674
2026-02-24 06:00:00 - Bojonegoro - Kali Kethek,12.056581
2026-02-24 12:00:00 - Bojonegoro - Kali Kethek,11.920547
2026-02-24 18:00:00 - Bojonegoro - Kali Kethek,12.07182
2026-02-25 06:00:00 - Bojonegoro - Kali Kethek,11.620916
2026-02-25 12:00:00 - Bojonegoro - Kali Kethek,11.397136
2026-02-25 18:00:00 - Bojonegoro - Kali Kethek,11.135728
2026-02-26 06:00:00 - Bojonegoro - Kali Kethek,10.551331
2026-02-26 12:00:00 - Bojonegoro - Kali Kethek,10.57353
2026-02-26 18:00:00 - Bojonegoro - Kali Kethek,10.47392
2026-02-27 06:00:00 - Bojonegoro - Kali Kethek,10.460363
2026-02-27 12:00:00 - Bojonegoro - Kali Kethek,10.82876
2026-02-27 18:00:00 - Bojonegoro - Kali Kethek,10.804667
2026-02-28 06:00:00 - Bojonegoro - Kali Kethek,10.714359
2026-02-28 12:00:00 - Bojonegoro - Kali Kethek,10.577981
2026-02-28 18:00:00 - Bojonegoro - Kali Kethek,10.801321
2026-03-01 06:00:00 - Bojonegoro - Kali Kethek,11.002787
2026-03-01 12:00:00 - Bojonegoro - Kali Kethek,10.814644
2026-03-01 18:00:00 - Bojonegoro - Kali Kethek,10.880427
2026-03-02 06:00:00 - Bojonegoro - Kali Kethek,10.417741
2026-03-02 12:00:00 - Bojonegoro - Kali Kethek,10.171341
2026-03-02 18:00:00 - Bojonegoro - Kali Kethek,9.897427
2026-03-03 06:00:00 - Bojonegoro - Kali Kethek,11.072
2026-03-03 12:00:00 - Bojonegoro - Kali Kethek,10.9346895
2026-03-03 18:00:00 - Bojonegoro - Kali Kethek,11.726444
2026-03-04 06:00:00 - Bojonegoro - Kali Kethek,11.191347
2026-03-04 12:00:00 - Bojonegoro - Kali Kethek,11.407874
2026-03-04 18:00:00 - Bojonegoro - Kali Kethek,11.726356
2026-03-05 06:00:00 - Bojonegoro - Kali Kethek,11.650996
2026-03-05 12:00:00 - Bojonegoro - Kali Kethek,11.673487
2026-03-05 18:00:00 - Bojonegoro - Kali Kethek,11.6354885
2026-03-06 06:00:00 - Bojonegoro - Kali Kethek,11.377973
2026-03-06 12:00:00 - Bojonegoro - Kali Kethek,11.731494
2026-03-06 18:00:00 - Bojonegoro - Kali Kethek,11.396657
2026-03-07 06:00:00 - Bojonegoro - Kali Kethek,10.816086
2026-03-07 12:00:00 - Bojonegoro - Kali Kethek,10.738232
2026-03-07 18:00:00 - Bojonegoro - Kali Kethek,10.363495
2026-03-08 06:00:00 - Bojonegoro - Kali Kethek,10.956036
2026-03-08 12:00:00 - Bojonegoro - Kali Kethek,10.76465
2026-03-08 18:00:00 - Bojonegoro - Kali Kethek,10.532793
2026-03-09 06:00:00 - Bojonegoro - Kali Kethek,10.415738
2026-03-09 12:00:00 - Bojonegoro - Kali Kethek,10.345028
2026-03-09 18:00:00 - Bojonegoro - Kali Kethek,10.398616
2026-03-10 06:00:00 - Bojonegoro - Kali Kethek,10.237574
2026-03-10 12:00:00 - Bojonegoro - Kali Kethek,10.220773
2026-03-10 18:00:00 - Bojonegoro - Kali Kethek,9.994001
2026-03-11 06:00:00 - Bojonegoro - Kali Kethek,10.359243
2026-03-11 12:00:00 - Bojonegoro - Kali Kethek,10.167511
2026-03-11 18:00:00 - Bojonegoro - Kali Kethek,10.217847
2026-03-12 06:00:00 - Bojonegoro - Kali Kethek,10.076163
2026-03-12 12:00:00 - Bojonegoro - Kali Kethek,10.0120535
2026-03-12 18:00:00 - Bojonegoro - Kali Kethek,9.845122
2026-03-13 06:00:00 - Bojonegoro - Kali Kethek,9.877853
2026-03-13 12:00:00 - Bojonegoro - Kali Kethek,9.858314
2026-03-13 18:00:00 - Bojonegoro - Kali Kethek,9.177954
2026-03-14 06:00:00 - Bojonegoro - Kali Kethek,9.562847
2026-03-14 12:00:00 - Bojonegoro - Kali Kethek,9.571502
2026-03-14 18:00:00 - Bojonegoro - Kali Kethek,8.823234
2026-03-15 06:00:00 - Bojonegoro - Kali Kethek,9.299967
2026-03-15 12:00:00 - Bojonegoro - Kali Kethek,9.409799
2026-03-15 18:00:00 - Bojonegoro - Kali Kethek,9.521338
2026-03-16 06:00:00 - Bojonegoro - Kali Kethek,9.514836
2026-03-16 12:00:00 - Bojonegoro - Kali Kethek,9.91617
2026-03-16 18:00:00 - Bojonegoro - Kali Kethek,10.012001
2026-03-17 06:00:00 - Bojonegoro - Kali Kethek,9.62328
2026-03-17 12:00:00 - Bojonegoro - Kali Kethek,9.981016
2026-03-17 18:00:00 - Bojonegoro - Kali Kethek,10.114343
2026-03-18 06:00:00 - Bojonegoro - Kali Kethek,9.85499
2026-03-18 12:00:00 - Bojonegoro - Kali Kethek,10.254531
2026-03-18 18:00:00 - Bojonegoro - Kali Kethek,10.117668
2026-03-19 06:00:00 - Bojonegoro - Kali Kethek,10.093033
2026-03-19 12:00:00 - Bojonegoro - Kali Kethek,10.295006
2026-03-19 18:00:00 - Bojonegoro - Kali Kethek,9.535095
2026-03-20 06:00:00 - Bojonegoro - Kali Kethek,9.9016905
2026-03-20 12:00:00 - Bojonegoro - Kali Kethek,9.468649
2026-03-20 18:00:00 - Bojonegoro - Kali Kethek,9.010412
2026-03-21 06:00:00 - Bojonegoro - Kali Kethek,8.846598
2026-03-21 12:00:00 - Bojonegoro - Kali Kethek,8.762844
2026-03-21 18:00:00 - Bojonegoro - Kali Kethek,9.486422
2026-03-22 06:00:00 - Bojonegoro - Kali Kethek,9.381211
2026-03-22 12:00:00 - Bojonegoro - Kali Kethek,9.4561825
2026-03-22 18:00:00 - Bojonegoro - Kali Kethek,9.115783
2026-03-23 06:00:00 - Bojonegoro - Kali Kethek,8.996067
2026-03-23 12:00:00 - Bojonegoro - Kali Kethek,9.057865
2026-03-23 18:00:00 - Bojonegoro - Kali Kethek,9.189065
2026-03-24 06:00:00 - Bojonegoro - Kali Kethek,8.862359
2026-03-24 12:00:00 - Bojonegoro - Kali Kethek,8.81263
2026-03-24 18:00:00 - Bojonegoro - Kali Kethek,8.628439
2026-03-25 06:00:00 - Bojonegoro - Kali Kethek,8.510557
2026-03-25 12:00:00 - Bojonegoro - Kali Kethek,8.699868
2026-03-25 18:00:00 - Bojonegoro - Kali Kethek,9.162842
2026-03-26 06:00:00 - Bojonegoro - Kali Kethek,9.098875
2026-03-26 12:00:00 - Bojonegoro - Kali Kethek,9.046159
2026-03-26 18:00:00 - Bojonegoro - Kali Kethek,9.536578
2026-03-27 06:00:00 - Bojonegoro - Kali Kethek,9.927942
2026-03-27 12:00:00 - Bojonegoro - Kali Kethek,10.241384
2026-03-27 18:00:00 - Bojonegoro - Kali Kethek,10.123226
2026-03-28 06:00:00 - Bojonegoro - Kali Kethek,10.081903
2026-03-28 12:00:00 - Bojonegoro - Kali Kethek,10.270431
2026-03-28 18:00:00 - Bojonegoro - Kali Kethek,10.666228
2026-03-29 06:00:00 - Bojonegoro - Kali Kethek,10.670402
2026-03-29 12:00:00 - Bojonegoro - Kali Kethek,10.747832
2026-03-29 18:00:00 - Bojonegoro - Kali Kethek,11.06743
2026-03-30 06:00:00 - Bojonegoro - Kali Kethek,11.0820265
2026-03-30 12:00:00 - Bojonegoro - Kali Kethek,11.445927
2026-03-30 18:00:00 - Bojonegoro - Kali Kethek,11.295027
2026-03-31 06:00:00 - Bojonegoro - Kali Kethek,11.136738
2026-03-31 12:00:00 - Bojonegoro - Kali Kethek,11.159821
2026-03-31 18:00:00 - Bojonegoro - Kali Kethek,10.812113
2026-04-01 06:00:00 - Bojonegoro - Kali Kethek,10.840239
2026-04-01 12:00:00 - Bojonegoro - Kali Kethek,10.779497
2026-04-01 18:00:00 - Bojonegoro - Kali Kethek,10.914091
2026-04-02 06:00:00 - Bojonegoro - Kali Kethek,11.052732
2026-04-02 12:00:00 - Bojonegoro - Kali Kethek,10.967764
2026-04-02 18:00:00 - Bojonegoro - Kali Kethek,10.5343
2026-04-03 06:00:00 - Bojonegoro - Kali Kethek,11.148811
2026-04-03 12:00:00 - Bojonegoro - Kali Kethek,11.05638
2026-04-03 18:00:00 - Bojonegoro - Kali Kethek,11.780482
2026-04-04 06:00:00 - Bojonegoro - Kali Kethek,11.247545
2026-04-04 12:00:00 - Bojonegoro - Kali Kethek,11.553286
2026-04-04 18:00:00 - Bojonegoro - Kali Kethek,11.678515
2026-04-05 06:00:00 - Bojonegoro - Kali Kethek,11.737925
2026-04-05 12:00:00 - Bojonegoro - Kali Kethek,11.465182
2026-04-05 18:00:00 - Bojonegoro - Kali Kethek,11.35317
2026-04-06 06:00:00 - Bojonegoro - Kali Kethek,11.037174
2026-04-06 12:00:00 - Bojonegoro - Kali Kethek,11.223074
2026-04-06 18:00:00 - Bojonegoro - Kali Kethek,10.982794
2026-04-07 06:00:00 - Bojonegoro - Kali Kethek,10.368438
2026-04-07 12:00:00 - Bojonegoro - Kali Kethek,10.69633
2026-04-07 18:00:00 - Bojonegoro - Kali Kethek,10.362836
2026-04-08 06:00:00 - Bojonegoro - Kali Kethek,9.999075
2026-04-08 12:00:00 - Bojonegoro - Kali Kethek,10.194028
2026-04-08 18:00:00 - Bojonegoro - Kali Kethek,10.037035
2026-04-09 06:00:00 - Bojonegoro - Kali Kethek,10.383166
2026-04-09 12:00:00 - Bojonegoro - Kali Kethek,10.694712
2026-04-09 18:00:00 - Bojonegoro - Kali Kethek,10.724906
2026-04-10 06:00:00 - Bojonegoro - Kali Kethek,11.70227
2026-04-10 12:00:00 - Bojonegoro - Kali Kethek,12.326865
2026-04-10 18:00:00 - Bojonegoro - Kali Kethek,12.079793
2026-04-11 06:00:00 - Bojonegoro - Kali Kethek,12.4067
2026-04-11 12:00:00 - Bojonegoro - Kali Kethek,12.400459
2026-04-11 18:00:00 - Bojonegoro - Kali Kethek,12.811014
2026-04-12 06:00:00 - Bojonegoro - Kali Kethek,12.31514
2026-04-12 12:00:00 - Bojonegoro - Kali Kethek,11.89218
2026-04-12 18:00:00 - Bojonegoro - Kali Kethek,12.251599
2026-04-13 06:00:00 - Bojonegoro - Kali Kethek,12.1911545
2026-04-13 12:00:00 - Bojonegoro - Kali Kethek,12.509396
2026-04-13 18:00:00 - Bojonegoro - Kali Kethek,11.888544
2026-04-14 06:00:00 - Bojonegoro - Kali Kethek,11.215569
2026-04-14 12:00:00 - Bojonegoro - Kali Kethek,11.202251
2026-04-14 18:00:00 - Bojonegoro - Kali Kethek,11.283033
2026-04-15 06:00:00 - Bojonegoro - Kali Kethek,10.568085
2026-04-15 12:00:00 - Bojonegoro - Kali Kethek,10.410712
2026-04-15 18:00:00 - Bojonegoro - Kali Kethek,9.783529
2026-04-16 06:00:00 - Bojonegoro - Kali Kethek,9.054598
2026-04-16 12:00:00 - Bojonegoro - Kali Kethek,8.916594
2026-04-16 18:00:00 - Bojonegoro - Kali Kethek,8.87776
2026-04-17 06:00:00 - Bojonegoro - Kali Kethek,8.392966
2026-04-17 12:00:00 - Bojonegoro - Kali Kethek,8.569089
2026-04-17 18:00:00 - Bojonegoro - Kali Kethek,8.890636
2026-04-18 06:00:00 - Bojonegoro - Kali Kethek,8.444696
2026-04-18 12:00:00 - Bojonegoro - Kali Kethek,8.558079
2026-04-18 18:00:00 - Bojonegoro - Kali Kethek,8.49584
2026-04-19 06:00:00 - Bojonegoro - Kali Kethek,8.329187
2026-04-19 12:00:00 - Bojonegoro - Kali Kethek,8.172306
2026-04-19 18:00:00 - Bojonegoro - Kali Kethek,8.217967
2026-04-20 06:00:00 - Bojonegoro - Kali Kethek,7.780729
2026-04-20 12:00:00 - Bojonegoro - Kali Kethek,7.983162
2026-04-20 18:00:00 - Bojonegoro - Kali Kethek,7.905122
2026-04-21 06:00:00 - Bojonegoro - Kali Kethek,7.6888866
2026-04-21 12:00:00 - Bojonegoro - Kali Kethek,7.7843175
2026-04-21 18:00:00 - Bojonegoro - Kali Kethek,7.9278173
2026-04-22 06:00:00 - Bojonegoro - Kali Kethek,8.125719
2026-04-22 12:00:00 - Bojonegoro - Kali Kethek,8.450253
2026-04-22 18:00:00 - Bojonegoro - Kali Kethek,8.728808
2026-04-23 06:00:00 - Bojonegoro - Kali Kethek,8.8360815
2026-04-23 12:00:00 - Bojonegoro - Kali Kethek,9.297202
2026-04-23 18:00:00 - Bojonegoro - Kali Kethek,9.281054
2026-04-24 06:00:00 - Bojonegoro - Kali Kethek,9.540666
2026-04-24 12:00:00 - Bojonegoro - Kali Kethek,9.771628
2026-04-24 18:00:00 - Bojonegoro - Kali Kethek,10.132406
2026-04-25 06:00:00 - Bojonegoro - Kali Kethek,10.156201
2026-04-25 12:00:00 - Bojonegoro - Kali Kethek,9.612491
2026-04-25 18:00:00 - Bojonegoro - Kali Kethek,9.254738
2026-04-26 06:00:00 - Bojonegoro - Kali Kethek,9.244945
2026-04-26 12:00:00 - Bojonegoro - Kali Kethek,9.361954
2026-04-26 18:00:00 - Bojonegoro - Kali Kethek,8.822669
2026-04-27 06:00:00 - Bojonegoro - Kali Kethek,9.148372
2026-04-27 12:00:00 - Bojonegoro - Kali Kethek,8.6916895
2026-04-27 18:00:00 - Bojonegoro - Kali Kethek,8.564629
2026-04-28 06:00:00 - Bojonegoro - Kali Kethek,8.661799
2026-04-28 12:00:00 - Bojonegoro - Kali Kethek,9.209617
2026-04-28 18:00:00 - Bojonegoro - Kali Kethek,9.267946
2026-04-29 06:00:00 - Bojonegoro - Kali Kethek,9.116342
2026-04-29 12:00:00 - Bojonegoro - Kali Kethek,9.25794
2026-04-29 18:00:00 - Bojonegoro - Kali Kethek,9.367057
2026-04-30 06:00:00 - Bojonegoro - Kali Kethek,9.286357
2026-04-30 12:00:00 - Bojonegoro - Kali Kethek,9.221192
2026-04-30 18:00:00 - Bojonegoro - Kali Kethek,9.035975
2026-05-01 06:00:00 - Bojonegoro - Kali Kethek,9.337862
2026-05-01 12:00:00 - Bojonegoro - Kali Kethek,9.786635
2026-05-01 18:00:00 - Bojonegoro - Kali Kethek,9.564383
2026-05-02 06:00:00 - Bojonegoro - Kali Kethek,9.5825
2026-05-02 12:00:00 - Bojonegoro - Kali Kethek,9.510749
2026-05-02 18:00:00 - Bojonegoro - Kali Kethek,9.436755
2026-05-03 06:00:00 - Bojonegoro - Kali Kethek,9.749066
2026-05-03 12:00:00 - Bojonegoro - Kali Kethek,9.817998
2026-05-03 18:00:00 - Bojonegoro - Kali Kethek,9.465957
2026-05-04 06:00:00 - Bojonegoro - Kali Kethek,9.418926
2026-05-04 12:00:00 - Bojonegoro - Kali Kethek,9.628036
2026-05-04 18:00:00 - Bojonegoro - Kali Kethek,9.22122
2026-05-05 06:00:00 - Bojonegoro - Kali Kethek,9.253639
2026-05-05 12:00:00 - Bojonegoro - Kali Kethek,9.207351
2026-05-05 18:00:00 - Bojonegoro - Kali Kethek,9.045435
2026-05-06 06:00:00 - Bojonegoro - Kali Kethek,8.827232
2026-05-06 12:00:00 - Bojonegoro - Kali Kethek,8.744845
2026-05-06 18:00:00 - Bojonegoro - Kali Kethek,8.663683
2026-05-07 06:00:00 - Bojonegoro - Kali Kethek,8.445714
2026-05-07 12:00:00 - Bojonegoro - Kali Kethek,8.463984
2026-05-07 18:00:00 - Bojonegoro - Kali Kethek,8.437116
2026-05-08 06:00:00 - Bojonegoro - Kali Kethek,8.290434
2026-05-08 12:00:00 - Bojonegoro - Kali Kethek,8.280922
2026-05-08 18:00:00 - Bojonegoro - Kali Kethek,8.342276
2026-05-09 06:00:00 - Bojonegoro - Kali Kethek,8.244683
2026-05-09 12:00:00 - Bojonegoro - Kali Kethek,8.075366
2026-05-09 18:00:00 - Bojonegoro - Kali Kethek,8.156249
2026-05-10 06:00:00 - Bojonegoro - Kali Kethek,8.10254
2026-05-10 12:00:00 - Bojonegoro - Kali Kethek,8.004528
2026-05-10 18:00:00 - Bojonegoro - Kali Kethek,8.187362
2026-05-11 06:00:00 - Bojonegoro - Kali Kethek,8.110101
2026-05-11 12:00:00 - Bojonegoro - Kali Kethek,7.9424014
2026-05-11 18:00:00 - Bojonegoro - Kali Kethek,7.957007
2026-05-12 06:00:00 - Bojonegoro - Kali Kethek,7.877353
2026-05-12 12:00:00 - Bojonegoro - Kali Kethek,7.772049
2026-05-12 18:00:00 - Bojonegoro - Kali Kethek,7.875197
2026-05-13 06:00:00 - Bojonegoro - Kali Kethek,7.780197
2026-05-13 12:00:00 - Bojonegoro - Kali Kethek,7.864659
2026-05-13 18:00:00 - Bojonegoro - Kali Kethek,8.02688
2026-05-14 06:00:00 - Bojonegoro - Kali Kethek,8.095685
2026-05-14 12:00:00 - Bojonegoro - Kali Kethek,8.166654
2026-05-14 18:00:00 - Bojonegoro - Kali Kethek,8.306123
2026-05-15 06:00:00 - Bojonegoro - Kali Kethek,8.724232
2026-05-15 12:00:00 - Bojonegoro - Kali Kethek,8.382657
2026-05-15 18:00:00 - Bojonegoro - Kali Kethek,8.494392
2026-05-16 06:00:00 - Bojonegoro - Kali Kethek,8.891809
2026-05-16 12:00:00 - Bojonegoro - Kali Kethek,9.028381
2026-05-16 18:00:00 - Bojonegoro - Kali Kethek,9.404254
2026-05-17 06:00:00 - Bojonegoro - Kali Kethek,8.970711
2026-05-17 12:00:00 - Bojonegoro - Kali Kethek,8.779418
2026-05-17 18:00:00 - Bojonegoro - Kali Kethek,8.590079
2026-05-18 06:00:00 - Bojonegoro - Kali Kethek,8.365845
2026-05-18 12:00:00 - Bojonegoro - Kali Kethek,8.460306
2026-05-18 18:00:00 - Bojonegoro - Kali Kethek,8.4283695
2025-09-19 06:00:00 - Brangkal,12.602503
2025-09-19 12:00:00 - Brangkal,12.586888
2025-09-19 18:00:00 - Brangkal,12.682574
2025-09-20 06:00:00 - Brangkal,12.602965
2025-09-20 12:00:00 - Brangkal,12.567999
2025-09-20 18:00:00 - Brangkal,12.566291
2025-09-21 06:00:00 - Brangkal,12.585355
2025-09-21 12:00:00 - Brangkal,12.614688
2025-09-21 18:00:00 - Brangkal,12.611275
2025-09-22 06:00:00 - Brangkal,12.66523
2025-09-22 12:00:00 - Brangkal,12.646229
2025-09-22 18:00:00 - Brangkal,12.653466
2025-09-23 06:00:00 - Brangkal,12.672379
2025-09-23 12:00:00 - Brangkal,12.657691
2025-09-23 18:00:00 - Brangkal,12.65962
2025-09-24 06:00:00 - Brangkal,12.665741
2025-09-24 12:00:00 - Brangkal,12.654486
2025-09-24 18:00:00 - Brangkal,12.599763
2025-09-25 06:00:00 - Brangkal,12.694706
2025-09-25 12:00:00 - Brangkal,12.675113
2025-09-25 18:00:00 - Brangkal,12.642241
2025-09-26 06:00:00 - Brangkal,12.65209
2025-09-26 12:00:00 - Brangkal,12.639386
2025-09-26 18:00:00 - Brangkal,12.633419
2025-09-27 06:00:00 - Brangkal,12.647559
2025-09-27 12:00:00 - Brangkal,12.69996
2025-09-27 18:00:00 - Brangkal,12.729532
2025-09-28 06:00:00 - Brangkal,12.676827
2025-09-28 12:00:00 - Brangkal,12.667658
2025-09-28 18:00:00 - Brangkal,12.66735
2025-09-29 06:00:00 - Brangkal,12.606608
2025-09-29 12:00:00 - Brangkal,12.612365
2025-09-29 18:00:00 - Brangkal,12.660289
2025-09-30 06:00:00 - Brangkal,12.719458
2025-09-30 12:00:00 - Brangkal,12.655613
2025-09-30 18:00:00 - Brangkal,12.587119
2025-10-01 06:00:00 - Brangkal,12.660203
2025-10-01 12:00:00 - Brangkal,12.636212
2025-10-01 18:00:00 - Brangkal,12.569718
2025-10-02 06:00:00 - Brangkal,12.655064
2025-10-02 12:00:00 - Brangkal,12.593475
2025-10-02 18:00:00 - Brangkal,12.577886
2025-10-03 06:00:00 - Brangkal,12.653703
2025-10-03 12:00:00 - Brangkal,12.693037
2025-10-03 18:00:00 - Brangkal,12.849387
2025-10-04 06:00:00 - Brangkal,12.768401
2025-10-04 12:00:00 - Brangkal,12.691206
2025-10-04 18:00:00 - Brangkal,12.735183
2025-10-05 06:00:00 - Brangkal,12.844832
2025-10-05 12:00:00 - Brangkal,12.743582
2025-10-05 18:00:00 - Brangkal,12.734164
2025-10-06 06:00:00 - Brangkal,12.909173
2025-10-06 12:00:00 - Brangkal,12.793185
2025-10-06 18:00:00 - Brangkal,12.765408
2025-10-07 06:00:00 - Brangkal,12.832607
2025-10-07 12:00:00 - Brangkal,12.777906
2025-10-07 18:00:00 - Brangkal,12.8908205
2025-10-08 06:00:00 - Brangkal,12.897056
2025-10-08 12:00:00 - Brangkal,12.843324
2025-10-08 18:00:00 - Brangkal,12.90792
2025-10-09 06:00:00 - Brangkal,12.867656
2025-10-09 12:00:00 - Brangkal,12.767156
2025-10-09 18:00:00 - Brangkal,12.788007
2025-10-10 06:00:00 - Brangkal,12.781603
2025-10-10 12:00:00 - Brangkal,12.740134
2025-10-10 18:00:00 - Brangkal,12.858478
2025-10-11 06:00:00 - Brangkal,12.913882
2025-10-11 12:00:00 - Brangkal,12.740689
2025-10-11 18:00:00 - Brangkal,12.72493
2025-10-12 06:00:00 - Brangkal,12.71132
2025-10-12 12:00:00 - Brangkal,12.693624
2025-10-12 18:00:00 - Brangkal,12.727115
2025-10-13 06:00:00 - Brangkal,12.7196245
2025-10-13 12:00:00 - Brangkal,12.640852
2025-10-13 18:00:00 - Brangkal,12.652481
2025-10-14 06:00:00 - Brangkal,12.666428
2025-10-14 12:00:00 - Brangkal,12.619066
2025-10-14 18:00:00 - Brangkal,12.609838
2025-10-15 06:00:00 - Brangkal,12.521544
2025-10-15 12:00:00 - Brangkal,12.575137
2025-10-15 18:00:00 - Brangkal,12.59768
2025-10-16 06:00:00 - Brangkal,12.64189
2025-10-16 12:00:00 - Brangkal,12.5675125
2025-10-16 18:00:00 - Brangkal,12.21928
2025-10-17 06:00:00 - Brangkal,12.584608
2025-10-17 12:00:00 - Brangkal,12.617224
2025-10-17 18:00:00 - Brangkal,12.516547
2025-10-18 06:00:00 - Brangkal,12.6268635
2025-10-18 12:00:00 - Brangkal,12.623121
2025-10-18 18:00:00 - Brangkal,12.51091
2025-10-19 06:00:00 - Brangkal,12.567456
2025-10-19 12:00:00 - Brangkal,12.570423
2025-10-19 18:00:00 - Brangkal,12.49284
2025-10-20 06:00:00 - Brangkal,12.546991
2025-10-20 12:00:00 - Brangkal,12.524477
2025-10-20 18:00:00 - Brangkal,12.452197
2025-10-21 06:00:00 - Brangkal,12.574109
2025-10-21 12:00:00 - Brangkal,12.483684
2025-10-21 18:00:00 - Brangkal,12.519781
2025-10-22 06:00:00 - Brangkal,12.518935
2025-10-22 12:00:00 - Brangkal,12.4865265
2025-10-22 18:00:00 - Brangkal,12.3160925
2025-10-23 06:00:00 - Brangkal,12.387716
2025-10-23 12:00:00 - Brangkal,12.270999
2025-10-23 18:00:00 - Brangkal,12.522303
2025-10-24 06:00:00 - Brangkal,12.506106
2025-10-24 12:00:00 - Brangkal,12.379755
2025-10-24 18:00:00 - Brangkal,12.5533695
2025-10-25 06:00:00 - Brangkal,12.752216
2025-10-25 12:00:00 - Brangkal,12.7516775
2025-10-25 18:00:00 - Brangkal,12.657657
2025-10-26 06:00:00 - Brangkal,12.454761
2025-10-26 12:00:00 - Brangkal,12.46407
2025-10-26 18:00:00 - Brangkal,12.433223
2025-10-27 06:00:00 - Brangkal,12.688008
2025-10-27 12:00:00 - Brangkal,12.521966
2025-10-27 18:00:00 - Brangkal,12.67232
2025-10-28 06:00:00 - Brangkal,12.587774
2025-10-28 12:00:00 - Brangkal,12.660047
2025-10-28 18:00:00 - Brangkal,13.044949
2025-10-29 06:00:00 - Brangkal,13.205988
2025-10-29 12:00:00 - Brangkal,13.285204
2025-10-29 18:00:00 - Brangkal,13.208798
2025-10-30 06:00:00 - Brangkal,13.161424
2025-10-30 12:00:00 - Brangkal,12.941906
2025-10-30 18:00:00 - Brangkal,12.517943
2025-10-31 06:00:00 - Brangkal,12.856198
2025-10-31 12:00:00 - Brangkal,12.788351
2025-10-31 18:00:00 - Brangkal,12.891419
2025-11-01 06:00:00 - Brangkal,12.778456
2025-11-01 12:00:00 - Brangkal,12.577679
2025-11-01 18:00:00 - Brangkal,12.454841
2025-11-02 06:00:00 - Brangkal,12.371643
2025-11-02 12:00:00 - Brangkal,12.40941
2025-11-02 18:00:00 - Brangkal,12.851448
2025-11-03 06:00:00 - Brangkal,13.121221
2025-11-03 12:00:00 - Brangkal,12.894332
2025-11-03 18:00:00 - Brangkal,12.864541
2025-11-04 06:00:00 - Brangkal,13.348417
2025-11-04 12:00:00 - Brangkal,13.144596
2025-11-04 18:00:00 - Brangkal,12.980532
2025-11-05 06:00:00 - Brangkal,13.041791
2025-11-05 12:00:00 - Brangkal,12.795953
2025-11-05 18:00:00 - Brangkal,12.782725
2025-11-06 06:00:00 - Brangkal,13.476383
2025-11-06 12:00:00 - Brangkal,13.511472
2025-11-06 18:00:00 - Brangkal,13.315353
2025-11-07 06:00:00 - Brangkal,13.412037
2025-11-07 12:00:00 - Brangkal,13.170543
2025-11-07 18:00:00 - Brangkal,12.91281
2025-11-08 06:00:00 - Brangkal,13.065387
2025-11-08 12:00:00 - Brangkal,13.228005
2025-11-08 18:00:00 - Brangkal,13.238843
2025-11-09 06:00:00 - Brangkal,13.334184
2025-11-09 12:00:00 - Brangkal,13.094997
2025-11-09 18:00:00 - Brangkal,12.803729
2025-11-10 06:00:00 - Brangkal,13.129288
2025-11-10 12:00:00 - Brangkal,13.065815
2025-11-10 18:00:00 - Brangkal,13.247706
2025-11-11 06:00:00 - Brangkal,13.840127
2025-11-11 12:00:00 - Brangkal,14.010405
2025-11-11 18:00:00 - Brangkal,13.4161
2025-11-12 06:00:00 - Brangkal,13.519711
2025-11-12 12:00:00 - Brangkal,14.410487
2025-11-12 18:00:00 - Brangkal,13.8604765
2025-11-13 06:00:00 - Brangkal,13.996154
2025-11-13 12:00:00 - Brangkal,14.050651
2025-11-13 18:00:00 - Brangkal,14.030402
2025-11-14 06:00:00 - Brangkal,13.778084
2025-11-14 12:00:00 - Brangkal,13.837613
2025-11-14 18:00:00 - Brangkal,13.801366
2025-11-15 06:00:00 - Brangkal,13.829198
2025-11-15 12:00:00 - Brangkal,13.66691
2025-11-15 18:00:00 - Brangkal,13.586945
2025-11-16 06:00:00 - Brangkal,13.695853
2025-11-16 12:00:00 - Brangkal,13.287597
2025-11-16 18:00:00 - Brangkal,13.277168
2025-11-17 06:00:00 - Brangkal,13.194279
2025-11-17 12:00:00 - Brangkal,13.370288
2025-11-17 18:00:00 - Brangkal,13.079368
2025-11-18 06:00:00 - Brangkal,13.378769
2025-11-18 12:00:00 - Brangkal,13.719427
2025-11-18 18:00:00 - Brangkal,13.886339
2025-11-19 06:00:00 - Brangkal,14.085716
2025-11-19 12:00:00 - Brangkal,14.157495
2025-11-19 18:00:00 - Brangkal,13.938993
2025-11-20 06:00:00 - Brangkal,14.260303
2025-11-20 12:00:00 - Brangkal,13.919312
2025-11-20 18:00:00 - Brangkal,13.646776
2025-11-21 06:00:00 - Brangkal,13.811391
2025-11-21 12:00:00 - Brangkal,13.820741
2025-11-21 18:00:00 - Brangkal,13.94124
2025-11-22 06:00:00 - Brangkal,13.780201
2025-11-22 12:00:00 - Brangkal,13.697081
2025-11-22 18:00:00 - Brangkal,13.309953
2025-11-23 06:00:00 - Brangkal,13.218185
2025-11-23 12:00:00 - Brangkal,13.121006
2025-11-23 18:00:00 - Brangkal,13.237126
2025-11-24 06:00:00 - Brangkal,14.089704
2025-11-24 12:00:00 - Brangkal,14.051351
2025-11-24 18:00:00 - Brangkal,13.861042
2025-11-25 06:00:00 - Brangkal,14.082037
2025-11-25 12:00:00 - Brangkal,13.818954
2025-11-25 18:00:00 - Brangkal,13.534858
2025-11-26 06:00:00 - Brangkal,13.254292
2025-11-26 12:00:00 - Brangkal,13.379698
2025-11-26 18:00:00 - Brangkal,13.251246
2025-11-27 06:00:00 - Brangkal,13.620394
2025-11-27 12:00:00 - Brangkal,13.429758
2025-11-27 18:00:00 - Brangkal,13.501126
2025-11-28 06:00:00 - Brangkal,13.56349
2025-11-28 12:00:00 - Brangkal,13.423734
2025-11-28 18:00:00 - Brangkal,13.583624
2025-11-29 06:00:00 - Brangkal,13.420841
2025-11-29 12:00:00 - Brangkal,13.241807
2025-11-29 18:00:00 - Brangkal,13.302208
2025-11-30 06:00:00 - Brangkal,13.384184
2025-11-30 12:00:00 - Brangkal,13.239693
2025-11-30 18:00:00 - Brangkal,13.309708
2025-12-01 06:00:00 - Brangkal,13.501977
2025-12-01 12:00:00 - Brangkal,13.368635
2025-12-01 18:00:00 - Brangkal,13.469059
2025-12-02 06:00:00 - Brangkal,13.632452
2025-12-02 12:00:00 - Brangkal,13.671594
2025-12-02 18:00:00 - Brangkal,13.744778
2025-12-03 06:00:00 - Brangkal,13.872871
2025-12-03 12:00:00 - Brangkal,13.720063
2025-12-03 18:00:00 - Brangkal,13.7250595
2025-12-04 06:00:00 - Brangkal,13.70808
2025-12-04 12:00:00 - Brangkal,13.613908
2025-12-04 18:00:00 - Brangkal,13.900957
2025-12-05 06:00:00 - Brangkal,13.451806
2025-12-05 12:00:00 - Brangkal,13.346744
2025-12-05 18:00:00 - Brangkal,13.277998
2025-12-06 06:00:00 - Brangkal,13.416763
2025-12-06 12:00:00 - Brangkal,13.778964
2025-12-06 18:00:00 - Brangkal,13.790226
2025-12-07 06:00:00 - Brangkal,14.210125
2025-12-07 12:00:00 - Brangkal,13.837697
2025-12-07 18:00:00 - Brangkal,14.274519
2025-12-08 06:00:00 - Brangkal,13.481594
2025-12-08 12:00:00 - Brangkal,13.515697
2025-12-08 18:00:00 - Brangkal,14.316085
2025-12-09 06:00:00 - Brangkal,13.658482
2025-12-09 12:00:00 - Brangkal,13.626333
2025-12-09 18:00:00 - Brangkal,14.228303
2025-12-10 06:00:00 - Brangkal,13.766841
2025-12-10 12:00:00 - Brangkal,13.802855
2025-12-10 18:00:00 - Brangkal,14.159923
2025-12-11 06:00:00 - Brangkal,13.9136095
2025-12-11 12:00:00 - Brangkal,14.1871195
2025-12-11 18:00:00 - Brangkal,14.365705
2025-12-12 06:00:00 - Brangkal,14.137805
2025-12-12 12:00:00 - Brangkal,13.59022
2025-12-12 18:00:00 - Brangkal,13.867833
2025-12-13 06:00:00 - Brangkal,13.70782
2025-12-13 12:00:00 - Brangkal,13.637936
2025-12-13 18:00:00 - Brangkal,13.703726
2025-12-14 06:00:00 - Brangkal,14.080135
2025-12-14 12:00:00 - Brangkal,13.691419
2025-12-14 18:00:00 - Brangkal,14.158011
2025-12-15 06:00:00 - Brangkal,14.262992
2025-12-15 12:00:00 - Brangkal,14.425751
2025-12-15 18:00:00 - Brangkal,14.434251
2025-12-16 06:00:00 - Brangkal,13.711838
2025-12-16 12:00:00 - Brangkal,13.729036
2025-12-16 18:00:00 - Brangkal,13.927212
2025-12-17 06:00:00 - Brangkal,14.0044365
2025-12-17 12:00:00 - Brangkal,14.051154
2025-12-17 18:00:00 - Brangkal,14.4211035
2025-12-18 06:00:00 - Brangkal,14.327219
2025-12-18 12:00:00 - Brangkal,14.382612
2025-12-18 18:00:00 - Brangkal,14.32049
2025-12-19 06:00:00 - Brangkal,14.129246
2025-12-19 12:00:00 - Brangkal,14.41263
2025-12-19 18:00:00 - Brangkal,14.3490925
2025-12-20 06:00:00 - Brangkal,14.101774
2025-12-20 12:00:00 - Brangkal,13.94899
2025-12-20 18:00:00 - Brangkal,14.077116
2025-12-21 06:00:00 - Brangkal,14.077182
2025-12-21 12:00:00 - Brangkal,13.624154
2025-12-21 18:00:00 - Brangkal,14.132137
2025-12-22 06:00:00 - Brangkal,14.562332
2025-12-22 12:00:00 - Brangkal,14.130921
2025-12-22 18:00:00 - Brangkal,14.385768
2025-12-23 06:00:00 - Brangkal,13.964236
2025-12-23 12:00:00 - Brangkal,14.012258
2025-12-23 18:00:00 - Brangkal,14.206613
2025-12-24 06:00:00 - Brangkal,13.848141
2025-12-24 12:00:00 - Brangkal,13.840199
2025-12-24 18:00:00 - Brangkal,14.184883
2025-12-25 06:00:00 - Brangkal,13.81381
2025-12-25 12:00:00 - Brangkal,13.716899
2025-12-25 18:00:00 - Brangkal,14.036462
2025-12-26 06:00:00 - Brangkal,14.260264
2025-12-26 12:00:00 - Brangkal,13.624673
2025-12-26 18:00:00 - Brangkal,13.855028
2025-12-27 06:00:00 - Brangkal,14.3373
2025-12-27 12:00:00 - Brangkal,13.95384
2025-12-27 18:00:00 - Brangkal,14.119325
2025-12-28 06:00:00 - Brangkal,13.799987
2025-12-28 12:00:00 - Brangkal,13.755021
2025-12-28 18:00:00 - Brangkal,13.753776
2025-12-29 06:00:00 - Brangkal,13.861479
2025-12-29 12:00:00 - Brangkal,13.640371
2025-12-29 18:00:00 - Brangkal,14.173498
2025-12-30 06:00:00 - Brangkal,13.978049
2025-12-30 12:00:00 - Brangkal,13.480322
2025-12-30 18:00:00 - Brangkal,13.864701
2025-12-31 06:00:00 - Brangkal,14.063759
2025-12-31 12:00:00 - Brangkal,13.809409
2025-12-31 18:00:00 - Brangkal,14.224356
2026-01-01 06:00:00 - Brangkal,14.366558
2026-01-01 12:00:00 - Brangkal,14.336991
2026-01-01 18:00:00 - Brangkal,14.114512
2026-01-02 06:00:00 - Brangkal,14.516134
2026-01-02 12:00:00 - Brangkal,14.5158825
2026-01-02 18:00:00 - Brangkal,14.3019
2026-01-03 06:00:00 - Brangkal,14.089998
2026-01-03 12:00:00 - Brangkal,14.296719
2026-01-03 18:00:00 - Brangkal,14.285444
2026-01-04 06:00:00 - Brangkal,14.107394
2026-01-04 12:00:00 - Brangkal,14.227898
2026-01-04 18:00:00 - Brangkal,14.173246
2026-01-05 06:00:00 - Brangkal,13.885206
2026-01-05 12:00:00 - Brangkal,14.145757
2026-01-05 18:00:00 - Brangkal,14.348171
2026-01-06 06:00:00 - Brangkal,14.070853
2026-01-06 12:00:00 - Brangkal,14.102017
2026-01-06 18:00:00 - Brangkal,14.070535
2026-01-07 06:00:00 - Brangkal,13.919447
2026-01-07 12:00:00 - Brangkal,13.944072
2026-01-07 18:00:00 - Brangkal,13.985284
2026-01-08 06:00:00 - Brangkal,13.987879
2026-01-08 12:00:00 - Brangkal,13.974398
2026-01-08 18:00:00 - Brangkal,13.823446
2026-01-09 06:00:00 - Brangkal,13.958335
2026-01-09 12:00:00 - Brangkal,13.806221
2026-01-09 18:00:00 - Brangkal,14.028896
2026-01-10 06:00:00 - Brangkal,14.5840645
2026-01-10 12:00:00 - Brangkal,14.153915
2026-01-10 18:00:00 - Brangkal,13.630413
2026-01-11 06:00:00 - Brangkal,14.080911
2026-01-11 12:00:00 - Brangkal,14.238139
2026-01-11 18:00:00 - Brangkal,14.086968
2026-01-12 06:00:00 - Brangkal,14.030295
2026-01-12 12:00:00 - Brangkal,14.660605
2026-01-12 18:00:00 - Brangkal,14.556691
2026-01-13 06:00:00 - Brangkal,14.467391
2026-01-13 12:00:00 - Brangkal,14.586891
2026-01-13 18:00:00 - Brangkal,14.102543
2026-01-14 06:00:00 - Brangkal,14.066597
2026-01-14 12:00:00 - Brangkal,14.508732
2026-01-14 18:00:00 - Brangkal,14.371222
2026-01-15 06:00:00 - Brangkal,15.166489
2026-01-15 12:00:00 - Brangkal,14.185421
2026-01-15 18:00:00 - Brangkal,14.294989
2026-01-16 06:00:00 - Brangkal,14.159178
2026-01-16 12:00:00 - Brangkal,14.340645
2026-01-16 18:00:00 - Brangkal,14.19085
2026-01-17 06:00:00 - Brangkal,13.608058
2026-01-17 12:00:00 - Brangkal,13.586625
2026-01-17 18:00:00 - Brangkal,13.669857
2026-01-18 06:00:00 - Brangkal,13.987706
2026-01-18 12:00:00 - Brangkal,14.1918
2026-01-18 18:00:00 - Brangkal,14.510075
2026-01-19 06:00:00 - Brangkal,14.221795
2026-01-19 12:00:00 - Brangkal,14.225303
2026-01-19 18:00:00 - Brangkal,14.606117
2026-01-20 06:00:00 - Brangkal,14.411358
2026-01-20 12:00:00 - Brangkal,14.393894
2026-01-20 18:00:00 - Brangkal,14.567006
2026-01-21 06:00:00 - Brangkal,14.006231
2026-01-21 12:00:00 - Brangkal,14.0271435
2026-01-21 18:00:00 - Brangkal,13.819934
2026-01-22 06:00:00 - Brangkal,13.787246
2026-01-22 12:00:00 - Brangkal,13.782004
2026-01-22 18:00:00 - Brangkal,13.973119
2026-01-23 06:00:00 - Brangkal,13.957854
2026-01-23 12:00:00 - Brangkal,13.98773
2026-01-23 18:00:00 - Brangkal,13.938789
2026-01-24 06:00:00 - Brangkal,13.708189
2026-01-24 12:00:00 - Brangkal,13.844785
2026-01-24 18:00:00 - Brangkal,13.647799
2026-01-25 06:00:00 - Brangkal,13.553412
2026-01-25 12:00:00 - Brangkal,13.728429
2026-01-25 18:00:00 - Brangkal,13.7955885
2026-01-26 06:00:00 - Brangkal,13.727609
2026-01-26 12:00:00 - Brangkal,13.727302
2026-01-26 18:00:00 - Brangkal,13.216675
2026-01-27 06:00:00 - Brangkal,13.617091
2026-01-27 12:00:00 - Brangkal,13.449866
2026-01-27 18:00:00 - Brangkal,13.598938
2026-01-28 06:00:00 - Brangkal,13.656891
2026-01-28 12:00:00 - Brangkal,13.986106
2026-01-28 18:00:00 - Brangkal,13.804017
2026-01-29 06:00:00 - Brangkal,14.129914
2026-01-29 12:00:00 - Brangkal,13.885066
2026-01-29 18:00:00 - Brangkal,13.646367
2026-01-30 06:00:00 - Brangkal,13.405362
2026-01-30 12:00:00 - Brangkal,13.630445
2026-01-30 18:00:00 - Brangkal,13.560834
2026-01-31 06:00:00 - Brangkal,13.782754
2026-01-31 12:00:00 - Brangkal,13.93399
2026-01-31 18:00:00 - Brangkal,13.637379
2026-02-01 06:00:00 - Brangkal,14.23041
2026-02-01 12:00:00 - Brangkal,14.247636
2026-02-01 18:00:00 - Brangkal,14.21372
2026-02-02 06:00:00 - Brangkal,13.953998
2026-02-02 12:00:00 - Brangkal,13.715002
2026-02-02 18:00:00 - Brangkal,13.906792
2026-02-03 06:00:00 - Brangkal,14.056582
2026-02-03 12:00:00 - Brangkal,14.126113
2026-02-03 18:00:00 - Brangkal,13.783148
2026-02-04 06:00:00 - Brangkal,13.836199
2026-02-04 12:00:00 - Brangkal,14.170407
2026-02-04 18:00:00 - Brangkal,13.974574
2026-02-05 06:00:00 - Brangkal,14.009465
2026-02-05 12:00:00 - Brangkal,14.004926
2026-02-05 18:00:00 - Brangkal,14.216871
2026-02-06 06:00:00 - Brangkal,13.855157
2026-02-06 12:00:00 - Brangkal,14.048945
2026-02-06 18:00:00 - Brangkal,13.925283
2026-02-07 06:00:00 - Brangkal,14.552652
2026-02-07 12:00:00 - Brangkal,14.247469
2026-02-07 18:00:00 - Brangkal,14.65852
2026-02-08 06:00:00 - Brangkal,14.197972
2026-02-08 12:00:00 - Brangkal,14.551967
2026-02-08 18:00:00 - Brangkal,14.64559
2026-02-09 06:00:00 - Brangkal,14.066228
2026-02-09 12:00:00 - Brangkal,13.461881
2026-02-09 18:00:00 - Brangkal,14.051265
2026-02-10 06:00:00 - Brangkal,13.949303
2026-02-10 12:00:00 - Brangkal,13.900887
2026-02-10 18:00:00 - Brangkal,13.75723
2026-02-11 06:00:00 - Brangkal,13.867289
2026-02-11 12:00:00 - Brangkal,13.882798
2026-02-11 18:00:00 - Brangkal,13.178302
2026-02-12 06:00:00 - Brangkal,13.606814
2026-02-12 12:00:00 - Brangkal,13.976238
2026-02-12 18:00:00 - Brangkal,13.750053
2026-02-13 06:00:00 - Brangkal,13.935756
2026-02-13 12:00:00 - Brangkal,14.066435
2026-02-13 18:00:00 - Brangkal,14.064718
2026-02-14 06:00:00 - Brangkal,13.725208
2026-02-14 12:00:00 - Brangkal,13.554114
2026-02-14 18:00:00 - Brangkal,13.6426525
2026-02-15 06:00:00 - Brangkal,13.768
2026-02-15 12:00:00 - Brangkal,14.189824
2026-02-15 18:00:00 - Brangkal,13.987894
2026-02-16 06:00:00 - Brangkal,13.532251
2026-02-16 12:00:00 - Brangkal,13.878148
2026-02-16 18:00:00 - Brangkal,14.117725
2026-02-17 06:00:00 - Brangkal,14.1508875
2026-02-17 12:00:00 - Brangkal,14.206522
2026-02-17 18:00:00 - Brangkal,14.177618
2026-02-18 06:00:00 - Brangkal,14.234464
2026-02-18 12:00:00 - Brangkal,14.243375
2026-02-18 18:00:00 - Brangkal,14.4620905
2026-02-19 06:00:00 - Brangkal,14.199532
2026-02-19 12:00:00 - Brangkal,14.495195
2026-02-19 18:00:00 - Brangkal,13.884017
2026-02-20 06:00:00 - Brangkal,13.946367
2026-02-20 12:00:00 - Brangkal,13.983956
2026-02-20 18:00:00 - Brangkal,13.694753
2026-02-21 06:00:00 - Brangkal,13.790616
2026-02-21 12:00:00 - Brangkal,13.467098
2026-02-21 18:00:00 - Brangkal,13.498623
2026-02-22 06:00:00 - Brangkal,13.935381
2026-02-22 12:00:00 - Brangkal,13.681491
2026-02-22 18:00:00 - Brangkal,13.561285
2026-02-23 06:00:00 - Brangkal,13.993419
2026-02-23 12:00:00 - Brangkal,13.877471
2026-02-23 18:00:00 - Brangkal,12.939438
2026-02-24 06:00:00 - Brangkal,14.053064
2026-02-24 12:00:00 - Brangkal,13.817203
2026-02-24 18:00:00 - Brangkal,13.790316
2026-02-25 06:00:00 - Brangkal,13.643822
2026-02-25 12:00:00 - Brangkal,13.421967
2026-02-25 18:00:00 - Brangkal,13.689841
2026-02-26 06:00:00 - Brangkal,13.489579
2026-02-26 12:00:00 - Brangkal,13.408411
2026-02-26 18:00:00 - Brangkal,13.562767
2026-02-27 06:00:00 - Brangkal,13.557873
2026-02-27 12:00:00 - Brangkal,13.539453
2026-02-27 18:00:00 - Brangkal,13.502407
2026-02-28 06:00:00 - Brangkal,13.765151
2026-02-28 12:00:00 - Brangkal,13.51401
2026-02-28 18:00:00 - Brangkal,13.506308
2026-03-01 06:00:00 - Brangkal,13.612112
2026-03-01 12:00:00 - Brangkal,13.607565
2026-03-01 18:00:00 - Brangkal,13.630409
2026-03-02 06:00:00 - Brangkal,13.387437
2026-03-02 12:00:00 - Brangkal,13.383199
2026-03-02 18:00:00 - Brangkal,13.168872
2026-03-03 06:00:00 - Brangkal,13.899841
2026-03-03 12:00:00 - Brangkal,13.637
2026-03-03 18:00:00 - Brangkal,13.486957
2026-03-04 06:00:00 - Brangkal,13.648802
2026-03-04 12:00:00 - Brangkal,13.784736
2026-03-04 18:00:00 - Brangkal,13.346394
2026-03-05 06:00:00 - Brangkal,13.313179
2026-03-05 12:00:00 - Brangkal,13.320655
2026-03-05 18:00:00 - Brangkal,13.252506
2026-03-06 06:00:00 - Brangkal,13.552656
2026-03-06 12:00:00 - Brangkal,13.847308
2026-03-06 18:00:00 - Brangkal,13.297917
2026-03-07 06:00:00 - Brangkal,12.907435
2026-03-07 12:00:00 - Brangkal,13.25427
2026-03-07 18:00:00 - Brangkal,12.230067
2026-03-08 06:00:00 - Brangkal,13.851048
2026-03-08 12:00:00 - Brangkal,13.862411
2026-03-08 18:00:00 - Brangkal,14.192293
2026-03-09 06:00:00 - Brangkal,13.971976
2026-03-09 12:00:00 - Brangkal,13.80568
2026-03-09 18:00:00 - Brangkal,13.65974
2026-03-10 06:00:00 - Brangkal,13.422681
2026-03-10 12:00:00 - Brangkal,13.568259
2026-03-10 18:00:00 - Brangkal,13.488724
2026-03-11 06:00:00 - Brangkal,13.899867
2026-03-11 12:00:00 - Brangkal,13.920018
2026-03-11 18:00:00 - Brangkal,13.831067
2026-03-12 06:00:00 - Brangkal,13.748677
2026-03-12 12:00:00 - Brangkal,13.913395
2026-03-12 18:00:00 - Brangkal,13.875076
2026-03-13 06:00:00 - Brangkal,13.625003
2026-03-13 12:00:00 - Brangkal,13.544954
2026-03-13 18:00:00 - Brangkal,13.557838
2026-03-14 06:00:00 - Brangkal,13.55208
2026-03-14 12:00:00 - Brangkal,13.520508
2026-03-14 18:00:00 - Brangkal,13.58694
2026-03-15 06:00:00 - Brangkal,13.571981
2026-03-15 12:00:00 - Brangkal,13.683205
2026-03-15 18:00:00 - Brangkal,13.783831
2026-03-16 06:00:00 - Brangkal,13.718978
2026-03-16 12:00:00 - Brangkal,14.33573
2026-03-16 18:00:00 - Brangkal,14.186537
2026-03-17 06:00:00 - Brangkal,13.825298
2026-03-17 12:00:00 - Brangkal,14.169406
2026-03-17 18:00:00 - Brangkal,13.39255
2026-03-18 06:00:00 - Brangkal,13.207777
2026-03-18 12:00:00 - Brangkal,13.46715
2026-03-18 18:00:00 - Brangkal,13.284116
2026-03-19 06:00:00 - Brangkal,13.623588
2026-03-19 12:00:00 - Brangkal,13.684083
2026-03-19 18:00:00 - Brangkal,13.708733
2026-03-20 06:00:00 - Brangkal,13.597382
2026-03-20 12:00:00 - Brangkal,13.696503
2026-03-20 18:00:00 - Brangkal,13.432178
2026-03-21 06:00:00 - Brangkal,13.754123
2026-03-21 12:00:00 - Brangkal,13.704113
2026-03-21 18:00:00 - Brangkal,13.640146
2026-03-22 06:00:00 - Brangkal,14.100363
2026-03-22 12:00:00 - Brangkal,14.204176
2026-03-22 18:00:00 - Brangkal,13.897657
2026-03-23 06:00:00 - Brangkal,13.472302
2026-03-23 12:00:00 - Brangkal,13.541036
2026-03-23 18:00:00 - Brangkal,13.446861
2026-03-24 06:00:00 - Brangkal,13.298926
2026-03-24 12:00:00 - Brangkal,13.373768
2026-03-24 18:00:00 - Brangkal,13.585193
2026-03-25 06:00:00 - Brangkal,13.703468
2026-03-25 12:00:00 - Brangkal,13.5866995
2026-03-25 18:00:00 - Brangkal,13.622114
2026-03-26 06:00:00 - Brangkal,14.046862
2026-03-26 12:00:00 - Brangkal,13.763221
2026-03-26 18:00:00 - Brangkal,13.800918
2026-03-27 06:00:00 - Brangkal,14.089122
2026-03-27 12:00:00 - Brangkal,14.345329
2026-03-27 18:00:00 - Brangkal,14.169796
2026-03-28 06:00:00 - Brangkal,14.156425
2026-03-28 12:00:00 - Brangkal,13.61956
2026-03-28 18:00:00 - Brangkal,13.854579
2026-03-29 06:00:00 - Brangkal,14.21459
2026-03-29 12:00:00 - Brangkal,13.995353
2026-03-29 18:00:00 - Brangkal,14.454165
2026-03-30 06:00:00 - Brangkal,14.569792
2026-03-30 12:00:00 - Brangkal,14.307114
2026-03-30 18:00:00 - Brangkal,14.1600895
2026-03-31 06:00:00 - Brangkal,15.898501
2026-03-31 12:00:00 - Brangkal,14.079145
2026-03-31 18:00:00 - Brangkal,13.903361
2026-04-01 06:00:00 - Brangkal,14.0144415
2026-04-01 12:00:00 - Brangkal,14.436793
2026-04-01 18:00:00 - Brangkal,13.887229
2026-04-02 06:00:00 - Brangkal,13.852558
2026-04-02 12:00:00 - Brangkal,13.773008
2026-04-02 18:00:00 - Brangkal,14.034212
2026-04-03 06:00:00 - Brangkal,14.5991745
2026-04-03 12:00:00 - Brangkal,14.596968
2026-04-03 18:00:00 - Brangkal,14.915292
2026-04-04 06:00:00 - Brangkal,14.653181
2026-04-04 12:00:00 - Brangkal,14.384744
2026-04-04 18:00:00 - Brangkal,14.242025
2026-04-05 06:00:00 - Brangkal,14.176372
2026-04-05 12:00:00 - Brangkal,14.315888
2026-04-05 18:00:00 - Brangkal,14.020575
2026-04-06 06:00:00 - Brangkal,13.618678
2026-04-06 12:00:00 - Brangkal,13.655285
2026-04-06 18:00:00 - Brangkal,13.784101
2026-04-07 06:00:00 - Brangkal,13.803587
2026-04-07 12:00:00 - Brangkal,13.79787
2026-04-07 18:00:00 - Brangkal,13.750291
2026-04-08 06:00:00 - Brangkal,13.814518
2026-04-08 12:00:00 - Brangkal,13.307424
2026-04-08 18:00:00 - Brangkal,13.803201
2026-04-09 06:00:00 - Brangkal,14.118871
2026-04-09 12:00:00 - Brangkal,13.713027
2026-04-09 18:00:00 - Brangkal,13.457688
2026-04-10 06:00:00 - Brangkal,13.5346775
2026-04-10 12:00:00 - Brangkal,13.630567
2026-04-10 18:00:00 - Brangkal,13.629421
2026-04-11 06:00:00 - Brangkal,14.117568
2026-04-11 12:00:00 - Brangkal,13.906702
2026-04-11 18:00:00 - Brangkal,14.013889
2026-04-12 06:00:00 - Brangkal,13.845648
2026-04-12 12:00:00 - Brangkal,13.827078
2026-04-12 18:00:00 - Brangkal,13.969071
2026-04-13 06:00:00 - Brangkal,13.845391
2026-04-13 12:00:00 - Brangkal,13.988876
2026-04-13 18:00:00 - Brangkal,14.033169
2026-04-14 06:00:00 - Brangkal,13.762133
2026-04-14 12:00:00 - Brangkal,13.800391
2026-04-14 18:00:00 - Brangkal,13.362728
2026-04-15 06:00:00 - Brangkal,13.509534
2026-04-15 12:00:00 - Brangkal,13.624339
2026-04-15 18:00:00 - Brangkal,13.528531
2026-04-16 06:00:00 - Brangkal,13.567957
2026-04-16 12:00:00 - Brangkal,13.669411
2026-04-16 18:00:00 - Brangkal,13.504416
2026-04-17 06:00:00 - Brangkal,14.101113
2026-04-17 12:00:00 - Brangkal,13.928338
2026-04-17 18:00:00 - Brangkal,13.956824
2026-04-18 06:00:00 - Brangkal,13.378989
2026-04-18 12:00:00 - Brangkal,13.295583
2026-04-18 18:00:00 - Brangkal,13.192954
2026-04-19 06:00:00 - Brangkal,13.313403
2026-04-19 12:00:00 - Brangkal,13.370219
2026-04-19 18:00:00 - Brangkal,13.329146
2026-04-20 06:00:00 - Brangkal,13.517218
2026-04-20 12:00:00 - Brangkal,13.484494
2026-04-20 18:00:00 - Brangkal,13.470147
2026-04-21 06:00:00 - Brangkal,13.540367
2026-04-21 12:00:00 - Brangkal,13.435411
2026-04-21 18:00:00 - Brangkal,13.425437
2026-04-22 06:00:00 - Brangkal,13.59429
2026-04-22 12:00:00 - Brangkal,14.142251
2026-04-22 18:00:00 - Brangkal,13.681392
2026-04-23 06:00:00 - Brangkal,13.585585
2026-04-23 12:00:00 - Brangkal,13.6699705
2026-04-23 18:00:00 - Brangkal,13.761879
2026-04-24 06:00:00 - Brangkal,14.1303425
2026-04-24 12:00:00 - Brangkal,13.997857
2026-04-24 18:00:00 - Brangkal,13.789153
2026-04-25 06:00:00 - Brangkal,13.472156
2026-04-25 12:00:00 - Brangkal,13.432631
2026-04-25 18:00:00 - Brangkal,13.481833
2026-04-26 06:00:00 - Brangkal,13.46787
2026-04-26 12:00:00 - Brangkal,13.364013
2026-04-26 18:00:00 - Brangkal,13.202948
2026-04-27 06:00:00 - Brangkal,13.2322445
2026-04-27 12:00:00 - Brangkal,13.4023075
2026-04-27 18:00:00 - Brangkal,13.337281
2026-04-28 06:00:00 - Brangkal,13.262619
2026-04-28 12:00:00 - Brangkal,13.263055
2026-04-28 18:00:00 - Brangkal,13.28943
2026-04-29 06:00:00 - Brangkal,13.267969
2026-04-29 12:00:00 - Brangkal,13.217593
2026-04-29 18:00:00 - Brangkal,13.26828
2026-04-30 06:00:00 - Brangkal,13.2951765
2026-04-30 12:00:00 - Brangkal,13.21696
2026-04-30 18:00:00 - Brangkal,13.13539
2026-05-01 06:00:00 - Brangkal,13.506425
2026-05-01 12:00:00 - Brangkal,13.686777
2026-05-01 18:00:00 - Brangkal,13.436682
2026-05-02 06:00:00 - Brangkal,13.456037
2026-05-02 12:00:00 - Brangkal,13.111143
2026-05-02 18:00:00 - Brangkal,13.320882
2026-05-03 06:00:00 - Brangkal,13.177069
2026-05-03 12:00:00 - Brangkal,13.05976
2026-05-03 18:00:00 - Brangkal,12.915453
2026-05-04 06:00:00 - Brangkal,13.391599
2026-05-04 12:00:00 - Brangkal,13.541809
2026-05-04 18:00:00 - Brangkal,13.388202
2026-05-05 06:00:00 - Brangkal,13.251005
2026-05-05 12:00:00 - Brangkal,13.191729
2026-05-05 18:00:00 - Brangkal,13.214295
2026-05-06 06:00:00 - Brangkal,13.18883
2026-05-06 12:00:00 - Brangkal,13.179619
2026-05-06 18:00:00 - Brangkal,13.076999
2026-05-07 06:00:00 - Brangkal,13.090116
2026-05-07 12:00:00 - Brangkal,13.123562
2026-05-07 18:00:00 - Brangkal,13.189879
2026-05-08 06:00:00 - Brangkal,13.202323
2026-05-08 12:00:00 - Brangkal,13.145042
2026-05-08 18:00:00 - Brangkal,13.160595
2026-05-09 06:00:00 - Brangkal,13.060307
2026-05-09 12:00:00 - Brangkal,13.051395
2026-05-09 18:00:00 - Brangkal,13.0969715
2026-05-10 06:00:00 - Brangkal,13.128593
2026-05-10 12:00:00 - Brangkal,13.117083
2026-05-10 18:00:00 - Brangkal,13.090148
2026-05-11 06:00:00 - Brangkal,13.1228895
2026-05-11 12:00:00 - Brangkal,13.054788
2026-05-11 18:00:00 - Brangkal,12.961757
2026-05-12 06:00:00 - Brangkal,13.012208
2026-05-12 12:00:00 - Brangkal,13.003685
2026-05-12 18:00:00 - Brangkal,12.879437
2026-05-13 06:00:00 - Brangkal,12.733004
2026-05-13 12:00:00 - Brangkal,12.676988
2026-05-13 18:00:00 - Brangkal,12.82461
2026-05-14 06:00:00 - Brangkal,12.6824465
2026-05-14 12:00:00 - Brangkal,12.60797
2026-05-14 18:00:00 - Brangkal,12.802368
2026-05-15 06:00:00 - Brangkal,12.939203
2026-05-15 12:00:00 - Brangkal,12.875381
2026-05-15 18:00:00 - Brangkal,12.774821
2026-05-16 06:00:00 - Brangkal,12.806968
2026-05-16 12:00:00 - Brangkal,12.986925
2026-05-16 18:00:00 - Brangkal,12.968736
2026-05-17 06:00:00 - Brangkal,12.803713
2026-05-17 12:00:00 - Brangkal,12.805
2026-05-17 18:00:00 - Brangkal,12.861222
2026-05-18 06:00:00 - Brangkal,12.747806
2026-05-18 12:00:00 - Brangkal,12.786415
2026-05-18 18:00:00 - Brangkal,12.700327
2025-09-19 06:00:00 - Cepu,16.510872
2025-09-19 12:00:00 - Cepu,16.507002
2025-09-19 18:00:00 - Cepu,16.597212
2025-09-20 06:00:00 - Cepu,16.777739
2025-09-20 12:00:00 - Cepu,16.69645
2025-09-20 18:00:00 - Cepu,16.724827
2025-09-21 06:00:00 - Cepu,16.708977
2025-09-21 12:00:00 - Cepu,16.728687
2025-09-21 18:00:00 - Cepu,16.663908
2025-09-22 06:00:00 - Cepu,16.699677
2025-09-22 12:00:00 - Cepu,16.687002
2025-09-22 18:00:00 - Cepu,16.84011
2025-09-23 06:00:00 - Cepu,16.695168
2025-09-23 12:00:00 - Cepu,16.673088
2025-09-23 18:00:00 - Cepu,16.798698
2025-09-24 06:00:00 - Cepu,16.661081
2025-09-24 12:00:00 - Cepu,16.561483
2025-09-24 18:00:00 - Cepu,16.511225
2025-09-25 06:00:00 - Cepu,16.612804
2025-09-25 12:00:00 - Cepu,16.8202
2025-09-25 18:00:00 - Cepu,16.77914
2025-09-26 06:00:00 - Cepu,16.728327
2025-09-26 12:00:00 - Cepu,16.75369
2025-09-26 18:00:00 - Cepu,16.752193
2025-09-27 06:00:00 - Cepu,16.784748
2025-09-27 12:00:00 - Cepu,16.614708
2025-09-27 18:00:00 - Cepu,16.680725
2025-09-28 06:00:00 - Cepu,16.723377
2025-09-28 12:00:00 - Cepu,16.651499
2025-09-28 18:00:00 - Cepu,16.664293
2025-09-29 06:00:00 - Cepu,16.645927
2025-09-29 12:00:00 - Cepu,16.598701
2025-09-29 18:00:00 - Cepu,16.604568
2025-09-30 06:00:00 - Cepu,16.63197
2025-09-30 12:00:00 - Cepu,16.655117
2025-09-30 18:00:00 - Cepu,16.663128
2025-10-01 06:00:00 - Cepu,16.869614
2025-10-01 12:00:00 - Cepu,16.881313
2025-10-01 18:00:00 - Cepu,16.894957
2025-10-02 06:00:00 - Cepu,16.755737
2025-10-02 12:00:00 - Cepu,16.920307
2025-10-02 18:00:00 - Cepu,17.092415
2025-10-03 06:00:00 - Cepu,17.228968
2025-10-03 12:00:00 - Cepu,16.981453
2025-10-03 18:00:00 - Cepu,17.509861
2025-10-04 06:00:00 - Cepu,16.913782
2025-10-04 12:00:00 - Cepu,16.813896
2025-10-04 18:00:00 - Cepu,17.312864
2025-10-05 06:00:00 - Cepu,17.0648
2025-10-05 12:00:00 - Cepu,16.969534
2025-10-05 18:00:00 - Cepu,17.078705
2025-10-06 06:00:00 - Cepu,17.015833
2025-10-06 12:00:00 - Cepu,16.97353
2025-10-06 18:00:00 - Cepu,16.922503
2025-10-07 06:00:00 - Cepu,16.827785
2025-10-07 12:00:00 - Cepu,16.804502
2025-10-07 18:00:00 - Cepu,16.840965
2025-10-08 06:00:00 - Cepu,16.79211
2025-10-08 12:00:00 - Cepu,16.768332
2025-10-08 18:00:00 - Cepu,16.799063
2025-10-09 06:00:00 - Cepu,16.880205
2025-10-09 12:00:00 - Cepu,16.797443
2025-10-09 18:00:00 - Cepu,16.841326
2025-10-10 06:00:00 - Cepu,17.021334
2025-10-10 12:00:00 - Cepu,16.880081
2025-10-10 18:00:00 - Cepu,16.897415
2025-10-11 06:00:00 - Cepu,16.985416
2025-10-11 12:00:00 - Cepu,16.91439
2025-10-11 18:00:00 - Cepu,16.972113
2025-10-12 06:00:00 - Cepu,16.891796
2025-10-12 12:00:00 - Cepu,16.80302
2025-10-12 18:00:00 - Cepu,16.850552
2025-10-13 06:00:00 - Cepu,16.790255
2025-10-13 12:00:00 - Cepu,16.694956
2025-10-13 18:00:00 - Cepu,16.65249
2025-10-14 06:00:00 - Cepu,16.496912
2025-10-14 12:00:00 - Cepu,16.830196
2025-10-14 18:00:00 - Cepu,16.702827
2025-10-15 06:00:00 - Cepu,16.813686
2025-10-15 12:00:00 - Cepu,16.808006
2025-10-15 18:00:00 - Cepu,16.724297
2025-10-16 06:00:00 - Cepu,16.925257
2025-10-16 12:00:00 - Cepu,16.855288
2025-10-16 18:00:00 - Cepu,16.700266
2025-10-17 06:00:00 - Cepu,16.889427
2025-10-17 12:00:00 - Cepu,16.746084
2025-10-17 18:00:00 - Cepu,16.876682
2025-10-18 06:00:00 - Cepu,16.916525
2025-10-18 12:00:00 - Cepu,16.881905
2025-10-18 18:00:00 - Cepu,16.73766
2025-10-19 06:00:00 - Cepu,16.727001
2025-10-19 12:00:00 - Cepu,16.80496
2025-10-19 18:00:00 - Cepu,16.539232
2025-10-20 06:00:00 - Cepu,16.909674
2025-10-20 12:00:00 - Cepu,16.963417
2025-10-20 18:00:00 - Cepu,16.821795
2025-10-21 06:00:00 - Cepu,17.03998
2025-10-21 12:00:00 - Cepu,17.251022
2025-10-21 18:00:00 - Cepu,17.150702
2025-10-22 06:00:00 - Cepu,17.700527
2025-10-22 12:00:00 - Cepu,17.577953
2025-10-22 18:00:00 - Cepu,17.79136
2025-10-23 06:00:00 - Cepu,18.153225
2025-10-23 12:00:00 - Cepu,18.62179
2025-10-23 18:00:00 - Cepu,19.303495
2025-10-24 06:00:00 - Cepu,18.680712
2025-10-24 12:00:00 - Cepu,18.860077
2025-10-24 18:00:00 - Cepu,18.89044
2025-10-25 06:00:00 - Cepu,18.803093
2025-10-25 12:00:00 - Cepu,18.74733
2025-10-25 18:00:00 - Cepu,18.528036
2025-10-26 06:00:00 - Cepu,17.959995
2025-10-26 12:00:00 - Cepu,18.164886
2025-10-26 18:00:00 - Cepu,17.81839
2025-10-27 06:00:00 - Cepu,17.892609
2025-10-27 12:00:00 - Cepu,17.880209
2025-10-27 18:00:00 - Cepu,17.888376
2025-10-28 06:00:00 - Cepu,17.981436
2025-10-28 12:00:00 - Cepu,18.076294
2025-10-28 18:00:00 - Cepu,18.245178
2025-10-29 06:00:00 - Cepu,18.246946
2025-10-29 12:00:00 - Cepu,18.23199
2025-10-29 18:00:00 - Cepu,18.287323
2025-10-30 06:00:00 - Cepu,18.473803
2025-10-30 12:00:00 - Cepu,18.532883
2025-10-30 18:00:00 - Cepu,18.416496
2025-10-31 06:00:00 - Cepu,18.268486
2025-10-31 12:00:00 - Cepu,18.033512
2025-10-31 18:00:00 - Cepu,17.815405
2025-11-01 06:00:00 - Cepu,18.083717
2025-11-01 12:00:00 - Cepu,18.108051
2025-11-01 18:00:00 - Cepu,18.071787
2025-11-02 06:00:00 - Cepu,18.043318
2025-11-02 12:00:00 - Cepu,18.111706
2025-11-02 18:00:00 - Cepu,18.316025
2025-11-03 06:00:00 - Cepu,18.1349
2025-11-03 12:00:00 - Cepu,17.809402
2025-11-03 18:00:00 - Cepu,18.046724
2025-11-04 06:00:00 - Cepu,18.32944
2025-11-04 12:00:00 - Cepu,18.25577
2025-11-04 18:00:00 - Cepu,18.223951
2025-11-05 06:00:00 - Cepu,18.177118
2025-11-05 12:00:00 - Cepu,18.053995
2025-11-05 18:00:00 - Cepu,18.289974
2025-11-06 06:00:00 - Cepu,18.086311
2025-11-06 12:00:00 - Cepu,18.127907
2025-11-06 18:00:00 - Cepu,18.340067
2025-11-07 06:00:00 - Cepu,18.210003
2025-11-07 12:00:00 - Cepu,18.245453
2025-11-07 18:00:00 - Cepu,18.779287
2025-11-08 06:00:00 - Cepu,18.594782
2025-11-08 12:00:00 - Cepu,18.547626
2025-11-08 18:00:00 - Cepu,19.31446
2025-11-09 06:00:00 - Cepu,19.271168
2025-11-09 12:00:00 - Cepu,19.120337
2025-11-09 18:00:00 - Cepu,19.047798
2025-11-10 06:00:00 - Cepu,19.236225
2025-11-10 12:00:00 - Cepu,19.096933
2025-11-10 18:00:00 - Cepu,19.091763
2025-11-11 06:00:00 - Cepu,19.086027
2025-11-11 12:00:00 - Cepu,19.155855
2025-11-11 18:00:00 - Cepu,19.741056
2025-11-12 06:00:00 - Cepu,20.430386
2025-11-12 12:00:00 - Cepu,20.70809
2025-11-12 18:00:00 - Cepu,21.126696
2025-11-13 06:00:00 - Cepu,21.058224
2025-11-13 12:00:00 - Cepu,21.309807
2025-11-13 18:00:00 - Cepu,21.360567
2025-11-14 06:00:00 - Cepu,20.857166
2025-11-14 12:00:00 - Cepu,20.481535
2025-11-14 18:00:00 - Cepu,20.518541
2025-11-15 06:00:00 - Cepu,20.094133
2025-11-15 12:00:00 - Cepu,20.167822
2025-11-15 18:00:00 - Cepu,20.104776
2025-11-16 06:00:00 - Cepu,20.413435
2025-11-16 12:00:00 - Cepu,19.40291
2025-11-16 18:00:00 - Cepu,19.235794
2025-11-17 06:00:00 - Cepu,19.224058
2025-11-17 12:00:00 - Cepu,19.149775
2025-11-17 18:00:00 - Cepu,19.188568
2025-11-18 06:00:00 - Cepu,19.016867
2025-11-18 12:00:00 - Cepu,19.152105
2025-11-18 18:00:00 - Cepu,19.374434
2025-11-19 06:00:00 - Cepu,19.416265
2025-11-19 12:00:00 - Cepu,19.511116
2025-11-19 18:00:00 - Cepu,19.71877
2025-11-20 06:00:00 - Cepu,20.018774
2025-11-20 12:00:00 - Cepu,19.587868
2025-11-20 18:00:00 - Cepu,19.276325
2025-11-21 06:00:00 - Cepu,19.259104
2025-11-21 12:00:00 - Cepu,19.382524
2025-11-21 18:00:00 - Cepu,19.438786
2025-11-22 06:00:00 - Cepu,19.365091
2025-11-22 12:00:00 - Cepu,19.348366
2025-11-22 18:00:00 - Cepu,19.433437
2025-11-23 06:00:00 - Cepu,19.16368
2025-11-23 12:00:00 - Cepu,19.217855
2025-11-23 18:00:00 - Cepu,19.062624
2025-11-24 06:00:00 - Cepu,19.60589
2025-11-24 12:00:00 - Cepu,19.345387
2025-11-24 18:00:00 - Cepu,19.279503
2025-11-25 06:00:00 - Cepu,19.703188
2025-11-25 12:00:00 - Cepu,19.346098
2025-11-25 18:00:00 - Cepu,19.11242
2025-11-26 06:00:00 - Cepu,18.784887
2025-11-26 12:00:00 - Cepu,19.014477
2025-11-26 18:00:00 - Cepu,18.84256
2025-11-27 06:00:00 - Cepu,18.31466
2025-11-27 12:00:00 - Cepu,18.384779
2025-11-27 18:00:00 - Cepu,18.272581
2025-11-28 06:00:00 - Cepu,18.136946
2025-11-28 12:00:00 - Cepu,18.243057
2025-11-28 18:00:00 - Cepu,18.31407
2025-11-29 06:00:00 - Cepu,17.973999
2025-11-29 12:00:00 - Cepu,18.234753
2025-11-29 18:00:00 - Cepu,18.350502
2025-11-30 06:00:00 - Cepu,18.140947
2025-11-30 12:00:00 - Cepu,18.00466
2025-11-30 18:00:00 - Cepu,18.05283
2025-12-01 06:00:00 - Cepu,18.413727
2025-12-01 12:00:00 - Cepu,18.169344
2025-12-01 18:00:00 - Cepu,18.482864
2025-12-02 06:00:00 - Cepu,18.940132
2025-12-02 12:00:00 - Cepu,18.526402
2025-12-02 18:00:00 - Cepu,18.909143
2025-12-03 06:00:00 - Cepu,17.76953
2025-12-03 12:00:00 - Cepu,18.037846
2025-12-03 18:00:00 - Cepu,17.990368
2025-12-04 06:00:00 - Cepu,17.970217
2025-12-04 12:00:00 - Cepu,17.993906
2025-12-04 18:00:00 - Cepu,18.285147
2025-12-05 06:00:00 - Cepu,18.482393
2025-12-05 12:00:00 - Cepu,18.609587
2025-12-05 18:00:00 - Cepu,18.633524
2025-12-06 06:00:00 - Cepu,18.676613
2025-12-06 12:00:00 - Cepu,18.82794
2025-12-06 18:00:00 - Cepu,18.782084
2025-12-07 06:00:00 - Cepu,18.649342
2025-12-07 12:00:00 - Cepu,18.835169
2025-12-07 18:00:00 - Cepu,18.888714
2025-12-08 06:00:00 - Cepu,19.078518
2025-12-08 12:00:00 - Cepu,18.788332
2025-12-08 18:00:00 - Cepu,18.924257
2025-12-09 06:00:00 - Cepu,18.92802
2025-12-09 12:00:00 - Cepu,18.72127
2025-12-09 18:00:00 - Cepu,18.714144
2025-12-10 06:00:00 - Cepu,18.862911
2025-12-10 12:00:00 - Cepu,19.02779
2025-12-10 18:00:00 - Cepu,19.103401
2025-12-11 06:00:00 - Cepu,19.56311
2025-12-11 12:00:00 - Cepu,19.571049
2025-12-11 18:00:00 - Cepu,19.172695
2025-12-12 06:00:00 - Cepu,19.001095
2025-12-12 12:00:00 - Cepu,18.710428
2025-12-12 18:00:00 - Cepu,18.504375
2025-12-13 06:00:00 - Cepu,18.621197
2025-12-13 12:00:00 - Cepu,18.472408
2025-12-13 18:00:00 - Cepu,18.301714
2025-12-14 06:00:00 - Cepu,18.514494
2025-12-14 12:00:00 - Cepu,18.493793
2025-12-14 18:00:00 - Cepu,18.325193
2025-12-15 06:00:00 - Cepu,18.42716
2025-12-15 12:00:00 - Cepu,18.894232
2025-12-15 18:00:00 - Cepu,18.717073
2025-12-16 06:00:00 - Cepu,18.63482
2025-12-16 12:00:00 - Cepu,18.628016
2025-12-16 18:00:00 - Cepu,18.548199
2025-12-17 06:00:00 - Cepu,18.36029
2025-12-17 12:00:00 - Cepu,18.210598
2025-12-17 18:00:00 - Cepu,18.07026
2025-12-18 06:00:00 - Cepu,17.929348
2025-12-18 12:00:00 - Cepu,17.87467
2025-12-18 18:00:00 - Cepu,18.077713
2025-12-19 06:00:00 - Cepu,17.887335
2025-12-19 12:00:00 - Cepu,18.275673
2025-12-19 18:00:00 - Cepu,18.145329
2025-12-20 06:00:00 - Cepu,18.111423
2025-12-20 12:00:00 - Cepu,18.091322
2025-12-20 18:00:00 - Cepu,17.772621
2025-12-21 06:00:00 - Cepu,18.065374
2025-12-21 12:00:00 - Cepu,18.64892
2025-12-21 18:00:00 - Cepu,18.20219
2025-12-22 06:00:00 - Cepu,18.595562
2025-12-22 12:00:00 - Cepu,19.323326
2025-12-22 18:00:00 - Cepu,19.645063
2025-12-23 06:00:00 - Cepu,19.164927
2025-12-23 12:00:00 - Cepu,18.96466
2025-12-23 18:00:00 - Cepu,18.885897
2025-12-24 06:00:00 - Cepu,18.903944
2025-12-24 12:00:00 - Cepu,19.311716
2025-12-24 18:00:00 - Cepu,18.847082
2025-12-25 06:00:00 - Cepu,19.18646
2025-12-25 12:00:00 - Cepu,19.132692
2025-12-25 18:00:00 - Cepu,19.065529
2025-12-26 06:00:00 - Cepu,19.300154
2025-12-26 12:00:00 - Cepu,19.025402
2025-12-26 18:00:00 - Cepu,18.871563
2025-12-27 06:00:00 - Cepu,19.008312
2025-12-27 12:00:00 - Cepu,19.125307
2025-12-27 18:00:00 - Cepu,19.361713
2025-12-28 06:00:00 - Cepu,19.09693
2025-12-28 12:00:00 - Cepu,19.55637
2025-12-28 18:00:00 - Cepu,19.06586
2025-12-29 06:00:00 - Cepu,19.422188
2025-12-29 12:00:00 - Cepu,19.475304
2025-12-29 18:00:00 - Cepu,19.056147
2025-12-30 06:00:00 - Cepu,18.380325
2025-12-30 12:00:00 - Cepu,18.838713
2025-12-30 18:00:00 - Cepu,18.177013
2025-12-31 06:00:00 - Cepu,18.251226
2025-12-31 12:00:00 - Cepu,18.18869
2025-12-31 18:00:00 - Cepu,18.403593
2026-01-01 06:00:00 - Cepu,19.430967
2026-01-01 12:00:00 - Cepu,19.247915
2026-01-01 18:00:00 - Cepu,18.640625
2026-01-02 06:00:00 - Cepu,19.826378
2026-01-02 12:00:00 - Cepu,20.50659
2026-01-02 18:00:00 - Cepu,21.00012
2026-01-03 06:00:00 - Cepu,20.522125
2026-01-03 12:00:00 - Cepu,20.310886
2026-01-03 18:00:00 - Cepu,20.23884
2026-01-04 06:00:00 - Cepu,19.963753
2026-01-04 12:00:00 - Cepu,19.482447
2026-01-04 18:00:00 - Cepu,19.3373
2026-01-05 06:00:00 - Cepu,18.464182
2026-01-05 12:00:00 - Cepu,18.891087
2026-01-05 18:00:00 - Cepu,18.87936
2026-01-06 06:00:00 - Cepu,18.638006
2026-01-06 12:00:00 - Cepu,18.570396
2026-01-06 18:00:00 - Cepu,18.481455
2026-01-07 06:00:00 - Cepu,18.395731
2026-01-07 12:00:00 - Cepu,18.152948
2026-01-07 18:00:00 - Cepu,20.275618
2026-01-08 06:00:00 - Cepu,18.222221
2026-01-08 12:00:00 - Cepu,18.248009
2026-01-08 18:00:00 - Cepu,18.009663
2026-01-09 06:00:00 - Cepu,17.895935
2026-01-09 12:00:00 - Cepu,18.884512
2026-01-09 18:00:00 - Cepu,18.454899
2026-01-10 06:00:00 - Cepu,18.994999
2026-01-10 12:00:00 - Cepu,19.064968
2026-01-10 18:00:00 - Cepu,19.105576
2026-01-11 06:00:00 - Cepu,20.214924
2026-01-11 12:00:00 - Cepu,19.919117
2026-01-11 18:00:00 - Cepu,20.677134
2026-01-12 06:00:00 - Cepu,20.737469
2026-01-12 12:00:00 - Cepu,20.708872
2026-01-12 18:00:00 - Cepu,20.548107
2026-01-13 06:00:00 - Cepu,20.19335
2026-01-13 12:00:00 - Cepu,20.254269
2026-01-13 18:00:00 - Cepu,20.142223
2026-01-14 06:00:00 - Cepu,19.367037
2026-01-14 12:00:00 - Cepu,19.724854
2026-01-14 18:00:00 - Cepu,19.42197
2026-01-15 06:00:00 - Cepu,19.436764
2026-01-15 12:00:00 - Cepu,19.641724
2026-01-15 18:00:00 - Cepu,19.366102
2026-01-16 06:00:00 - Cepu,20.027145
2026-01-16 12:00:00 - Cepu,20.468727
2026-01-16 18:00:00 - Cepu,19.857544
2026-01-17 06:00:00 - Cepu,18.944107
2026-01-17 12:00:00 - Cepu,19.418484
2026-01-17 18:00:00 - Cepu,19.350117
2026-01-18 06:00:00 - Cepu,18.69406
2026-01-18 12:00:00 - Cepu,19.311163
2026-01-18 18:00:00 - Cepu,19.084501
2026-01-19 06:00:00 - Cepu,19.962591
2026-01-19 12:00:00 - Cepu,19.461254
2026-01-19 18:00:00 - Cepu,19.621134
2026-01-20 06:00:00 - Cepu,19.84051
2026-01-20 12:00:00 - Cepu,20.34097
2026-01-20 18:00:00 - Cepu,19.463743
2026-01-21 06:00:00 - Cepu,19.123428
2026-01-21 12:00:00 - Cepu,18.834227
2026-01-21 18:00:00 - Cepu,18.750835
2026-01-22 06:00:00 - Cepu,18.756361
2026-01-22 12:00:00 - Cepu,18.558584
2026-01-22 18:00:00 - Cepu,18.657505
2026-01-23 06:00:00 - Cepu,18.76603
2026-01-23 12:00:00 - Cepu,18.930105
2026-01-23 18:00:00 - Cepu,18.914324
2026-01-24 06:00:00 - Cepu,19.814611
2026-01-24 12:00:00 - Cepu,20.079857
2026-01-24 18:00:00 - Cepu,19.80406
2026-01-25 06:00:00 - Cepu,19.13908
2026-01-25 12:00:00 - Cepu,19.28673
2026-01-25 18:00:00 - Cepu,19.324675
2026-01-26 06:00:00 - Cepu,18.7879
2026-01-26 12:00:00 - Cepu,18.461098
2026-01-26 18:00:00 - Cepu,17.790918
2026-01-27 06:00:00 - Cepu,17.904333
2026-01-27 12:00:00 - Cepu,17.961187
2026-01-27 18:00:00 - Cepu,18.535494
2026-01-28 06:00:00 - Cepu,18.60809
2026-01-28 12:00:00 - Cepu,19.433176
2026-01-28 18:00:00 - Cepu,19.519295
2026-01-29 06:00:00 - Cepu,19.399134
2026-01-29 12:00:00 - Cepu,19.873299
2026-01-29 18:00:00 - Cepu,19.960577
2026-01-30 06:00:00 - Cepu,19.70332
2026-01-30 12:00:00 - Cepu,19.480446
2026-01-30 18:00:00 - Cepu,18.774086
2026-01-31 06:00:00 - Cepu,18.389717
2026-01-31 12:00:00 - Cepu,19.31402
2026-01-31 18:00:00 - Cepu,19.248465
2026-02-01 06:00:00 - Cepu,19.265577
2026-02-01 12:00:00 - Cepu,19.200031
2026-02-01 18:00:00 - Cepu,19.121273
2026-02-02 06:00:00 - Cepu,19.011967
2026-02-02 12:00:00 - Cepu,19.170193
2026-02-02 18:00:00 - Cepu,19.165854
2026-02-03 06:00:00 - Cepu,19.432207
2026-02-03 12:00:00 - Cepu,19.163767
2026-02-03 18:00:00 - Cepu,19.231337
2026-02-04 06:00:00 - Cepu,19.901531
2026-02-04 12:00:00 - Cepu,19.973902
2026-02-04 18:00:00 - Cepu,19.668287
2026-02-05 06:00:00 - Cepu,20.156084
2026-02-05 12:00:00 - Cepu,20.131834
2026-02-05 18:00:00 - Cepu,20.47257
2026-02-06 06:00:00 - Cepu,19.767883
2026-02-06 12:00:00 - Cepu,20.642902
2026-02-06 18:00:00 - Cepu,20.373566
2026-02-07 06:00:00 - Cepu,20.591341
2026-02-07 12:00:00 - Cepu,20.624043
2026-02-07 18:00:00 - Cepu,19.960417
2026-02-08 06:00:00 - Cepu,19.784903
2026-02-08 12:00:00 - Cepu,19.73253
2026-02-08 18:00:00 - Cepu,19.603582
2026-02-09 06:00:00 - Cepu,19.308144
2026-02-09 12:00:00 - Cepu,19.292784
2026-02-09 18:00:00 - Cepu,19.514044
2026-02-10 06:00:00 - Cepu,18.914055
2026-02-10 12:00:00 - Cepu,19.058462
2026-02-10 18:00:00 - Cepu,18.79714
2026-02-11 06:00:00 - Cepu,18.595476
2026-02-11 12:00:00 - Cepu,18.597937
2026-02-11 18:00:00 - Cepu,18.476612
2026-02-12 06:00:00 - Cepu,19.069153
2026-02-12 12:00:00 - Cepu,18.99169
2026-02-12 18:00:00 - Cepu,18.842253
2026-02-13 06:00:00 - Cepu,19.749382
2026-02-13 12:00:00 - Cepu,19.817528
2026-02-13 18:00:00 - Cepu,20.088123
2026-02-14 06:00:00 - Cepu,19.36257
2026-02-14 12:00:00 - Cepu,19.60198
2026-02-14 18:00:00 - Cepu,18.836016
2026-02-15 06:00:00 - Cepu,19.394945
2026-02-15 12:00:00 - Cepu,19.711403
2026-02-15 18:00:00 - Cepu,19.68339
2026-02-16 06:00:00 - Cepu,19.218271
2026-02-16 12:00:00 - Cepu,19.16683
2026-02-16 18:00:00 - Cepu,19.396784
2026-02-17 06:00:00 - Cepu,19.370258
2026-02-17 12:00:00 - Cepu,19.066662
2026-02-17 18:00:00 - Cepu,19.215738
2026-02-18 06:00:00 - Cepu,19.503033
2026-02-18 12:00:00 - Cepu,19.909473
2026-02-18 18:00:00 - Cepu,19.874819
2026-02-19 06:00:00 - Cepu,20.004278
2026-02-19 12:00:00 - Cepu,20.659634
2026-02-19 18:00:00 - Cepu,20.626673
2026-02-20 06:00:00 - Cepu,20.753048
2026-02-20 12:00:00 - Cepu,20.870352
2026-02-20 18:00:00 - Cepu,20.146893
2026-02-21 06:00:00 - Cepu,20.076529
2026-02-21 12:00:00 - Cepu,19.57216
2026-02-21 18:00:00 - Cepu,19.199278
2026-02-22 06:00:00 - Cepu,19.540377
2026-02-22 12:00:00 - Cepu,19.750668
2026-02-22 18:00:00 - Cepu,19.040401
2026-02-23 06:00:00 - Cepu,19.12224
2026-02-23 12:00:00 - Cepu,19.006464
2026-02-23 18:00:00 - Cepu,18.93441
2026-02-24 06:00:00 - Cepu,19.267685
2026-02-24 12:00:00 - Cepu,19.315023
2026-02-24 18:00:00 - Cepu,19.689419
2026-02-25 06:00:00 - Cepu,18.977951
2026-02-25 12:00:00 - Cepu,18.647173
2026-02-25 18:00:00 - Cepu,18.746147
2026-02-26 06:00:00 - Cepu,18.44498
2026-02-26 12:00:00 - Cepu,18.321207
2026-02-26 18:00:00 - Cepu,18.542658
2026-02-27 06:00:00 - Cepu,18.341282
2026-02-27 12:00:00 - Cepu,18.514215
2026-02-27 18:00:00 - Cepu,18.320307
2026-02-28 06:00:00 - Cepu,18.087677
2026-02-28 12:00:00 - Cepu,18.18555
2026-02-28 18:00:00 - Cepu,18.558771
2026-03-01 06:00:00 - Cepu,19.324049
2026-03-01 12:00:00 - Cepu,19.30472
2026-03-01 18:00:00 - Cepu,19.378162
2026-03-02 06:00:00 - Cepu,18.54048
2026-03-02 12:00:00 - Cepu,18.692919
2026-03-02 18:00:00 - Cepu,18.49533
2026-03-03 06:00:00 - Cepu,18.750223
2026-03-03 12:00:00 - Cepu,18.944393
2026-03-03 18:00:00 - Cepu,18.734571
2026-03-04 06:00:00 - Cepu,18.957602
2026-03-04 12:00:00 - Cepu,19.291882
2026-03-04 18:00:00 - Cepu,19.058823
2026-03-05 06:00:00 - Cepu,19.102255
2026-03-05 12:00:00 - Cepu,18.861012
2026-03-05 18:00:00 - Cepu,18.676552
2026-03-06 06:00:00 - Cepu,19.16825
2026-03-06 12:00:00 - Cepu,19.511835
2026-03-06 18:00:00 - Cepu,19.116419
2026-03-07 06:00:00 - Cepu,19.38201
2026-03-07 12:00:00 - Cepu,19.201347
2026-03-07 18:00:00 - Cepu,19.39907
2026-03-08 06:00:00 - Cepu,19.434324
2026-03-08 12:00:00 - Cepu,19.674446
2026-03-08 18:00:00 - Cepu,19.287935
2026-03-09 06:00:00 - Cepu,19.46519
2026-03-09 12:00:00 - Cepu,19.429056
2026-03-09 18:00:00 - Cepu,19.27423
2026-03-10 06:00:00 - Cepu,19.256119
2026-03-10 12:00:00 - Cepu,19.321182
2026-03-10 18:00:00 - Cepu,19.10868
2026-03-11 06:00:00 - Cepu,19.16734
2026-03-11 12:00:00 - Cepu,19.244291
2026-03-11 18:00:00 - Cepu,19.12428
2026-03-12 06:00:00 - Cepu,18.996353
2026-03-12 12:00:00 - Cepu,18.699339
2026-03-12 18:00:00 - Cepu,18.743135
2026-03-13 06:00:00 - Cepu,18.668041
2026-03-13 12:00:00 - Cepu,18.504318
2026-03-13 18:00:00 - Cepu,18.013092
2026-03-14 06:00:00 - Cepu,17.983953
2026-03-14 12:00:00 - Cepu,17.943447
2026-03-14 18:00:00 - Cepu,17.975101
2026-03-15 06:00:00 - Cepu,17.891975
2026-03-15 12:00:00 - Cepu,18.04537
2026-03-15 18:00:00 - Cepu,18.30635
2026-03-16 06:00:00 - Cepu,18.176746
2026-03-16 12:00:00 - Cepu,18.23198
2026-03-16 18:00:00 - Cepu,18.322666
2026-03-17 06:00:00 - Cepu,18.493883
2026-03-17 12:00:00 - Cepu,18.9132
2026-03-17 18:00:00 - Cepu,19.008701
2026-03-18 06:00:00 - Cepu,18.841513
2026-03-18 12:00:00 - Cepu,19.093418
2026-03-18 18:00:00 - Cepu,18.99403
2026-03-19 06:00:00 - Cepu,18.767815
2026-03-19 12:00:00 - Cepu,18.801483
2026-03-19 18:00:00 - Cepu,18.533096
2026-03-20 06:00:00 - Cepu,18.062214
2026-03-20 12:00:00 - Cepu,17.989878
2026-03-20 18:00:00 - Cepu,18.196634
2026-03-21 06:00:00 - Cepu,18.289299
2026-03-21 12:00:00 - Cepu,18.353828
2026-03-21 18:00:00 - Cepu,18.31271
2026-03-22 06:00:00 - Cepu,18.341242
2026-03-22 12:00:00 - Cepu,18.418898
2026-03-22 18:00:00 - Cepu,18.488874
2026-03-23 06:00:00 - Cepu,18.45012
2026-03-23 12:00:00 - Cepu,18.388273
2026-03-23 18:00:00 - Cepu,18.293404
2026-03-24 06:00:00 - Cepu,18.305683
2026-03-24 12:00:00 - Cepu,18.275358
2026-03-24 18:00:00 - Cepu,18.099915
2026-03-25 06:00:00 - Cepu,18.168715
2026-03-25 12:00:00 - Cepu,18.472115
2026-03-25 18:00:00 - Cepu,18.271345
2026-03-26 06:00:00 - Cepu,18.331984
2026-03-26 12:00:00 - Cepu,18.462685
2026-03-26 18:00:00 - Cepu,18.523495
2026-03-27 06:00:00 - Cepu,18.838018
2026-03-27 12:00:00 - Cepu,19.077896
2026-03-27 18:00:00 - Cepu,19.189436
2026-03-28 06:00:00 - Cepu,19.388975
2026-03-28 12:00:00 - Cepu,19.28992
2026-03-28 18:00:00 - Cepu,19.186129
2026-03-29 06:00:00 - Cepu,19.877874
2026-03-29 12:00:00 - Cepu,19.880499
2026-03-29 18:00:00 - Cepu,20.122461
2026-03-30 06:00:00 - Cepu,19.855307
2026-03-30 12:00:00 - Cepu,19.909403
2026-03-30 18:00:00 - Cepu,20.13548
2026-03-31 06:00:00 - Cepu,19.383568
2026-03-31 12:00:00 - Cepu,19.943281
2026-03-31 18:00:00 - Cepu,19.617828
2026-04-01 06:00:00 - Cepu,18.69444
2026-04-01 12:00:00 - Cepu,19.054495
2026-04-01 18:00:00 - Cepu,19.02708
2026-04-02 06:00:00 - Cepu,18.722242
2026-04-02 12:00:00 - Cepu,18.512722
2026-04-02 18:00:00 - Cepu,18.895737
2026-04-03 06:00:00 - Cepu,19.093477
2026-04-03 12:00:00 - Cepu,19.02111
2026-04-03 18:00:00 - Cepu,19.261248
2026-04-04 06:00:00 - Cepu,19.004913
2026-04-04 12:00:00 - Cepu,19.096376
2026-04-04 18:00:00 - Cepu,19.218805
2026-04-05 06:00:00 - Cepu,19.234585
2026-04-05 12:00:00 - Cepu,18.823805
2026-04-05 18:00:00 - Cepu,18.709536
2026-04-06 06:00:00 - Cepu,18.44573
2026-04-06 12:00:00 - Cepu,18.507475
2026-04-06 18:00:00 - Cepu,18.55326
2026-04-07 06:00:00 - Cepu,18.33754
2026-04-07 12:00:00 - Cepu,18.161425
2026-04-07 18:00:00 - Cepu,18.338177
2026-04-08 06:00:00 - Cepu,18.363111
2026-04-08 12:00:00 - Cepu,18.404703
2026-04-08 18:00:00 - Cepu,18.323961
2026-04-09 06:00:00 - Cepu,18.423714
2026-04-09 12:00:00 - Cepu,18.177675
2026-04-09 18:00:00 - Cepu,18.28805
2026-04-10 06:00:00 - Cepu,18.54742
2026-04-10 12:00:00 - Cepu,18.616148
2026-04-10 18:00:00 - Cepu,18.8177
2026-04-11 06:00:00 - Cepu,18.836983
2026-04-11 12:00:00 - Cepu,18.751331
2026-04-11 18:00:00 - Cepu,19.293772
2026-04-12 06:00:00 - Cepu,19.097218
2026-04-12 12:00:00 - Cepu,19.03343
2026-04-12 18:00:00 - Cepu,19.115952
2026-04-13 06:00:00 - Cepu,19.48893
2026-04-13 12:00:00 - Cepu,19.612795
2026-04-13 18:00:00 - Cepu,19.025242
2026-04-14 06:00:00 - Cepu,18.864088
2026-04-14 12:00:00 - Cepu,18.605524
2026-04-14 18:00:00 - Cepu,18.568773
2026-04-15 06:00:00 - Cepu,18.34759
2026-04-15 12:00:00 - Cepu,18.16952
2026-04-15 18:00:00 - Cepu,17.905193
2026-04-16 06:00:00 - Cepu,16.97303
2026-04-16 12:00:00 - Cepu,17.65222
2026-04-16 18:00:00 - Cepu,17.597963
2026-04-17 06:00:00 - Cepu,17.8312
2026-04-17 12:00:00 - Cepu,17.743174
2026-04-17 18:00:00 - Cepu,17.882519
2026-04-18 06:00:00 - Cepu,17.536806
2026-04-18 12:00:00 - Cepu,17.4307
2026-04-18 18:00:00 - Cepu,17.571373
2026-04-19 06:00:00 - Cepu,17.343077
2026-04-19 12:00:00 - Cepu,17.184927
2026-04-19 18:00:00 - Cepu,17.048412
2026-04-20 06:00:00 - Cepu,17.302086
2026-04-20 12:00:00 - Cepu,17.180416
2026-04-20 18:00:00 - Cepu,17.231846
2026-04-21 06:00:00 - Cepu,17.149883
2026-04-21 12:00:00 - Cepu,17.344957
2026-04-21 18:00:00 - Cepu,17.272337
2026-04-22 06:00:00 - Cepu,17.21877
2026-04-22 12:00:00 - Cepu,17.356993
2026-04-22 18:00:00 - Cepu,17.627222
2026-04-23 06:00:00 - Cepu,17.429853
2026-04-23 12:00:00 - Cepu,17.761858
2026-04-23 18:00:00 - Cepu,18.024126
2026-04-24 06:00:00 - Cepu,17.928776
2026-04-24 12:00:00 - Cepu,18.036232
2026-04-24 18:00:00 - Cepu,17.963055
2026-04-25 06:00:00 - Cepu,17.947891
2026-04-25 12:00:00 - Cepu,17.960705
2026-04-25 18:00:00 - Cepu,17.79892
2026-04-26 06:00:00 - Cepu,17.887335
2026-04-26 12:00:00 - Cepu,17.781372
2026-04-26 18:00:00 - Cepu,17.417665
2026-04-27 06:00:00 - Cepu,17.461206
2026-04-27 12:00:00 - Cepu,17.603264
2026-04-27 18:00:00 - Cepu,17.69351
2026-04-28 06:00:00 - Cepu,17.656862
2026-04-28 12:00:00 - Cepu,17.583797
2026-04-28 18:00:00 - Cepu,17.636951
2026-04-29 06:00:00 - Cepu,17.622244
2026-04-29 12:00:00 - Cepu,17.843845
2026-04-29 18:00:00 - Cepu,17.89597
2026-04-30 06:00:00 - Cepu,17.892673
2026-04-30 12:00:00 - Cepu,18.02567
2026-04-30 18:00:00 - Cepu,17.95304
2026-05-01 06:00:00 - Cepu,17.825201
2026-05-01 12:00:00 - Cepu,18.0204
2026-05-01 18:00:00 - Cepu,17.959467
2026-05-02 06:00:00 - Cepu,17.881836
2026-05-02 12:00:00 - Cepu,17.983034
2026-05-02 18:00:00 - Cepu,18.110994
2026-05-03 06:00:00 - Cepu,17.923532
2026-05-03 12:00:00 - Cepu,17.873638
2026-05-03 18:00:00 - Cepu,17.942186
2026-05-04 06:00:00 - Cepu,18.029448
2026-05-04 12:00:00 - Cepu,17.94169
2026-05-04 18:00:00 - Cepu,17.93589
2026-05-05 06:00:00 - Cepu,17.706858
2026-05-05 12:00:00 - Cepu,17.820854
2026-05-05 18:00:00 - Cepu,17.696089
2026-05-06 06:00:00 - Cepu,17.598759
2026-05-06 12:00:00 - Cepu,17.266941
2026-05-06 18:00:00 - Cepu,17.187738
2026-05-07 06:00:00 - Cepu,17.204947
2026-05-07 12:00:00 - Cepu,17.033672
2026-05-07 18:00:00 - Cepu,17.156658
2026-05-08 06:00:00 - Cepu,17.17194
2026-05-08 12:00:00 - Cepu,17.091022
2026-05-08 18:00:00 - Cepu,17.062134
2026-05-09 06:00:00 - Cepu,17.078135
2026-05-09 12:00:00 - Cepu,16.945576
2026-05-09 18:00:00 - Cepu,17.081886
2026-05-10 06:00:00 - Cepu,17.017363
2026-05-10 12:00:00 - Cepu,17.017626
2026-05-10 18:00:00 - Cepu,17.09408
2026-05-11 06:00:00 - Cepu,17.058744
2026-05-11 12:00:00 - Cepu,17.086344
2026-05-11 18:00:00 - Cepu,17.120152
2026-05-12 06:00:00 - Cepu,17.08898
2026-05-12 12:00:00 - Cepu,17.098606
2026-05-12 18:00:00 - Cepu,17.134575
2026-05-13 06:00:00 - Cepu,16.772905
2026-05-13 12:00:00 - Cepu,16.893242
2026-05-13 18:00:00 - Cepu,16.992996
2026-05-14 06:00:00 - Cepu,16.812857
2026-05-14 12:00:00 - Cepu,16.832115
2026-05-14 18:00:00 - Cepu,17.038483
2026-05-15 06:00:00 - Cepu,16.76364
2026-05-15 12:00:00 - Cepu,16.76566
2026-05-15 18:00:00 - Cepu,16.5875
2026-05-16 06:00:00 - Cepu,16.955017
2026-05-16 12:00:00 - Cepu,16.852764
2026-05-16 18:00:00 - Cepu,17.219017
2026-05-17 06:00:00 - Cepu,17.0577
2026-05-17 12:00:00 - Cepu,17.22869
2026-05-17 18:00:00 - Cepu,17.204475
2026-05-18 06:00:00 - Cepu,17.056227
2026-05-18 12:00:00 - Cepu,17.191296
2026-05-18 18:00:00 - Cepu,17.12106
2025-09-19 06:00:00 - Colo Weir,107.95208
2025-09-19 12:00:00 - Colo Weir,107.919235
2025-09-19 18:00:00 - Colo Weir,107.916176
2025-09-20 06:00:00 - Colo Weir,107.81333
2025-09-20 12:00:00 - Colo Weir,107.87135
2025-09-20 18:00:00 - Colo Weir,107.86676
2025-09-21 06:00:00 - Colo Weir,107.85575
2025-09-21 12:00:00 - Colo Weir,107.82193
2025-09-21 18:00:00 - Colo Weir,107.907196
2025-09-22 06:00:00 - Colo Weir,107.967094
2025-09-22 12:00:00 - Colo Weir,107.86789
2025-09-22 18:00:00 - Colo Weir,107.85703
2025-09-23 06:00:00 - Colo Weir,107.9672
2025-09-23 12:00:00 - Colo Weir,107.92602
2025-09-23 18:00:00 - Colo Weir,107.97048
2025-09-24 06:00:00 - Colo Weir,107.93897
2025-09-24 12:00:00 - Colo Weir,107.89833
2025-09-24 18:00:00 - Colo Weir,107.94111
2025-09-25 06:00:00 - Colo Weir,107.93341
2025-09-25 12:00:00 - Colo Weir,107.94462
2025-09-25 18:00:00 - Colo Weir,107.8786
2025-09-26 06:00:00 - Colo Weir,107.89933
2025-09-26 12:00:00 - Colo Weir,107.91246
2025-09-26 18:00:00 - Colo Weir,107.91816
2025-09-27 06:00:00 - Colo Weir,107.865776
2025-09-27 12:00:00 - Colo Weir,107.90787
2025-09-27 18:00:00 - Colo Weir,107.30526
2025-09-28 06:00:00 - Colo Weir,107.852745
2025-09-28 12:00:00 - Colo Weir,107.85002
2025-09-28 18:00:00 - Colo Weir,107.45362
2025-09-29 06:00:00 - Colo Weir,107.87713
2025-09-29 12:00:00 - Colo Weir,108.071884
2025-09-29 18:00:00 - Colo Weir,107.73899
2025-09-30 06:00:00 - Colo Weir,107.77182
2025-09-30 12:00:00 - Colo Weir,107.69753
2025-09-30 18:00:00 - Colo Weir,107.76188
2025-10-01 06:00:00 - Colo Weir,107.73416
2025-10-01 12:00:00 - Colo Weir,107.62111
2025-10-01 18:00:00 - Colo Weir,107.57274
2025-10-02 06:00:00 - Colo Weir,107.666374
2025-10-02 12:00:00 - Colo Weir,107.62145
2025-10-02 18:00:00 - Colo Weir,107.348
2025-10-03 06:00:00 - Colo Weir,107.62871
2025-10-03 12:00:00 - Colo Weir,107.57088
2025-10-03 18:00:00 - Colo Weir,107.50015
2025-10-04 06:00:00 - Colo Weir,107.74182
2025-10-04 12:00:00 - Colo Weir,107.657425
2025-10-04 18:00:00 - Colo Weir,107.74765
2025-10-05 06:00:00 - Colo Weir,107.74747
2025-10-05 12:00:00 - Colo Weir,107.64667
2025-10-05 18:00:00 - Colo Weir,107.682
2025-10-06 06:00:00 - Colo Weir,107.49367
2025-10-06 12:00:00 - Colo Weir,107.404076
2025-10-06 18:00:00 - Colo Weir,107.646225
2025-10-07 06:00:00 - Colo Weir,107.51868
2025-10-07 12:00:00 - Colo Weir,107.433365
2025-10-07 18:00:00 - Colo Weir,107.491455
2025-10-08 06:00:00 - Colo Weir,107.41663
2025-10-08 12:00:00 - Colo Weir,107.23781
2025-10-08 18:00:00 - Colo Weir,107.49335
2025-10-09 06:00:00 - Colo Weir,107.48124
2025-10-09 12:00:00 - Colo Weir,107.4537
2025-10-09 18:00:00 - Colo Weir,107.52655
2025-10-10 06:00:00 - Colo Weir,107.48615
2025-10-10 12:00:00 - Colo Weir,107.453606
2025-10-10 18:00:00 - Colo Weir,107.47577
2025-10-11 06:00:00 - Colo Weir,107.588715
2025-10-11 12:00:00 - Colo Weir,107.52401
2025-10-11 18:00:00 - Colo Weir,107.52127
2025-10-12 06:00:00 - Colo Weir,107.42288
2025-10-12 12:00:00 - Colo Weir,107.381294
2025-10-12 18:00:00 - Colo Weir,107.34257
2025-10-13 06:00:00 - Colo Weir,106.589066
2025-10-13 12:00:00 - Colo Weir,106.548065
2025-10-13 18:00:00 - Colo Weir,106.58248
2025-10-14 06:00:00 - Colo Weir,106.58068
2025-10-14 12:00:00 - Colo Weir,106.319405
2025-10-14 18:00:00 - Colo Weir,106.51292
2025-10-15 06:00:00 - Colo Weir,106.5448
2025-10-15 12:00:00 - Colo Weir,106.013115
2025-10-15 18:00:00 - Colo Weir,106.409454
2025-10-16 06:00:00 - Colo Weir,106.44471
2025-10-16 12:00:00 - Colo Weir,105.939
2025-10-16 18:00:00 - Colo Weir,106.45276
2025-10-17 06:00:00 - Colo Weir,105.1412
2025-10-17 12:00:00 - Colo Weir,104.606384
2025-10-17 18:00:00 - Colo Weir,105.09135
2025-10-18 06:00:00 - Colo Weir,104.67556
2025-10-18 12:00:00 - Colo Weir,104.65595
2025-10-18 18:00:00 - Colo Weir,104.44957
2025-10-19 06:00:00 - Colo Weir,104.52935
2025-10-19 12:00:00 - Colo Weir,104.49864
2025-10-19 18:00:00 - Colo Weir,104.38203
2025-10-20 06:00:00 - Colo Weir,104.38455
2025-10-20 12:00:00 - Colo Weir,104.31034
2025-10-20 18:00:00 - Colo Weir,104.33497
2025-10-21 06:00:00 - Colo Weir,104.3797
2025-10-21 12:00:00 - Colo Weir,104.25752
2025-10-21 18:00:00 - Colo Weir,104.55136
2025-10-22 06:00:00 - Colo Weir,104.56554
2025-10-22 12:00:00 - Colo Weir,104.7161
2025-10-22 18:00:00 - Colo Weir,104.446465
2025-10-23 06:00:00 - Colo Weir,104.85941
2025-10-23 12:00:00 - Colo Weir,104.52645
2025-10-23 18:00:00 - Colo Weir,104.81465
2025-10-24 06:00:00 - Colo Weir,104.85386
2025-10-24 12:00:00 - Colo Weir,104.718025
2025-10-24 18:00:00 - Colo Weir,104.772675
2025-10-25 06:00:00 - Colo Weir,104.970505
2025-10-25 12:00:00 - Colo Weir,104.815735
2025-10-25 18:00:00 - Colo Weir,104.77405
2025-10-26 06:00:00 - Colo Weir,104.74496
2025-10-26 12:00:00 - Colo Weir,104.86218
2025-10-26 18:00:00 - Colo Weir,104.71089
2025-10-27 06:00:00 - Colo Weir,104.76089
2025-10-27 12:00:00 - Colo Weir,104.71808
2025-10-27 18:00:00 - Colo Weir,104.76493
2025-10-28 06:00:00 - Colo Weir,104.87597
2025-10-28 12:00:00 - Colo Weir,104.853645
2025-10-28 18:00:00 - Colo Weir,104.983826
2025-10-29 06:00:00 - Colo Weir,104.96402
2025-10-29 12:00:00 - Colo Weir,104.899475
2025-10-29 18:00:00 - Colo Weir,104.8085
2025-10-30 06:00:00 - Colo Weir,104.80203
2025-10-30 12:00:00 - Colo Weir,104.745964
2025-10-30 18:00:00 - Colo Weir,104.851364
2025-10-31 06:00:00 - Colo Weir,104.92478
2025-10-31 12:00:00 - Colo Weir,104.74016
2025-10-31 18:00:00 - Colo Weir,104.72698
2025-11-01 06:00:00 - Colo Weir,105.09102
2025-11-01 12:00:00 - Colo Weir,104.980484
2025-11-01 18:00:00 - Colo Weir,105.03758
2025-11-02 06:00:00 - Colo Weir,105.94144
2025-11-02 12:00:00 - Colo Weir,105.78124
2025-11-02 18:00:00 - Colo Weir,105.84392
2025-11-03 06:00:00 - Colo Weir,106.21495
2025-11-03 12:00:00 - Colo Weir,106.207954
2025-11-03 18:00:00 - Colo Weir,106.2324
2025-11-04 06:00:00 - Colo Weir,106.24168
2025-11-04 12:00:00 - Colo Weir,106.186325
2025-11-04 18:00:00 - Colo Weir,106.27988
2025-11-05 06:00:00 - Colo Weir,106.339264
2025-11-05 12:00:00 - Colo Weir,106.30714
2025-11-05 18:00:00 - Colo Weir,106.42453
2025-11-06 06:00:00 - Colo Weir,106.397285
2025-11-06 12:00:00 - Colo Weir,106.31949
2025-11-06 18:00:00 - Colo Weir,106.13323
2025-11-07 06:00:00 - Colo Weir,106.36324
2025-11-07 12:00:00 - Colo Weir,106.32538
2025-11-07 18:00:00 - Colo Weir,106.296265
2025-11-08 06:00:00 - Colo Weir,106.365364
2025-11-08 12:00:00 - Colo Weir,106.27827
2025-11-08 18:00:00 - Colo Weir,106.21793
2025-11-09 06:00:00 - Colo Weir,106.03243
2025-11-09 12:00:00 - Colo Weir,106.03595
2025-11-09 18:00:00 - Colo Weir,106.02622
2025-11-10 06:00:00 - Colo Weir,106.25012
2025-11-10 12:00:00 - Colo Weir,105.97111
2025-11-10 18:00:00 - Colo Weir,106.18139
2025-11-11 06:00:00 - Colo Weir,106.261185
2025-11-11 12:00:00 - Colo Weir,106.05777
2025-11-11 18:00:00 - Colo Weir,105.840805
2025-11-12 06:00:00 - Colo Weir,106.55982
2025-11-12 12:00:00 - Colo Weir,106.5141
2025-11-12 18:00:00 - Colo Weir,106.332214
2025-11-13 06:00:00 - Colo Weir,106.19148
2025-11-13 12:00:00 - Colo Weir,106.145454
2025-11-13 18:00:00 - Colo Weir,106.68968
2025-11-14 06:00:00 - Colo Weir,107.55398
2025-11-14 12:00:00 - Colo Weir,107.35177
2025-11-14 18:00:00 - Colo Weir,107.584206
2025-11-15 06:00:00 - Colo Weir,107.53698
2025-11-15 12:00:00 - Colo Weir,107.51774
2025-11-15 18:00:00 - Colo Weir,107.53581
2025-11-16 06:00:00 - Colo Weir,107.57172
2025-11-16 12:00:00 - Colo Weir,107.53575
2025-11-16 18:00:00 - Colo Weir,107.684425
2025-11-17 06:00:00 - Colo Weir,107.73431
2025-11-17 12:00:00 - Colo Weir,107.68273
2025-11-17 18:00:00 - Colo Weir,107.77156
2025-11-18 06:00:00 - Colo Weir,107.70213
2025-11-18 12:00:00 - Colo Weir,107.63421
2025-11-18 18:00:00 - Colo Weir,107.51727
2025-11-19 06:00:00 - Colo Weir,107.6599
2025-11-19 12:00:00 - Colo Weir,107.95091
2025-11-19 18:00:00 - Colo Weir,107.822556
2025-11-20 06:00:00 - Colo Weir,107.69538
2025-11-20 12:00:00 - Colo Weir,107.54483
2025-11-20 18:00:00 - Colo Weir,107.659325
2025-11-21 06:00:00 - Colo Weir,107.812485
2025-11-21 12:00:00 - Colo Weir,107.66491
2025-11-21 18:00:00 - Colo Weir,107.696495
2025-11-22 06:00:00 - Colo Weir,107.633255
2025-11-22 12:00:00 - Colo Weir,107.77623
2025-11-22 18:00:00 - Colo Weir,107.82881
2025-11-23 06:00:00 - Colo Weir,107.63625
2025-11-23 12:00:00 - Colo Weir,107.54762
2025-11-23 18:00:00 - Colo Weir,107.46387
2025-11-24 06:00:00 - Colo Weir,107.134186
2025-11-24 12:00:00 - Colo Weir,107.1646
2025-11-24 18:00:00 - Colo Weir,107.14199
2025-11-25 06:00:00 - Colo Weir,107.1736
2025-11-25 12:00:00 - Colo Weir,107.11591
2025-11-25 18:00:00 - Colo Weir,106.8947
2025-11-26 06:00:00 - Colo Weir,107.176216
2025-11-26 12:00:00 - Colo Weir,107.39587
2025-11-26 18:00:00 - Colo Weir,107.02716
2025-11-27 06:00:00 - Colo Weir,107.46039
2025-11-27 12:00:00 - Colo Weir,107.12568
2025-11-27 18:00:00 - Colo Weir,106.96706
2025-11-28 06:00:00 - Colo Weir,107.00229
2025-11-28 12:00:00 - Colo Weir,106.9778
2025-11-28 18:00:00 - Colo Weir,106.99089
2025-11-29 06:00:00 - Colo Weir,106.98612
2025-11-29 12:00:00 - Colo Weir,106.94978
2025-11-29 18:00:00 - Colo Weir,106.9845
2025-11-30 06:00:00 - Colo Weir,107.00414
2025-11-30 12:00:00 - Colo Weir,106.81666
2025-11-30 18:00:00 - Colo Weir,106.97666
2025-12-01 06:00:00 - Colo Weir,107.29634
2025-12-01 12:00:00 - Colo Weir,107.381615
2025-12-01 18:00:00 - Colo Weir,107.35889
2025-12-02 06:00:00 - Colo Weir,107.497734
2025-12-02 12:00:00 - Colo Weir,107.44452
2025-12-02 18:00:00 - Colo Weir,107.35735
2025-12-03 06:00:00 - Colo Weir,107.9123
2025-12-03 12:00:00 - Colo Weir,107.87193
2025-12-03 18:00:00 - Colo Weir,107.94599
2025-12-04 06:00:00 - Colo Weir,108.02094
2025-12-04 12:00:00 - Colo Weir,108.00748
2025-12-04 18:00:00 - Colo Weir,107.38578
2025-12-05 06:00:00 - Colo Weir,108.10526
2025-12-05 12:00:00 - Colo Weir,108.06298
2025-12-05 18:00:00 - Colo Weir,107.92915
2025-12-06 06:00:00 - Colo Weir,108.12681
2025-12-06 12:00:00 - Colo Weir,108.04758
2025-12-06 18:00:00 - Colo Weir,108.25416
2025-12-07 06:00:00 - Colo Weir,107.96475
2025-12-07 12:00:00 - Colo Weir,107.92739
2025-12-07 18:00:00 - Colo Weir,108.05993
2025-12-08 06:00:00 - Colo Weir,107.88574
2025-12-08 12:00:00 - Colo Weir,107.87465
2025-12-08 18:00:00 - Colo Weir,107.8805
2025-12-09 06:00:00 - Colo Weir,108.08316
2025-12-09 12:00:00 - Colo Weir,108.08472
2025-12-09 18:00:00 - Colo Weir,108.118484
2025-12-10 06:00:00 - Colo Weir,108.08052
2025-12-10 12:00:00 - Colo Weir,107.95231
2025-12-10 18:00:00 - Colo Weir,108.02194
2025-12-11 06:00:00 - Colo Weir,108.05246
2025-12-11 12:00:00 - Colo Weir,108.06139
2025-12-11 18:00:00 - Colo Weir,107.942314
2025-12-12 06:00:00 - Colo Weir,107.97912
2025-12-12 12:00:00 - Colo Weir,108.02803
2025-12-12 18:00:00 - Colo Weir,107.86991
2025-12-13 06:00:00 - Colo Weir,108.05238
2025-12-13 12:00:00 - Colo Weir,108.026726
2025-12-13 18:00:00 - Colo Weir,107.889145
2025-12-14 06:00:00 - Colo Weir,107.9967
2025-12-14 12:00:00 - Colo Weir,107.91298
2025-12-14 18:00:00 - Colo Weir,107.9384
2025-12-15 06:00:00 - Colo Weir,108.10051
2025-12-15 12:00:00 - Colo Weir,108.10401
2025-12-15 18:00:00 - Colo Weir,108.06623
2025-12-16 06:00:00 - Colo Weir,108.0845
2025-12-16 12:00:00 - Colo Weir,107.947945
2025-12-16 18:00:00 - Colo Weir,107.97411
2025-12-17 06:00:00 - Colo Weir,108.12149
2025-12-17 12:00:00 - Colo Weir,108.03033
2025-12-17 18:00:00 - Colo Weir,108.09302
2025-12-18 06:00:00 - Colo Weir,108.17141
2025-12-18 12:00:00 - Colo Weir,108.04419
2025-12-18 18:00:00 - Colo Weir,108.19331
2025-12-19 06:00:00 - Colo Weir,107.81707
2025-12-19 12:00:00 - Colo Weir,108.32117
2025-12-19 18:00:00 - Colo Weir,108.37813
2025-12-20 06:00:00 - Colo Weir,107.91078
2025-12-20 12:00:00 - Colo Weir,107.25979
2025-12-20 18:00:00 - Colo Weir,106.86153
2025-12-21 06:00:00 - Colo Weir,107.28143
2025-12-21 12:00:00 - Colo Weir,106.81323
2025-12-21 18:00:00 - Colo Weir,106.92402
2025-12-22 06:00:00 - Colo Weir,107.16728
2025-12-22 12:00:00 - Colo Weir,107.14853
2025-12-22 18:00:00 - Colo Weir,107.14295
2025-12-23 06:00:00 - Colo Weir,107.01454
2025-12-23 12:00:00 - Colo Weir,107.171974
2025-12-23 18:00:00 - Colo Weir,107.19627
2025-12-24 06:00:00 - Colo Weir,107.205215
2025-12-24 12:00:00 - Colo Weir,107.19943
2025-12-24 18:00:00 - Colo Weir,107.294754
2025-12-25 06:00:00 - Colo Weir,107.32096
2025-12-25 12:00:00 - Colo Weir,106.85525
2025-12-25 18:00:00 - Colo Weir,107.313225
2025-12-26 06:00:00 - Colo Weir,107.28581
2025-12-26 12:00:00 - Colo Weir,107.311676
2025-12-26 18:00:00 - Colo Weir,107.346725
2025-12-27 06:00:00 - Colo Weir,106.91675
2025-12-27 12:00:00 - Colo Weir,106.93928
2025-12-27 18:00:00 - Colo Weir,106.99733
2025-12-28 06:00:00 - Colo Weir,107.36709
2025-12-28 12:00:00 - Colo Weir,107.40921
2025-12-28 18:00:00 - Colo Weir,106.84023
2025-12-29 06:00:00 - Colo Weir,107.97268
2025-12-29 12:00:00 - Colo Weir,107.98021
2025-12-29 18:00:00 - Colo Weir,107.93081
2025-12-30 06:00:00 - Colo Weir,107.53059
2025-12-30 12:00:00 - Colo Weir,107.96113
2025-12-30 18:00:00 - Colo Weir,108.04286
2025-12-31 06:00:00 - Colo Weir,108.055504
2025-12-31 12:00:00 - Colo Weir,108.10465
2025-12-31 18:00:00 - Colo Weir,107.881386
2026-01-01 06:00:00 - Colo Weir,108.56539
2026-01-01 12:00:00 - Colo Weir,108.451805
2026-01-01 18:00:00 - Colo Weir,108.63794
2026-01-02 06:00:00 - Colo Weir,110.62576
2026-01-02 12:00:00 - Colo Weir,109.01903
2026-01-02 18:00:00 - Colo Weir,108.80668
2026-01-03 06:00:00 - Colo Weir,108.70889
2026-01-03 12:00:00 - Colo Weir,108.78092
2026-01-03 18:00:00 - Colo Weir,108.66687
2026-01-04 06:00:00 - Colo Weir,110.834366
2026-01-04 12:00:00 - Colo Weir,108.60892
2026-01-04 18:00:00 - Colo Weir,108.525444
2026-01-05 06:00:00 - Colo Weir,108.310875
2026-01-05 12:00:00 - Colo Weir,108.93703
2026-01-05 18:00:00 - Colo Weir,108.50327
2026-01-06 06:00:00 - Colo Weir,108.82593
2026-01-06 12:00:00 - Colo Weir,108.7701
2026-01-06 18:00:00 - Colo Weir,108.880035
2026-01-07 06:00:00 - Colo Weir,108.308846
2026-01-07 12:00:00 - Colo Weir,108.31302
2026-01-07 18:00:00 - Colo Weir,108.38321
2026-01-08 06:00:00 - Colo Weir,108.60737
2026-01-08 12:00:00 - Colo Weir,108.58052
2026-01-08 18:00:00 - Colo Weir,108.57757
2026-01-09 06:00:00 - Colo Weir,108.821
2026-01-09 12:00:00 - Colo Weir,108.6279
2026-01-09 18:00:00 - Colo Weir,108.316185
2026-01-10 06:00:00 - Colo Weir,108.29556
2026-01-10 12:00:00 - Colo Weir,108.37814
2026-01-10 18:00:00 - Colo Weir,108.48328
2026-01-11 06:00:00 - Colo Weir,108.76556
2026-01-11 12:00:00 - Colo Weir,108.79122
2026-01-11 18:00:00 - Colo Weir,108.798584
2026-01-12 06:00:00 - Colo Weir,108.669685
2026-01-12 12:00:00 - Colo Weir,108.81191
2026-01-12 18:00:00 - Colo Weir,108.89287
2026-01-13 06:00:00 - Colo Weir,108.72509
2026-01-13 12:00:00 - Colo Weir,108.89938
2026-01-13 18:00:00 - Colo Weir,108.95365
2026-01-14 06:00:00 - Colo Weir,108.29475
2026-01-14 12:00:00 - Colo Weir,108.9167
2026-01-14 18:00:00 - Colo Weir,108.89302
2026-01-15 06:00:00 - Colo Weir,108.283165
2026-01-15 12:00:00 - Colo Weir,108.26404
2026-01-15 18:00:00 - Colo Weir,108.28057
2026-01-16 06:00:00 - Colo Weir,108.75613
2026-01-16 12:00:00 - Colo Weir,108.649635
2026-01-16 18:00:00 - Colo Weir,108.91476
2026-01-17 06:00:00 - Colo Weir,108.12271
2026-01-17 12:00:00 - Colo Weir,108.660255
2026-01-17 18:00:00 - Colo Weir,108.70607
2026-01-18 06:00:00 - Colo Weir,109.33144
2026-01-18 12:00:00 - Colo Weir,108.29105
2026-01-18 18:00:00 - Colo Weir,108.418365
2026-01-19 06:00:00 - Colo Weir,108.572075
2026-01-19 12:00:00 - Colo Weir,108.203026
2026-01-19 18:00:00 - Colo Weir,108.35644
2026-01-20 06:00:00 - Colo Weir,108.32855
2026-01-20 12:00:00 - Colo Weir,108.696846
2026-01-20 18:00:00 - Colo Weir,108.306595
2026-01-21 06:00:00 - Colo Weir,108.17529
2026-01-21 12:00:00 - Colo Weir,108.28227
2026-01-21 18:00:00 - Colo Weir,108.231964
2026-01-22 06:00:00 - Colo Weir,108.15876
2026-01-22 12:00:00 - Colo Weir,108.18998
2026-01-22 18:00:00 - Colo Weir,108.11052
2026-01-23 06:00:00 - Colo Weir,108.23792
2026-01-23 12:00:00 - Colo Weir,108.472084
2026-01-23 18:00:00 - Colo Weir,107.92424
2026-01-24 06:00:00 - Colo Weir,109.0585
2026-01-24 12:00:00 - Colo Weir,108.33573
2026-01-24 18:00:00 - Colo Weir,108.493866
2026-01-25 06:00:00 - Colo Weir,108.29696
2026-01-25 12:00:00 - Colo Weir,108.18644
2026-01-25 18:00:00 - Colo Weir,108.13904
2026-01-26 06:00:00 - Colo Weir,108.20415
2026-01-26 12:00:00 - Colo Weir,108.69179
2026-01-26 18:00:00 - Colo Weir,108.358086
2026-01-27 06:00:00 - Colo Weir,108.07054
2026-01-27 12:00:00 - Colo Weir,108.665
2026-01-27 18:00:00 - Colo Weir,109.26326
2026-01-28 06:00:00 - Colo Weir,108.89544
2026-01-28 12:00:00 - Colo Weir,108.549736
2026-01-28 18:00:00 - Colo Weir,110.14441
2026-01-29 06:00:00 - Colo Weir,108.63305
2026-01-29 12:00:00 - Colo Weir,109.120224
2026-01-29 18:00:00 - Colo Weir,108.68857
2026-01-30 06:00:00 - Colo Weir,108.76374
2026-01-30 12:00:00 - Colo Weir,108.98453
2026-01-30 18:00:00 - Colo Weir,109.13038
2026-01-31 06:00:00 - Colo Weir,108.74535
2026-01-31 12:00:00 - Colo Weir,108.79204
2026-01-31 18:00:00 - Colo Weir,109.07782
2026-02-01 06:00:00 - Colo Weir,108.84171
2026-02-01 12:00:00 - Colo Weir,108.78999
2026-02-01 18:00:00 - Colo Weir,109.03982
2026-02-02 06:00:00 - Colo Weir,108.88997
2026-02-02 12:00:00 - Colo Weir,108.80392
2026-02-02 18:00:00 - Colo Weir,108.86645
2026-02-03 06:00:00 - Colo Weir,108.71067
2026-02-03 12:00:00 - Colo Weir,108.76314
2026-02-03 18:00:00 - Colo Weir,108.76132
2026-02-04 06:00:00 - Colo Weir,108.78102
2026-02-04 12:00:00 - Colo Weir,108.93561
2026-02-04 18:00:00 - Colo Weir,109.01654
2026-02-05 06:00:00 - Colo Weir,108.41347
2026-02-05 12:00:00 - Colo Weir,108.45659
2026-02-05 18:00:00 - Colo Weir,108.53441
2026-02-06 06:00:00 - Colo Weir,108.913895
2026-02-06 12:00:00 - Colo Weir,108.94703
2026-02-06 18:00:00 - Colo Weir,108.912
2026-02-07 06:00:00 - Colo Weir,108.44563
2026-02-07 12:00:00 - Colo Weir,108.62848
2026-02-07 18:00:00 - Colo Weir,108.83317
2026-02-08 06:00:00 - Colo Weir,108.55668
2026-02-08 12:00:00 - Colo Weir,108.49756
2026-02-08 18:00:00 - Colo Weir,108.509796
2026-02-09 06:00:00 - Colo Weir,108.59109
2026-02-09 12:00:00 - Colo Weir,108.6262
2026-02-09 18:00:00 - Colo Weir,109.19441
2026-02-10 06:00:00 - Colo Weir,108.32737
2026-02-10 12:00:00 - Colo Weir,108.345955
2026-02-10 18:00:00 - Colo Weir,108.48135
2026-02-11 06:00:00 - Colo Weir,108.25086
2026-02-11 12:00:00 - Colo Weir,108.321335
2026-02-11 18:00:00 - Colo Weir,109.99092
2026-02-12 06:00:00 - Colo Weir,108.47813
2026-02-12 12:00:00 - Colo Weir,108.5616
2026-02-12 18:00:00 - Colo Weir,109.56061
2026-02-13 06:00:00 - Colo Weir,108.29254
2026-02-13 12:00:00 - Colo Weir,108.37273
2026-02-13 18:00:00 - Colo Weir,108.35013
2026-02-14 06:00:00 - Colo Weir,108.33835
2026-02-14 12:00:00 - Colo Weir,108.40083
2026-02-14 18:00:00 - Colo Weir,108.4604
2026-02-15 06:00:00 - Colo Weir,108.162094
2026-02-15 12:00:00 - Colo Weir,108.34448
2026-02-15 18:00:00 - Colo Weir,108.50702
2026-02-16 06:00:00 - Colo Weir,110.354454
2026-02-16 12:00:00 - Colo Weir,108.53749
2026-02-16 18:00:00 - Colo Weir,108.72746
2026-02-17 06:00:00 - Colo Weir,108.39553
2026-02-17 12:00:00 - Colo Weir,108.35656
2026-02-17 18:00:00 - Colo Weir,108.36415
2026-02-18 06:00:00 - Colo Weir,108.36476
2026-02-18 12:00:00 - Colo Weir,108.497375
2026-02-18 18:00:00 - Colo Weir,108.64786
2026-02-19 06:00:00 - Colo Weir,108.42984
2026-02-19 12:00:00 - Colo Weir,108.595924
2026-02-19 18:00:00 - Colo Weir,108.58828
2026-02-20 06:00:00 - Colo Weir,108.48244
2026-02-20 12:00:00 - Colo Weir,108.2056
2026-02-20 18:00:00 - Colo Weir,108.07804
2026-02-21 06:00:00 - Colo Weir,108.301445
2026-02-21 12:00:00 - Colo Weir,108.48505
2026-02-21 18:00:00 - Colo Weir,109.41611
2026-02-22 06:00:00 - Colo Weir,108.26797
2026-02-22 12:00:00 - Colo Weir,109.16389
2026-02-22 18:00:00 - Colo Weir,107.96852
2026-02-23 06:00:00 - Colo Weir,108.35494
2026-02-23 12:00:00 - Colo Weir,108.28182
2026-02-23 18:00:00 - Colo Weir,108.45395
2026-02-24 06:00:00 - Colo Weir,108.41417
2026-02-24 12:00:00 - Colo Weir,108.39962
2026-02-24 18:00:00 - Colo Weir,108.339226
2026-02-25 06:00:00 - Colo Weir,108.421265
2026-02-25 12:00:00 - Colo Weir,108.28567
2026-02-25 18:00:00 - Colo Weir,108.245445
2026-02-26 06:00:00 - Colo Weir,108.35103
2026-02-26 12:00:00 - Colo Weir,108.31404
2026-02-26 18:00:00 - Colo Weir,108.28478
2026-02-27 06:00:00 - Colo Weir,108.31366
2026-02-27 12:00:00 - Colo Weir,108.17608
2026-02-27 18:00:00 - Colo Weir,108.16257
2026-02-28 06:00:00 - Colo Weir,108.33809
2026-02-28 12:00:00 - Colo Weir,108.236465
2026-02-28 18:00:00 - Colo Weir,108.29127
2026-03-01 06:00:00 - Colo Weir,108.68945
2026-03-01 12:00:00 - Colo Weir,108.52495
2026-03-01 18:00:00 - Colo Weir,108.457886
2026-03-02 06:00:00 - Colo Weir,108.286125
2026-03-02 12:00:00 - Colo Weir,108.43205
2026-03-02 18:00:00 - Colo Weir,109.23968
2026-03-03 06:00:00 - Colo Weir,108.122185
2026-03-03 12:00:00 - Colo Weir,108.3565
2026-03-03 18:00:00 - Colo Weir,109.17772
2026-03-04 06:00:00 - Colo Weir,108.4466
2026-03-04 12:00:00 - Colo Weir,108.429985
2026-03-04 18:00:00 - Colo Weir,108.59989
2026-03-05 06:00:00 - Colo Weir,108.37455
2026-03-05 12:00:00 - Colo Weir,108.36444
2026-03-05 18:00:00 - Colo Weir,108.43211
2026-03-06 06:00:00 - Colo Weir,108.29423
2026-03-06 12:00:00 - Colo Weir,108.236595
2026-03-06 18:00:00 - Colo Weir,108.267914
2026-03-07 06:00:00 - Colo Weir,108.120964
2026-03-07 12:00:00 - Colo Weir,108.13565
2026-03-07 18:00:00 - Colo Weir,108.92398
2026-03-08 06:00:00 - Colo Weir,108.1015
2026-03-08 12:00:00 - Colo Weir,108.2567
2026-03-08 18:00:00 - Colo Weir,108.150185
2026-03-09 06:00:00 - Colo Weir,107.98324
2026-03-09 12:00:00 - Colo Weir,108.22229
2026-03-09 18:00:00 - Colo Weir,109.34258
2026-03-10 06:00:00 - Colo Weir,108.119125
2026-03-10 12:00:00 - Colo Weir,109.05935
2026-03-10 18:00:00 - Colo Weir,108.19795
2026-03-11 06:00:00 - Colo Weir,108.20436
2026-03-11 12:00:00 - Colo Weir,108.21953
2026-03-11 18:00:00 - Colo Weir,108.42124
2026-03-12 06:00:00 - Colo Weir,108.15051
2026-03-12 12:00:00 - Colo Weir,108.12193
2026-03-12 18:00:00 - Colo Weir,108.13517
2026-03-13 06:00:00 - Colo Weir,108.21448
2026-03-13 12:00:00 - Colo Weir,108.34827
2026-03-13 18:00:00 - Colo Weir,108.315605
2026-03-14 06:00:00 - Colo Weir,109.9172
2026-03-14 12:00:00 - Colo Weir,108.30418
2026-03-14 18:00:00 - Colo Weir,108.273735
2026-03-15 06:00:00 - Colo Weir,108.34588
2026-03-15 12:00:00 - Colo Weir,108.92903
2026-03-15 18:00:00 - Colo Weir,108.35272
2026-03-16 06:00:00 - Colo Weir,108.34246
2026-03-16 12:00:00 - Colo Weir,108.3931
2026-03-16 18:00:00 - Colo Weir,108.29235
2026-03-17 06:00:00 - Colo Weir,108.36093
2026-03-17 12:00:00 - Colo Weir,108.46245
2026-03-17 18:00:00 - Colo Weir,108.34296
2026-03-18 06:00:00 - Colo Weir,108.273964
2026-03-18 12:00:00 - Colo Weir,108.25672
2026-03-18 18:00:00 - Colo Weir,108.34864
2026-03-19 06:00:00 - Colo Weir,108.263374
2026-03-19 12:00:00 - Colo Weir,108.27245
2026-03-19 18:00:00 - Colo Weir,108.30029
2026-03-20 06:00:00 - Colo Weir,108.40916
2026-03-20 12:00:00 - Colo Weir,108.264984
2026-03-20 18:00:00 - Colo Weir,108.18066
2026-03-21 06:00:00 - Colo Weir,108.17278
2026-03-21 12:00:00 - Colo Weir,108.20739
2026-03-21 18:00:00 - Colo Weir,108.229965
2026-03-22 06:00:00 - Colo Weir,108.12088
2026-03-22 12:00:00 - Colo Weir,108.15476
2026-03-22 18:00:00 - Colo Weir,108.200066
2026-03-23 06:00:00 - Colo Weir,108.106224
2026-03-23 12:00:00 - Colo Weir,108.082275
2026-03-23 18:00:00 - Colo Weir,108.12088
2026-03-24 06:00:00 - Colo Weir,108.20358
2026-03-24 12:00:00 - Colo Weir,108.09956
2026-03-24 18:00:00 - Colo Weir,108.11559
2026-03-25 06:00:00 - Colo Weir,108.0698
2026-03-25 12:00:00 - Colo Weir,108.06597
2026-03-25 18:00:00 - Colo Weir,108.126686
2026-03-26 06:00:00 - Colo Weir,108.161255
2026-03-26 12:00:00 - Colo Weir,108.31789
2026-03-26 18:00:00 - Colo Weir,108.35972
2026-03-27 06:00:00 - Colo Weir,108.2719
2026-03-27 12:00:00 - Colo Weir,108.25564
2026-03-27 18:00:00 - Colo Weir,108.22064
2026-03-28 06:00:00 - Colo Weir,108.419
2026-03-28 12:00:00 - Colo Weir,108.288734
2026-03-28 18:00:00 - Colo Weir,109.55056
2026-03-29 06:00:00 - Colo Weir,108.3584
2026-03-29 12:00:00 - Colo Weir,108.412506
2026-03-29 18:00:00 - Colo Weir,108.510086
2026-03-30 06:00:00 - Colo Weir,108.376945
2026-03-30 12:00:00 - Colo Weir,108.298805
2026-03-30 18:00:00 - Colo Weir,108.47191
2026-03-31 06:00:00 - Colo Weir,108.15898
2026-03-31 12:00:00 - Colo Weir,108.29202
2026-03-31 18:00:00 - Colo Weir,108.382614
2026-04-01 06:00:00 - Colo Weir,108.22025
2026-04-01 12:00:00 - Colo Weir,108.22906
2026-04-01 18:00:00 - Colo Weir,108.20408
2026-04-02 06:00:00 - Colo Weir,108.2506
2026-04-02 12:00:00 - Colo Weir,108.04216
2026-04-02 18:00:00 - Colo Weir,108.79166
2026-04-03 06:00:00 - Colo Weir,108.11879
2026-04-03 12:00:00 - Colo Weir,108.18343
2026-04-03 18:00:00 - Colo Weir,108.367874
2026-04-04 06:00:00 - Colo Weir,108.26699
2026-04-04 12:00:00 - Colo Weir,108.23019
2026-04-04 18:00:00 - Colo Weir,108.346214
2026-04-05 06:00:00 - Colo Weir,108.229416
2026-04-05 12:00:00 - Colo Weir,108.15062
2026-04-05 18:00:00 - Colo Weir,108.317604
2026-04-06 06:00:00 - Colo Weir,108.38433
2026-04-06 12:00:00 - Colo Weir,108.35994
2026-04-06 18:00:00 - Colo Weir,108.384735
2026-04-07 06:00:00 - Colo Weir,108.32787
2026-04-07 12:00:00 - Colo Weir,108.35046
2026-04-07 18:00:00 - Colo Weir,109.25692
2026-04-08 06:00:00 - Colo Weir,108.27645
2026-04-08 12:00:00 - Colo Weir,108.25018
2026-04-08 18:00:00 - Colo Weir,108.53961
2026-04-09 06:00:00 - Colo Weir,108.40042
2026-04-09 12:00:00 - Colo Weir,108.43057
2026-04-09 18:00:00 - Colo Weir,110.17477
2026-04-10 06:00:00 - Colo Weir,108.32949
2026-04-10 12:00:00 - Colo Weir,108.25128
2026-04-10 18:00:00 - Colo Weir,108.46633
2026-04-11 06:00:00 - Colo Weir,108.23574
2026-04-11 12:00:00 - Colo Weir,108.40139
2026-04-11 18:00:00 - Colo Weir,110.18728
2026-04-12 06:00:00 - Colo Weir,108.192314
2026-04-12 12:00:00 - Colo Weir,108.3158
2026-04-12 18:00:00 - Colo Weir,108.37175
2026-04-13 06:00:00 - Colo Weir,108.207634
2026-04-13 12:00:00 - Colo Weir,108.399414
2026-04-13 18:00:00 - Colo Weir,108.33985
2026-04-14 06:00:00 - Colo Weir,108.21871
2026-04-14 12:00:00 - Colo Weir,108.258606
2026-04-14 18:00:00 - Colo Weir,108.25416
2026-04-15 06:00:00 - Colo Weir,108.429855
2026-04-15 12:00:00 - Colo Weir,108.28759
2026-04-15 18:00:00 - Colo Weir,108.2307
2026-04-16 06:00:00 - Colo Weir,108.312584
2026-04-16 12:00:00 - Colo Weir,108.30371
2026-04-16 18:00:00 - Colo Weir,108.28436
2026-04-17 06:00:00 - Colo Weir,108.2325
2026-04-17 12:00:00 - Colo Weir,108.212776
2026-04-17 18:00:00 - Colo Weir,108.33315
2026-04-18 06:00:00 - Colo Weir,108.251945
2026-04-18 12:00:00 - Colo Weir,108.263435
2026-04-18 18:00:00 - Colo Weir,108.21543
2026-04-19 06:00:00 - Colo Weir,108.74202
2026-04-19 12:00:00 - Colo Weir,108.25351
2026-04-19 18:00:00 - Colo Weir,108.27546
2026-04-20 06:00:00 - Colo Weir,108.18332
2026-04-20 12:00:00 - Colo Weir,108.23064
2026-04-20 18:00:00 - Colo Weir,108.19606
2026-04-21 06:00:00 - Colo Weir,108.27409
2026-04-21 12:00:00 - Colo Weir,108.29488
2026-04-21 18:00:00 - Colo Weir,108.396614
2026-04-22 06:00:00 - Colo Weir,108.15238
2026-04-22 12:00:00 - Colo Weir,108.22278
2026-04-22 18:00:00 - Colo Weir,107.88796
2026-04-23 06:00:00 - Colo Weir,108.27446
2026-04-23 12:00:00 - Colo Weir,108.27615
2026-04-23 18:00:00 - Colo Weir,108.3351
2026-04-24 06:00:00 - Colo Weir,108.19453
2026-04-24 12:00:00 - Colo Weir,108.275734
2026-04-24 18:00:00 - Colo Weir,107.65259
2026-04-25 06:00:00 - Colo Weir,108.32813
2026-04-25 12:00:00 - Colo Weir,107.9793
2026-04-25 18:00:00 - Colo Weir,108.0285
2026-04-26 06:00:00 - Colo Weir,108.011406
2026-04-26 12:00:00 - Colo Weir,108.01839
2026-04-26 18:00:00 - Colo Weir,107.99843
2026-04-27 06:00:00 - Colo Weir,107.90772
2026-04-27 12:00:00 - Colo Weir,108.026085
2026-04-27 18:00:00 - Colo Weir,107.928925
2026-04-28 06:00:00 - Colo Weir,107.83451
2026-04-28 12:00:00 - Colo Weir,108.12897
2026-04-28 18:00:00 - Colo Weir,108.16305
2026-04-29 06:00:00 - Colo Weir,107.88229
2026-04-29 12:00:00 - Colo Weir,107.88037
2026-04-29 18:00:00 - Colo Weir,107.839195
2026-04-30 06:00:00 - Colo Weir,107.79565
2026-04-30 12:00:00 - Colo Weir,107.88523
2026-04-30 18:00:00 - Colo Weir,107.43197
2026-05-01 06:00:00 - Colo Weir,107.80722
2026-05-01 12:00:00 - Colo Weir,108.123695
2026-05-01 18:00:00 - Colo Weir,108.077156
2026-05-02 06:00:00 - Colo Weir,107.72728
2026-05-02 12:00:00 - Colo Weir,107.69413
2026-05-02 18:00:00 - Colo Weir,107.761154
2026-05-03 06:00:00 - Colo Weir,107.70403
2026-05-03 12:00:00 - Colo Weir,107.7321
2026-05-03 18:00:00 - Colo Weir,108.12287
2026-05-04 06:00:00 - Colo Weir,108.21926
2026-05-04 12:00:00 - Colo Weir,108.282974
2026-05-04 18:00:00 - Colo Weir,107.72211
2026-05-05 06:00:00 - Colo Weir,108.26447
2026-05-05 12:00:00 - Colo Weir,108.180214
2026-05-05 18:00:00 - Colo Weir,108.247574
2026-05-06 06:00:00 - Colo Weir,108.13112
2026-05-06 12:00:00 - Colo Weir,108.23431
2026-05-06 18:00:00 - Colo Weir,108.23885
2026-05-07 06:00:00 - Colo Weir,108.212006
2026-05-07 12:00:00 - Colo Weir,108.2508
2026-05-07 18:00:00 - Colo Weir,108.33867
2026-05-08 06:00:00 - Colo Weir,108.24983
2026-05-08 12:00:00 - Colo Weir,108.24992
2026-05-08 18:00:00 - Colo Weir,108.132225
2026-05-09 06:00:00 - Colo Weir,108.28439
2026-05-09 12:00:00 - Colo Weir,108.36022
2026-05-09 18:00:00 - Colo Weir,108.214645
2026-05-10 06:00:00 - Colo Weir,108.27672
2026-05-10 12:00:00 - Colo Weir,108.30266
2026-05-10 18:00:00 - Colo Weir,108.22029
2026-05-11 06:00:00 - Colo Weir,108.1625
2026-05-11 12:00:00 - Colo Weir,108.25753
2026-05-11 18:00:00 - Colo Weir,108.23174
2026-05-12 06:00:00 - Colo Weir,108.17012
2026-05-12 12:00:00 - Colo Weir,108.20481
2026-05-12 18:00:00 - Colo Weir,108.12723
2026-05-13 06:00:00 - Colo Weir,108.120155
2026-05-13 12:00:00 - Colo Weir,108.17982
2026-05-13 18:00:00 - Colo Weir,108.13256
2026-05-14 06:00:00 - Colo Weir,108.04233
2026-05-14 12:00:00 - Colo Weir,108.1775
2026-05-14 18:00:00 - Colo Weir,108.179756
2026-05-15 06:00:00 - Colo Weir,108.02698
2026-05-15 12:00:00 - Colo Weir,108.205536
2026-05-15 18:00:00 - Colo Weir,108.13868
2026-05-16 06:00:00 - Colo Weir,108.07734
2026-05-16 12:00:00 - Colo Weir,108.143295
2026-05-16 18:00:00 - Colo Weir,108.2254
2026-05-17 06:00:00 - Colo Weir,108.13799
2026-05-17 12:00:00 - Colo Weir,108.17985
2026-05-17 18:00:00 - Colo Weir,108.08465
2026-05-18 06:00:00 - Colo Weir,108.04731
2026-05-18 12:00:00 - Colo Weir,108.2137
2026-05-18 18:00:00 - Colo Weir,108.1798
2025-09-19 06:00:00 - Floodway Bridge C,2.9037478
2025-09-19 12:00:00 - Floodway Bridge C,2.9145942
2025-09-19 18:00:00 - Floodway Bridge C,2.9810839
2025-09-20 06:00:00 - Floodway Bridge C,3.1404462
2025-09-20 12:00:00 - Floodway Bridge C,2.9459982
2025-09-20 18:00:00 - Floodway Bridge C,2.937394
2025-09-21 06:00:00 - Floodway Bridge C,3.0963113
2025-09-21 12:00:00 - Floodway Bridge C,3.1505601
2025-09-21 18:00:00 - Floodway Bridge C,3.113084
2025-09-22 06:00:00 - Floodway Bridge C,3.0516765
2025-09-22 12:00:00 - Floodway Bridge C,3.0516706
2025-09-22 18:00:00 - Floodway Bridge C,3.0533423
2025-09-23 06:00:00 - Floodway Bridge C,3.1735456
2025-09-23 12:00:00 - Floodway Bridge C,3.1851208
2025-09-23 18:00:00 - Floodway Bridge C,3.1917531
2025-09-24 06:00:00 - Floodway Bridge C,3.1951785
2025-09-24 12:00:00 - Floodway Bridge C,3.2255867
2025-09-24 18:00:00 - Floodway Bridge C,3.2226315
2025-09-25 06:00:00 - Floodway Bridge C,3.3278837
2025-09-25 12:00:00 - Floodway Bridge C,3.292903
2025-09-25 18:00:00 - Floodway Bridge C,3.3318746
2025-09-26 06:00:00 - Floodway Bridge C,3.4046123
2025-09-26 12:00:00 - Floodway Bridge C,3.336861
2025-09-26 18:00:00 - Floodway Bridge C,3.350062
2025-09-27 06:00:00 - Floodway Bridge C,3.391114
2025-09-27 12:00:00 - Floodway Bridge C,3.405425
2025-09-27 18:00:00 - Floodway Bridge C,3.411904
2025-09-28 06:00:00 - Floodway Bridge C,3.3950655
2025-09-28 12:00:00 - Floodway Bridge C,3.3612087
2025-09-28 18:00:00 - Floodway Bridge C,3.2988482
2025-09-29 06:00:00 - Floodway Bridge C,3.946788
2025-09-29 12:00:00 - Floodway Bridge C,3.8601384
2025-09-29 18:00:00 - Floodway Bridge C,3.8896062
2025-09-30 06:00:00 - Floodway Bridge C,4.0481987
2025-09-30 12:00:00 - Floodway Bridge C,3.9747667
2025-09-30 18:00:00 - Floodway Bridge C,4.180484
2025-10-01 06:00:00 - Floodway Bridge C,4.0552397
2025-10-01 12:00:00 - Floodway Bridge C,3.8275824
2025-10-01 18:00:00 - Floodway Bridge C,3.7716749
2025-10-02 06:00:00 - Floodway Bridge C,3.9156885
2025-10-02 12:00:00 - Floodway Bridge C,3.7802308
2025-10-02 18:00:00 - Floodway Bridge C,3.8359017
2025-10-03 06:00:00 - Floodway Bridge C,3.3403296
2025-10-03 12:00:00 - Floodway Bridge C,3.2572763
2025-10-03 18:00:00 - Floodway Bridge C,3.3986456
2025-10-04 06:00:00 - Floodway Bridge C,3.3890095
2025-10-04 12:00:00 - Floodway Bridge C,3.3575308
2025-10-04 18:00:00 - Floodway Bridge C,3.5350513
2025-10-05 06:00:00 - Floodway Bridge C,3.6021252
2025-10-05 12:00:00 - Floodway Bridge C,3.5881672
2025-10-05 18:00:00 - Floodway Bridge C,3.5226345
2025-10-06 06:00:00 - Floodway Bridge C,3.517136
2025-10-06 12:00:00 - Floodway Bridge C,3.5185647
2025-10-06 18:00:00 - Floodway Bridge C,3.5601234
2025-10-07 06:00:00 - Floodway Bridge C,3.6416116
2025-10-07 12:00:00 - Floodway Bridge C,3.6127331
2025-10-07 18:00:00 - Floodway Bridge C,3.7088192
2025-10-08 06:00:00 - Floodway Bridge C,3.7872164
2025-10-08 12:00:00 - Floodway Bridge C,3.732119
2025-10-08 18:00:00 - Floodway Bridge C,3.750938
2025-10-09 06:00:00 - Floodway Bridge C,3.714873
2025-10-09 12:00:00 - Floodway Bridge C,3.5956905
2025-10-09 18:00:00 - Floodway Bridge C,3.611246
2025-10-10 06:00:00 - Floodway Bridge C,3.631855
2025-10-10 12:00:00 - Floodway Bridge C,3.5788326
2025-10-10 18:00:00 - Floodway Bridge C,3.721832
2025-10-11 06:00:00 - Floodway Bridge C,3.7731493
2025-10-11 12:00:00 - Floodway Bridge C,3.5840073
2025-10-11 18:00:00 - Floodway Bridge C,3.7349992
2025-10-12 06:00:00 - Floodway Bridge C,3.661476
2025-10-12 12:00:00 - Floodway Bridge C,3.5751014
2025-10-12 18:00:00 - Floodway Bridge C,3.512846
2025-10-13 06:00:00 - Floodway Bridge C,3.479077
2025-10-13 12:00:00 - Floodway Bridge C,3.438746
2025-10-13 18:00:00 - Floodway Bridge C,3.3331645
2025-10-14 06:00:00 - Floodway Bridge C,3.4244323
2025-10-14 12:00:00 - Floodway Bridge C,3.336172
2025-10-14 18:00:00 - Floodway Bridge C,3.3357072
2025-10-15 06:00:00 - Floodway Bridge C,4.068383
2025-10-15 12:00:00 - Floodway Bridge C,3.9484148
2025-10-15 18:00:00 - Floodway Bridge C,3.9215026
2025-10-16 06:00:00 - Floodway Bridge C,3.8987186
2025-10-16 12:00:00 - Floodway Bridge C,3.8805337
2025-10-16 18:00:00 - Floodway Bridge C,3.9562564
2025-10-17 06:00:00 - Floodway Bridge C,3.9302087
2025-10-17 12:00:00 - Floodway Bridge C,3.9405248
2025-10-17 18:00:00 - Floodway Bridge C,3.964237
2025-10-18 06:00:00 - Floodway Bridge C,3.9901104
2025-10-18 12:00:00 - Floodway Bridge C,3.9624832
2025-10-18 18:00:00 - Floodway Bridge C,3.9920583
2025-10-19 06:00:00 - Floodway Bridge C,3.954433
2025-10-19 12:00:00 - Floodway Bridge C,3.845668
2025-10-19 18:00:00 - Floodway Bridge C,3.9265792
2025-10-20 06:00:00 - Floodway Bridge C,3.8915503
2025-10-20 12:00:00 - Floodway Bridge C,3.8119066
2025-10-20 18:00:00 - Floodway Bridge C,3.5723364
2025-10-21 06:00:00 - Floodway Bridge C,3.6649241
2025-10-21 12:00:00 - Floodway Bridge C,4.651288
2025-10-21 18:00:00 - Floodway Bridge C,3.4222875
2025-10-22 06:00:00 - Floodway Bridge C,3.40332
2025-10-22 12:00:00 - Floodway Bridge C,3.2953165
2025-10-22 18:00:00 - Floodway Bridge C,3.9208622
2025-10-23 06:00:00 - Floodway Bridge C,2.6098607
2025-10-23 12:00:00 - Floodway Bridge C,2.8181357
2025-10-23 18:00:00 - Floodway Bridge C,2.8882287
2025-10-24 06:00:00 - Floodway Bridge C,2.9809287
2025-10-24 12:00:00 - Floodway Bridge C,3.132678
2025-10-24 18:00:00 - Floodway Bridge C,3.229559
2025-10-25 06:00:00 - Floodway Bridge C,3.0070436
2025-10-25 12:00:00 - Floodway Bridge C,3.1573644
2025-10-25 18:00:00 - Floodway Bridge C,3.162075
2025-10-26 06:00:00 - Floodway Bridge C,3.2582152
2025-10-26 12:00:00 - Floodway Bridge C,3.158477
2025-10-26 18:00:00 - Floodway Bridge C,2.8433597
2025-10-27 06:00:00 - Floodway Bridge C,2.9381917
2025-10-27 12:00:00 - Floodway Bridge C,3.1654913
2025-10-27 18:00:00 - Floodway Bridge C,2.8282104
2025-10-28 06:00:00 - Floodway Bridge C,3.0430899
2025-10-28 12:00:00 - Floodway Bridge C,2.920917
2025-10-28 18:00:00 - Floodway Bridge C,3.124094
2025-10-29 06:00:00 - Floodway Bridge C,3.1849382
2025-10-29 12:00:00 - Floodway Bridge C,3.2847075
2025-10-29 18:00:00 - Floodway Bridge C,3.3204236
2025-10-30 06:00:00 - Floodway Bridge C,3.1106482
2025-10-30 12:00:00 - Floodway Bridge C,3.5086925
2025-10-30 18:00:00 - Floodway Bridge C,3.3310065
2025-10-31 06:00:00 - Floodway Bridge C,3.1836853
2025-10-31 12:00:00 - Floodway Bridge C,3.3801126
2025-10-31 18:00:00 - Floodway Bridge C,3.1809218
2025-11-01 06:00:00 - Floodway Bridge C,3.0807998
2025-11-01 12:00:00 - Floodway Bridge C,3.0539453
2025-11-01 18:00:00 - Floodway Bridge C,3.0150933
2025-11-02 06:00:00 - Floodway Bridge C,2.7034214
2025-11-02 12:00:00 - Floodway Bridge C,2.8234627
2025-11-02 18:00:00 - Floodway Bridge C,2.8032503
2025-11-03 06:00:00 - Floodway Bridge C,2.7954078
2025-11-03 12:00:00 - Floodway Bridge C,2.8512075
2025-11-03 18:00:00 - Floodway Bridge C,3.5166092
2025-11-04 06:00:00 - Floodway Bridge C,3.038196
2025-11-04 12:00:00 - Floodway Bridge C,2.99812
2025-11-04 18:00:00 - Floodway Bridge C,3.333491
2025-11-05 06:00:00 - Floodway Bridge C,3.3181024
2025-11-05 12:00:00 - Floodway Bridge C,3.1520002
2025-11-05 18:00:00 - Floodway Bridge C,2.9816816
2025-11-06 06:00:00 - Floodway Bridge C,3.183084
2025-11-06 12:00:00 - Floodway Bridge C,3.3692253
2025-11-06 18:00:00 - Floodway Bridge C,3.24541
2025-11-07 06:00:00 - Floodway Bridge C,3.3193412
2025-11-07 12:00:00 - Floodway Bridge C,3.2875552
2025-11-07 18:00:00 - Floodway Bridge C,3.4486449
2025-11-08 06:00:00 - Floodway Bridge C,3.1947963
2025-11-08 12:00:00 - Floodway Bridge C,2.958547
2025-11-08 18:00:00 - Floodway Bridge C,2.598699
2025-11-09 06:00:00 - Floodway Bridge C,2.9417048
2025-11-09 12:00:00 - Floodway Bridge C,2.9171922
2025-11-09 18:00:00 - Floodway Bridge C,2.70664
2025-11-10 06:00:00 - Floodway Bridge C,2.7322533
2025-11-10 12:00:00 - Floodway Bridge C,2.9410899
2025-11-10 18:00:00 - Floodway Bridge C,2.9447196
2025-11-11 06:00:00 - Floodway Bridge C,3.0651312
2025-11-11 12:00:00 - Floodway Bridge C,3.1901135
2025-11-11 18:00:00 - Floodway Bridge C,3.076651
2025-11-12 06:00:00 - Floodway Bridge C,3.3645916
2025-11-12 12:00:00 - Floodway Bridge C,3.5855017
2025-11-12 18:00:00 - Floodway Bridge C,3.7057078
2025-11-13 06:00:00 - Floodway Bridge C,4.170406
2025-11-13 12:00:00 - Floodway Bridge C,4.1282873
2025-11-13 18:00:00 - Floodway Bridge C,3.922937
2025-11-14 06:00:00 - Floodway Bridge C,4.2107472
2025-11-14 12:00:00 - Floodway Bridge C,3.7958946
2025-11-14 18:00:00 - Floodway Bridge C,3.5641775
2025-11-15 06:00:00 - Floodway Bridge C,3.3018155
2025-11-15 12:00:00 - Floodway Bridge C,3.4316933
2025-11-15 18:00:00 - Floodway Bridge C,3.7070007
2025-11-16 06:00:00 - Floodway Bridge C,3.1305747
2025-11-16 12:00:00 - Floodway Bridge C,3.0924459
2025-11-16 18:00:00 - Floodway Bridge C,3.1693265
2025-11-17 06:00:00 - Floodway Bridge C,3.3348093
2025-11-17 12:00:00 - Floodway Bridge C,3.3281236
2025-11-17 18:00:00 - Floodway Bridge C,3.1551423
2025-11-18 06:00:00 - Floodway Bridge C,3.1558528
2025-11-18 12:00:00 - Floodway Bridge C,3.149494
2025-11-18 18:00:00 - Floodway Bridge C,3.1076896
2025-11-19 06:00:00 - Floodway Bridge C,3.4181628
2025-11-19 12:00:00 - Floodway Bridge C,3.3875935
2025-11-19 18:00:00 - Floodway Bridge C,3.5945148
2025-11-20 06:00:00 - Floodway Bridge C,3.7120285
2025-11-20 12:00:00 - Floodway Bridge C,4.114603
2025-11-20 18:00:00 - Floodway Bridge C,4.108846
2025-11-21 06:00:00 - Floodway Bridge C,4.0752225
2025-11-21 12:00:00 - Floodway Bridge C,4.1006656
2025-11-21 18:00:00 - Floodway Bridge C,4.145242
2025-11-22 06:00:00 - Floodway Bridge C,4.249025
2025-11-22 12:00:00 - Floodway Bridge C,4.303959
2025-11-22 18:00:00 - Floodway Bridge C,4.1748776
2025-11-23 06:00:00 - Floodway Bridge C,3.8887331
2025-11-23 12:00:00 - Floodway Bridge C,3.7440157
2025-11-23 18:00:00 - Floodway Bridge C,3.7781034
2025-11-24 06:00:00 - Floodway Bridge C,3.6995552
2025-11-24 12:00:00 - Floodway Bridge C,3.1781259
2025-11-24 18:00:00 - Floodway Bridge C,3.3381305
2025-11-25 06:00:00 - Floodway Bridge C,3.4043276
2025-11-25 12:00:00 - Floodway Bridge C,3.204393
2025-11-25 18:00:00 - Floodway Bridge C,3.2518764
2025-11-26 06:00:00 - Floodway Bridge C,3.525953
2025-11-26 12:00:00 - Floodway Bridge C,3.4561627
2025-11-26 18:00:00 - Floodway Bridge C,3.4855585
2025-11-27 06:00:00 - Floodway Bridge C,3.570518
2025-11-27 12:00:00 - Floodway Bridge C,3.6279464
2025-11-27 18:00:00 - Floodway Bridge C,3.5491176
2025-11-28 06:00:00 - Floodway Bridge C,3.4043097
2025-11-28 12:00:00 - Floodway Bridge C,3.414716
2025-11-28 18:00:00 - Floodway Bridge C,3.762293
2025-11-29 06:00:00 - Floodway Bridge C,3.3215709
2025-11-29 12:00:00 - Floodway Bridge C,3.794113
2025-11-29 18:00:00 - Floodway Bridge C,3.7923362
2025-11-30 06:00:00 - Floodway Bridge C,3.574869
2025-11-30 12:00:00 - Floodway Bridge C,3.8097293
2025-11-30 18:00:00 - Floodway Bridge C,3.621688
2025-12-01 06:00:00 - Floodway Bridge C,3.4189653
2025-12-01 12:00:00 - Floodway Bridge C,3.6299183
2025-12-01 18:00:00 - Floodway Bridge C,3.2141337
2025-12-02 06:00:00 - Floodway Bridge C,3.321309
2025-12-02 12:00:00 - Floodway Bridge C,3.743593
2025-12-02 18:00:00 - Floodway Bridge C,3.8708627
2025-12-03 06:00:00 - Floodway Bridge C,3.257955
2025-12-03 12:00:00 - Floodway Bridge C,3.3317125
2025-12-03 18:00:00 - Floodway Bridge C,3.8958354
2025-12-04 06:00:00 - Floodway Bridge C,3.3031192
2025-12-04 12:00:00 - Floodway Bridge C,3.6363926
2025-12-04 18:00:00 - Floodway Bridge C,3.3210063
2025-12-05 06:00:00 - Floodway Bridge C,3.5008209
2025-12-05 12:00:00 - Floodway Bridge C,4.0158806
2025-12-05 18:00:00 - Floodway Bridge C,3.6973288
2025-12-06 06:00:00 - Floodway Bridge C,3.828256
2025-12-06 12:00:00 - Floodway Bridge C,3.8277102
2025-12-06 18:00:00 - Floodway Bridge C,3.786503
2025-12-07 06:00:00 - Floodway Bridge C,3.666835
2025-12-07 12:00:00 - Floodway Bridge C,3.7118447
2025-12-07 18:00:00 - Floodway Bridge C,3.6928148
2025-12-08 06:00:00 - Floodway Bridge C,3.3122997
2025-12-08 12:00:00 - Floodway Bridge C,3.6749983
2025-12-08 18:00:00 - Floodway Bridge C,3.592562
2025-12-09 06:00:00 - Floodway Bridge C,3.6201756
2025-12-09 12:00:00 - Floodway Bridge C,3.521697
2025-12-09 18:00:00 - Floodway Bridge C,3.673354
2025-12-10 06:00:00 - Floodway Bridge C,3.8602922
2025-12-10 12:00:00 - Floodway Bridge C,4.012412
2025-12-10 18:00:00 - Floodway Bridge C,3.8742473
2025-12-11 06:00:00 - Floodway Bridge C,3.9370615
2025-12-11 12:00:00 - Floodway Bridge C,3.927319
2025-12-11 18:00:00 - Floodway Bridge C,3.6959379
2025-12-12 06:00:00 - Floodway Bridge C,3.5702524
2025-12-12 12:00:00 - Floodway Bridge C,3.617605
2025-12-12 18:00:00 - Floodway Bridge C,3.199095
2025-12-13 06:00:00 - Floodway Bridge C,3.4659655
2025-12-13 12:00:00 - Floodway Bridge C,3.538786
2025-12-13 18:00:00 - Floodway Bridge C,3.2335837
2025-12-14 06:00:00 - Floodway Bridge C,3.4507504
2025-12-14 12:00:00 - Floodway Bridge C,3.58024
2025-12-14 18:00:00 - Floodway Bridge C,3.4870234
2025-12-15 06:00:00 - Floodway Bridge C,3.5951314
2025-12-15 12:00:00 - Floodway Bridge C,3.5603907
2025-12-15 18:00:00 - Floodway Bridge C,3.7699127
2025-12-16 06:00:00 - Floodway Bridge C,3.4948266
2025-12-16 12:00:00 - Floodway Bridge C,3.4850602
2025-12-16 18:00:00 - Floodway Bridge C,3.593192
2025-12-17 06:00:00 - Floodway Bridge C,3.6957831
2025-12-17 12:00:00 - Floodway Bridge C,3.5430849
2025-12-17 18:00:00 - Floodway Bridge C,3.578127
2025-12-18 06:00:00 - Floodway Bridge C,3.5983956
2025-12-18 12:00:00 - Floodway Bridge C,3.4102824
2025-12-18 18:00:00 - Floodway Bridge C,3.2730505
2025-12-19 06:00:00 - Floodway Bridge C,3.504822
2025-12-19 12:00:00 - Floodway Bridge C,3.728232
2025-12-19 18:00:00 - Floodway Bridge C,3.6229126
2025-12-20 06:00:00 - Floodway Bridge C,3.4262815
2025-12-20 12:00:00 - Floodway Bridge C,3.242999
2025-12-20 18:00:00 - Floodway Bridge C,3.4394412
2025-12-21 06:00:00 - Floodway Bridge C,3.3888688
2025-12-21 12:00:00 - Floodway Bridge C,3.5175238
2025-12-21 18:00:00 - Floodway Bridge C,3.5181327
2025-12-22 06:00:00 - Floodway Bridge C,3.2739952
2025-12-22 12:00:00 - Floodway Bridge C,3.6404257
2025-12-22 18:00:00 - Floodway Bridge C,3.8840315
2025-12-23 06:00:00 - Floodway Bridge C,3.80536
2025-12-23 12:00:00 - Floodway Bridge C,3.8622472
2025-12-23 18:00:00 - Floodway Bridge C,3.8448224
2025-12-24 06:00:00 - Floodway Bridge C,3.534171
2025-12-24 12:00:00 - Floodway Bridge C,3.6845927
2025-12-24 18:00:00 - Floodway Bridge C,3.6239142
2025-12-25 06:00:00 - Floodway Bridge C,3.1947582
2025-12-25 12:00:00 - Floodway Bridge C,3.4956434
2025-12-25 18:00:00 - Floodway Bridge C,3.4003453
2025-12-26 06:00:00 - Floodway Bridge C,3.4027786
2025-12-26 12:00:00 - Floodway Bridge C,3.3318527
2025-12-26 18:00:00 - Floodway Bridge C,3.332053
2025-12-27 06:00:00 - Floodway Bridge C,3.2255673
2025-12-27 12:00:00 - Floodway Bridge C,3.4414046
2025-12-27 18:00:00 - Floodway Bridge C,3.412098
2025-12-28 06:00:00 - Floodway Bridge C,3.0365996
2025-12-28 12:00:00 - Floodway Bridge C,3.1280444
2025-12-28 18:00:00 - Floodway Bridge C,3.1928186
2025-12-29 06:00:00 - Floodway Bridge C,3.3733425
2025-12-29 12:00:00 - Floodway Bridge C,3.4320943
2025-12-29 18:00:00 - Floodway Bridge C,3.7525887
2025-12-30 06:00:00 - Floodway Bridge C,3.4386618
2025-12-30 12:00:00 - Floodway Bridge C,3.4580803
2025-12-30 18:00:00 - Floodway Bridge C,3.2390568
2025-12-31 06:00:00 - Floodway Bridge C,3.328911
2025-12-31 12:00:00 - Floodway Bridge C,3.159319
2025-12-31 18:00:00 - Floodway Bridge C,3.441265
2026-01-01 06:00:00 - Floodway Bridge C,3.3636906
2026-01-01 12:00:00 - Floodway Bridge C,3.4142804
2026-01-01 18:00:00 - Floodway Bridge C,3.5827074
2026-01-02 06:00:00 - Floodway Bridge C,3.6248603
2026-01-02 12:00:00 - Floodway Bridge C,3.4810693
2026-01-02 18:00:00 - Floodway Bridge C,3.6730804
2026-01-03 06:00:00 - Floodway Bridge C,3.8001812
2026-01-03 12:00:00 - Floodway Bridge C,3.6493797
2026-01-03 18:00:00 - Floodway Bridge C,3.7231715
2026-01-04 06:00:00 - Floodway Bridge C,3.2588248
2026-01-04 12:00:00 - Floodway Bridge C,3.55793
2026-01-04 18:00:00 - Floodway Bridge C,3.559136
2026-01-05 06:00:00 - Floodway Bridge C,3.3622913
2026-01-05 12:00:00 - Floodway Bridge C,3.3274205
2026-01-05 18:00:00 - Floodway Bridge C,3.323031
2026-01-06 06:00:00 - Floodway Bridge C,3.325833
2026-01-06 12:00:00 - Floodway Bridge C,3.4634216
2026-01-06 18:00:00 - Floodway Bridge C,3.6743073
2026-01-07 06:00:00 - Floodway Bridge C,3.500041
2026-01-07 12:00:00 - Floodway Bridge C,3.5028167
2026-01-07 18:00:00 - Floodway Bridge C,3.5686634
2026-01-08 06:00:00 - Floodway Bridge C,3.4954605
2026-01-08 12:00:00 - Floodway Bridge C,3.4643888
2026-01-08 18:00:00 - Floodway Bridge C,3.4877484
2026-01-09 06:00:00 - Floodway Bridge C,3.4494953
2026-01-09 12:00:00 - Floodway Bridge C,3.366324
2026-01-09 18:00:00 - Floodway Bridge C,3.5930939
2026-01-10 06:00:00 - Floodway Bridge C,3.6293852
2026-01-10 12:00:00 - Floodway Bridge C,3.6089973
2026-01-10 18:00:00 - Floodway Bridge C,3.6703908
2026-01-11 06:00:00 - Floodway Bridge C,3.3958526
2026-01-11 12:00:00 - Floodway Bridge C,3.6528206
2026-01-11 18:00:00 - Floodway Bridge C,3.5171874
2026-01-12 06:00:00 - Floodway Bridge C,3.902725
2026-01-12 12:00:00 - Floodway Bridge C,4.2769346
2026-01-12 18:00:00 - Floodway Bridge C,4.3704987
2026-01-13 06:00:00 - Floodway Bridge C,4.163228
2026-01-13 12:00:00 - Floodway Bridge C,4.274802
2026-01-13 18:00:00 - Floodway Bridge C,4.3267994
2026-01-14 06:00:00 - Floodway Bridge C,4.36662
2026-01-14 12:00:00 - Floodway Bridge C,4.3462048
2026-01-14 18:00:00 - Floodway Bridge C,4.1585326
2026-01-15 06:00:00 - Floodway Bridge C,4.1018248
2026-01-15 12:00:00 - Floodway Bridge C,3.7445884
2026-01-15 18:00:00 - Floodway Bridge C,3.6716316
2026-01-16 06:00:00 - Floodway Bridge C,3.6917462
2026-01-16 12:00:00 - Floodway Bridge C,3.891564
2026-01-16 18:00:00 - Floodway Bridge C,3.8499794
2026-01-17 06:00:00 - Floodway Bridge C,3.7240615
2026-01-17 12:00:00 - Floodway Bridge C,3.7925084
2026-01-17 18:00:00 - Floodway Bridge C,3.484187
2026-01-18 06:00:00 - Floodway Bridge C,3.3684876
2026-01-18 12:00:00 - Floodway Bridge C,3.357295
2026-01-18 18:00:00 - Floodway Bridge C,3.3186378
2026-01-19 06:00:00 - Floodway Bridge C,3.6878142
2026-01-19 12:00:00 - Floodway Bridge C,4.1125097
2026-01-19 18:00:00 - Floodway Bridge C,3.750871
2026-01-20 06:00:00 - Floodway Bridge C,4.162829
2026-01-20 12:00:00 - Floodway Bridge C,4.0288444
2026-01-20 18:00:00 - Floodway Bridge C,4.3526154
2026-01-21 06:00:00 - Floodway Bridge C,4.1918235
2026-01-21 12:00:00 - Floodway Bridge C,4.322777
2026-01-21 18:00:00 - Floodway Bridge C,4.194677
2026-01-22 06:00:00 - Floodway Bridge C,4.5832143
2026-01-22 12:00:00 - Floodway Bridge C,4.238727
2026-01-22 18:00:00 - Floodway Bridge C,4.30021
2026-01-23 06:00:00 - Floodway Bridge C,4.5287905
2026-01-23 12:00:00 - Floodway Bridge C,4.692815
2026-01-23 18:00:00 - Floodway Bridge C,4.5773945
2026-01-24 06:00:00 - Floodway Bridge C,4.3973417
2026-01-24 12:00:00 - Floodway Bridge C,4.3230233
2026-01-24 18:00:00 - Floodway Bridge C,4.2641616
2026-01-25 06:00:00 - Floodway Bridge C,4.086772
2026-01-25 12:00:00 - Floodway Bridge C,3.8276129
2026-01-25 18:00:00 - Floodway Bridge C,3.9234328
2026-01-26 06:00:00 - Floodway Bridge C,3.587339
2026-01-26 12:00:00 - Floodway Bridge C,3.678266
2026-01-26 18:00:00 - Floodway Bridge C,3.6282172
2026-01-27 06:00:00 - Floodway Bridge C,3.731087
2026-01-27 12:00:00 - Floodway Bridge C,3.5786963
2026-01-27 18:00:00 - Floodway Bridge C,3.4655244
2026-01-28 06:00:00 - Floodway Bridge C,3.4220781
2026-01-28 12:00:00 - Floodway Bridge C,3.1726108
2026-01-28 18:00:00 - Floodway Bridge C,3.5069811
2026-01-29 06:00:00 - Floodway Bridge C,3.7445838
2026-01-29 12:00:00 - Floodway Bridge C,3.6671853
2026-01-29 18:00:00 - Floodway Bridge C,3.9373436
2026-01-30 06:00:00 - Floodway Bridge C,3.9392023
2026-01-30 12:00:00 - Floodway Bridge C,3.6257365
2026-01-30 18:00:00 - Floodway Bridge C,3.6787257
2026-01-31 06:00:00 - Floodway Bridge C,3.7573996
2026-01-31 12:00:00 - Floodway Bridge C,3.6712208
2026-01-31 18:00:00 - Floodway Bridge C,3.661113
2026-02-01 06:00:00 - Floodway Bridge C,3.8023865
2026-02-01 12:00:00 - Floodway Bridge C,3.7843294
2026-02-01 18:00:00 - Floodway Bridge C,3.5949764
2026-02-02 06:00:00 - Floodway Bridge C,3.5149345
2026-02-02 12:00:00 - Floodway Bridge C,3.6591537
2026-02-02 18:00:00 - Floodway Bridge C,3.5523953
2026-02-03 06:00:00 - Floodway Bridge C,3.376763
2026-02-03 12:00:00 - Floodway Bridge C,3.6723497
2026-02-03 18:00:00 - Floodway Bridge C,3.448499
2026-02-04 06:00:00 - Floodway Bridge C,3.6211312
2026-02-04 12:00:00 - Floodway Bridge C,3.6916327
2026-02-04 18:00:00 - Floodway Bridge C,4.0814466
2026-02-05 06:00:00 - Floodway Bridge C,3.974208
2026-02-05 12:00:00 - Floodway Bridge C,4.0524883
2026-02-05 18:00:00 - Floodway Bridge C,4.422751
2026-02-06 06:00:00 - Floodway Bridge C,4.3850317
2026-02-06 12:00:00 - Floodway Bridge C,4.3762693
2026-02-06 18:00:00 - Floodway Bridge C,4.4119396
2026-02-07 06:00:00 - Floodway Bridge C,4.3658113
2026-02-07 12:00:00 - Floodway Bridge C,4.370562
2026-02-07 18:00:00 - Floodway Bridge C,4.3377094
2026-02-08 06:00:00 - Floodway Bridge C,4.2399735
2026-02-08 12:00:00 - Floodway Bridge C,4.4275517
2026-02-08 18:00:00 - Floodway Bridge C,4.3387985
2026-02-09 06:00:00 - Floodway Bridge C,4.298236
2026-02-09 12:00:00 - Floodway Bridge C,4.228509
2026-02-09 18:00:00 - Floodway Bridge C,4.5595655
2026-02-10 06:00:00 - Floodway Bridge C,4.0219345
2026-02-10 12:00:00 - Floodway Bridge C,4.165401
2026-02-10 18:00:00 - Floodway Bridge C,3.6278288
2026-02-11 06:00:00 - Floodway Bridge C,3.5265892
2026-02-11 12:00:00 - Floodway Bridge C,3.6685276
2026-02-11 18:00:00 - Floodway Bridge C,3.6714933
2026-02-12 06:00:00 - Floodway Bridge C,3.8449273
2026-02-12 12:00:00 - Floodway Bridge C,4.15302
2026-02-12 18:00:00 - Floodway Bridge C,4.5598087
2026-02-13 06:00:00 - Floodway Bridge C,4.6432424
2026-02-13 12:00:00 - Floodway Bridge C,4.4234657
2026-02-13 18:00:00 - Floodway Bridge C,4.579607
2026-02-14 06:00:00 - Floodway Bridge C,4.3243356
2026-02-14 12:00:00 - Floodway Bridge C,4.498939
2026-02-14 18:00:00 - Floodway Bridge C,4.483823
2026-02-15 06:00:00 - Floodway Bridge C,4.5654
2026-02-15 12:00:00 - Floodway Bridge C,4.2127934
2026-02-15 18:00:00 - Floodway Bridge C,4.231711
2026-02-16 06:00:00 - Floodway Bridge C,4.6583657
2026-02-16 12:00:00 - Floodway Bridge C,4.7774534
2026-02-16 18:00:00 - Floodway Bridge C,4.987954
2026-02-17 06:00:00 - Floodway Bridge C,4.6097136
2026-02-17 12:00:00 - Floodway Bridge C,4.71254
2026-02-17 18:00:00 - Floodway Bridge C,4.5984945
2026-02-18 06:00:00 - Floodway Bridge C,4.768432
2026-02-18 12:00:00 - Floodway Bridge C,4.5677085
2026-02-18 18:00:00 - Floodway Bridge C,4.7294188
2026-02-19 06:00:00 - Floodway Bridge C,4.8615746
2026-02-19 12:00:00 - Floodway Bridge C,4.764582
2026-02-19 18:00:00 - Floodway Bridge C,4.6443467
2026-02-20 06:00:00 - Floodway Bridge C,4.789772
2026-02-20 12:00:00 - Floodway Bridge C,4.6540065
2026-02-20 18:00:00 - Floodway Bridge C,4.8363194
2026-02-21 06:00:00 - Floodway Bridge C,4.736758
2026-02-21 12:00:00 - Floodway Bridge C,4.7835183
2026-02-21 18:00:00 - Floodway Bridge C,4.505818
2026-02-22 06:00:00 - Floodway Bridge C,4.634949
2026-02-22 12:00:00 - Floodway Bridge C,4.8043294
2026-02-22 18:00:00 - Floodway Bridge C,4.6006002
2026-02-23 06:00:00 - Floodway Bridge C,4.446764
2026-02-23 12:00:00 - Floodway Bridge C,4.663963
2026-02-23 18:00:00 - Floodway Bridge C,4.990948
2026-02-24 06:00:00 - Floodway Bridge C,4.7454476
2026-02-24 12:00:00 - Floodway Bridge C,4.879995
2026-02-24 18:00:00 - Floodway Bridge C,5.021301
2026-02-25 06:00:00 - Floodway Bridge C,4.7951007
2026-02-25 12:00:00 - Floodway Bridge C,4.7445016
2026-02-25 18:00:00 - Floodway Bridge C,4.455823
2026-02-26 06:00:00 - Floodway Bridge C,3.9610462
2026-02-26 12:00:00 - Floodway Bridge C,3.6902714
2026-02-26 18:00:00 - Floodway Bridge C,3.6022813
2026-02-27 06:00:00 - Floodway Bridge C,3.701329
2026-02-27 12:00:00 - Floodway Bridge C,3.6821277
2026-02-27 18:00:00 - Floodway Bridge C,3.4303482
2026-02-28 06:00:00 - Floodway Bridge C,3.4388995
2026-02-28 12:00:00 - Floodway Bridge C,3.5679183
2026-02-28 18:00:00 - Floodway Bridge C,3.495123
2026-03-01 06:00:00 - Floodway Bridge C,3.6940851
2026-03-01 12:00:00 - Floodway Bridge C,3.804615
2026-03-01 18:00:00 - Floodway Bridge C,3.799054
2026-03-02 06:00:00 - Floodway Bridge C,3.682215
2026-03-02 12:00:00 - Floodway Bridge C,3.7266483
2026-03-02 18:00:00 - Floodway Bridge C,3.7370667
2026-03-03 06:00:00 - Floodway Bridge C,3.662347
2026-03-03 12:00:00 - Floodway Bridge C,3.5263598
2026-03-03 18:00:00 - Floodway Bridge C,3.732936
2026-03-04 06:00:00 - Floodway Bridge C,3.7105951
2026-03-04 12:00:00 - Floodway Bridge C,3.653741
2026-03-04 18:00:00 - Floodway Bridge C,3.5146
2026-03-05 06:00:00 - Floodway Bridge C,3.8628588
2026-03-05 12:00:00 - Floodway Bridge C,3.7698696
2026-03-05 18:00:00 - Floodway Bridge C,3.6070714
2026-03-06 06:00:00 - Floodway Bridge C,3.717973
2026-03-06 12:00:00 - Floodway Bridge C,4.0724096
2026-03-06 18:00:00 - Floodway Bridge C,3.9004207
2026-03-07 06:00:00 - Floodway Bridge C,4.0924706
2026-03-07 12:00:00 - Floodway Bridge C,3.8954697
2026-03-07 18:00:00 - Floodway Bridge C,3.63563
2026-03-08 06:00:00 - Floodway Bridge C,3.995415
2026-03-08 12:00:00 - Floodway Bridge C,3.8399968
2026-03-08 18:00:00 - Floodway Bridge C,4.1608806
2026-03-09 06:00:00 - Floodway Bridge C,4.080583
2026-03-09 12:00:00 - Floodway Bridge C,4.3386297
2026-03-09 18:00:00 - Floodway Bridge C,4.6888237
2026-03-10 06:00:00 - Floodway Bridge C,4.654713
2026-03-10 12:00:00 - Floodway Bridge C,4.6004186
2026-03-10 18:00:00 - Floodway Bridge C,4.304336
2026-03-11 06:00:00 - Floodway Bridge C,4.004708
2026-03-11 12:00:00 - Floodway Bridge C,4.005298
2026-03-11 18:00:00 - Floodway Bridge C,4.0064416
2026-03-12 06:00:00 - Floodway Bridge C,3.9429414
2026-03-12 12:00:00 - Floodway Bridge C,3.9405599
2026-03-12 18:00:00 - Floodway Bridge C,4.0303345
2026-03-13 06:00:00 - Floodway Bridge C,3.892552
2026-03-13 12:00:00 - Floodway Bridge C,4.00454
2026-03-13 18:00:00 - Floodway Bridge C,4.032967
2026-03-14 06:00:00 - Floodway Bridge C,3.790901
2026-03-14 12:00:00 - Floodway Bridge C,3.8196228
2026-03-14 18:00:00 - Floodway Bridge C,3.8041332
2026-03-15 06:00:00 - Floodway Bridge C,3.791904
2026-03-15 12:00:00 - Floodway Bridge C,3.817289
2026-03-15 18:00:00 - Floodway Bridge C,3.9556446
2026-03-16 06:00:00 - Floodway Bridge C,3.928386
2026-03-16 12:00:00 - Floodway Bridge C,4.0009866
2026-03-16 18:00:00 - Floodway Bridge C,3.9619453
2026-03-17 06:00:00 - Floodway Bridge C,3.905713
2026-03-17 12:00:00 - Floodway Bridge C,4.0977197
2026-03-17 18:00:00 - Floodway Bridge C,4.2160316
2026-03-18 06:00:00 - Floodway Bridge C,4.3458967
2026-03-18 12:00:00 - Floodway Bridge C,4.2376256
2026-03-18 18:00:00 - Floodway Bridge C,4.0561337
2026-03-19 06:00:00 - Floodway Bridge C,3.8618474
2026-03-19 12:00:00 - Floodway Bridge C,3.9824514
2026-03-19 18:00:00 - Floodway Bridge C,4.0858736
2026-03-20 06:00:00 - Floodway Bridge C,3.8286192
2026-03-20 12:00:00 - Floodway Bridge C,3.9051757
2026-03-20 18:00:00 - Floodway Bridge C,3.9328501
2026-03-21 06:00:00 - Floodway Bridge C,3.854632
2026-03-21 12:00:00 - Floodway Bridge C,3.9189818
2026-03-21 18:00:00 - Floodway Bridge C,3.8420122
2026-03-22 06:00:00 - Floodway Bridge C,3.7422595
2026-03-22 12:00:00 - Floodway Bridge C,3.7049043
2026-03-22 18:00:00 - Floodway Bridge C,3.9961245
2026-03-23 06:00:00 - Floodway Bridge C,4.2783146
2026-03-23 12:00:00 - Floodway Bridge C,4.4600635
2026-03-23 18:00:00 - Floodway Bridge C,4.558498
2026-03-24 06:00:00 - Floodway Bridge C,4.2697916
2026-03-24 12:00:00 - Floodway Bridge C,4.365812
2026-03-24 18:00:00 - Floodway Bridge C,3.9605484
2026-03-25 06:00:00 - Floodway Bridge C,3.6855652
2026-03-25 12:00:00 - Floodway Bridge C,3.564888
2026-03-25 18:00:00 - Floodway Bridge C,3.6433883
2026-03-26 06:00:00 - Floodway Bridge C,3.9361873
2026-03-26 12:00:00 - Floodway Bridge C,3.853068
2026-03-26 18:00:00 - Floodway Bridge C,3.9167092
2026-03-27 06:00:00 - Floodway Bridge C,4.1940885
2026-03-27 12:00:00 - Floodway Bridge C,4.072759
2026-03-27 18:00:00 - Floodway Bridge C,3.9607718
2026-03-28 06:00:00 - Floodway Bridge C,4.0271325
2026-03-28 12:00:00 - Floodway Bridge C,4.1395235
2026-03-28 18:00:00 - Floodway Bridge C,4.300262
2026-03-29 06:00:00 - Floodway Bridge C,4.40014
2026-03-29 12:00:00 - Floodway Bridge C,4.408083
2026-03-29 18:00:00 - Floodway Bridge C,4.4452114
2026-03-30 06:00:00 - Floodway Bridge C,4.414883
2026-03-30 12:00:00 - Floodway Bridge C,4.4407363
2026-03-30 18:00:00 - Floodway Bridge C,4.335944
2026-03-31 06:00:00 - Floodway Bridge C,4.278695
2026-03-31 12:00:00 - Floodway Bridge C,4.2788577
2026-03-31 18:00:00 - Floodway Bridge C,4.1990094
2026-04-01 06:00:00 - Floodway Bridge C,4.165512
2026-04-01 12:00:00 - Floodway Bridge C,4.1319222
2026-04-01 18:00:00 - Floodway Bridge C,4.313021
2026-04-02 06:00:00 - Floodway Bridge C,4.300871
2026-04-02 12:00:00 - Floodway Bridge C,4.1959524
2026-04-02 18:00:00 - Floodway Bridge C,4.031704
2026-04-03 06:00:00 - Floodway Bridge C,4.3837223
2026-04-03 12:00:00 - Floodway Bridge C,4.242628
2026-04-03 18:00:00 - Floodway Bridge C,4.3061953
2026-04-04 06:00:00 - Floodway Bridge C,4.3797526
2026-04-04 12:00:00 - Floodway Bridge C,4.538351
2026-04-04 18:00:00 - Floodway Bridge C,5.101486
2026-04-05 06:00:00 - Floodway Bridge C,4.756501
2026-04-05 12:00:00 - Floodway Bridge C,4.3792605
2026-04-05 18:00:00 - Floodway Bridge C,4.400626
2026-04-06 06:00:00 - Floodway Bridge C,3.9122148
2026-04-06 12:00:00 - Floodway Bridge C,4.169984
2026-04-06 18:00:00 - Floodway Bridge C,3.9614034
2026-04-07 06:00:00 - Floodway Bridge C,3.6979392
2026-04-07 12:00:00 - Floodway Bridge C,3.872771
2026-04-07 18:00:00 - Floodway Bridge C,3.887661
2026-04-08 06:00:00 - Floodway Bridge C,3.4511383
2026-04-08 12:00:00 - Floodway Bridge C,3.5265949
2026-04-08 18:00:00 - Floodway Bridge C,3.3637106
2026-04-09 06:00:00 - Floodway Bridge C,3.3402355
2026-04-09 12:00:00 - Floodway Bridge C,3.3622727
2026-04-09 18:00:00 - Floodway Bridge C,3.3482256
2026-04-10 06:00:00 - Floodway Bridge C,3.3118756
2026-04-10 12:00:00 - Floodway Bridge C,3.4564674
2026-04-10 18:00:00 - Floodway Bridge C,3.2522495
2026-04-11 06:00:00 - Floodway Bridge C,3.4522378
2026-04-11 12:00:00 - Floodway Bridge C,3.4837368
2026-04-11 18:00:00 - Floodway Bridge C,3.2133968
2026-04-12 06:00:00 - Floodway Bridge C,3.3425913
2026-04-12 12:00:00 - Floodway Bridge C,3.4636428
2026-04-12 18:00:00 - Floodway Bridge C,3.2789183
2026-04-13 06:00:00 - Floodway Bridge C,3.426223
2026-04-13 12:00:00 - Floodway Bridge C,3.60513
2026-04-13 18:00:00 - Floodway Bridge C,3.5234776
2026-04-14 06:00:00 - Floodway Bridge C,3.4738564
2026-04-14 12:00:00 - Floodway Bridge C,3.5905712
2026-04-14 18:00:00 - Floodway Bridge C,3.5834682
2026-04-15 06:00:00 - Floodway Bridge C,3.327238
2026-04-15 12:00:00 - Floodway Bridge C,3.4283497
2026-04-15 18:00:00 - Floodway Bridge C,3.4188042
2026-04-16 06:00:00 - Floodway Bridge C,3.2252333
2026-04-16 12:00:00 - Floodway Bridge C,3.4961038
2026-04-16 18:00:00 - Floodway Bridge C,3.4410949
2026-04-17 06:00:00 - Floodway Bridge C,3.3243284
2026-04-17 12:00:00 - Floodway Bridge C,3.391473
2026-04-17 18:00:00 - Floodway Bridge C,3.3934743
2026-04-18 06:00:00 - Floodway Bridge C,3.2648652
2026-04-18 12:00:00 - Floodway Bridge C,3.3541017
2026-04-18 18:00:00 - Floodway Bridge C,3.3444192
2026-04-19 06:00:00 - Floodway Bridge C,3.3002446
2026-04-19 12:00:00 - Floodway Bridge C,3.2913268
2026-04-19 18:00:00 - Floodway Bridge C,3.3128736
2026-04-20 06:00:00 - Floodway Bridge C,3.2311664
2026-04-20 12:00:00 - Floodway Bridge C,3.3104923
2026-04-20 18:00:00 - Floodway Bridge C,3.3208153
2026-04-21 06:00:00 - Floodway Bridge C,3.3411527
2026-04-21 12:00:00 - Floodway Bridge C,3.3727293
2026-04-21 18:00:00 - Floodway Bridge C,3.4401326
2026-04-22 06:00:00 - Floodway Bridge C,3.3129947
2026-04-22 12:00:00 - Floodway Bridge C,3.1570604
2026-04-22 18:00:00 - Floodway Bridge C,3.2355404
2026-04-23 06:00:00 - Floodway Bridge C,3.115039
2026-04-23 12:00:00 - Floodway Bridge C,3.1898665
2026-04-23 18:00:00 - Floodway Bridge C,3.285477
2026-04-24 06:00:00 - Floodway Bridge C,3.0644767
2026-04-24 12:00:00 - Floodway Bridge C,3.0870075
2026-04-24 18:00:00 - Floodway Bridge C,3.4183953
2026-04-25 06:00:00 - Floodway Bridge C,3.270955
2026-04-25 12:00:00 - Floodway Bridge C,3.3610084
2026-04-25 18:00:00 - Floodway Bridge C,3.3301098
2026-04-26 06:00:00 - Floodway Bridge C,3.38358
2026-04-26 12:00:00 - Floodway Bridge C,3.465508
2026-04-26 18:00:00 - Floodway Bridge C,3.404975
2026-04-27 06:00:00 - Floodway Bridge C,3.5488584
2026-04-27 12:00:00 - Floodway Bridge C,3.4712355
2026-04-27 18:00:00 - Floodway Bridge C,3.371167
2026-04-28 06:00:00 - Floodway Bridge C,3.3672667
2026-04-28 12:00:00 - Floodway Bridge C,3.4318566
2026-04-28 18:00:00 - Floodway Bridge C,3.4957645
2026-04-29 06:00:00 - Floodway Bridge C,3.3756695
2026-04-29 12:00:00 - Floodway Bridge C,3.3738084
2026-04-29 18:00:00 - Floodway Bridge C,3.4828987
2026-04-30 06:00:00 - Floodway Bridge C,3.3598747
2026-04-30 12:00:00 - Floodway Bridge C,3.4781446
2026-04-30 18:00:00 - Floodway Bridge C,3.4303792
2026-05-01 06:00:00 - Floodway Bridge C,3.3141747
2026-05-01 12:00:00 - Floodway Bridge C,3.5575862
2026-05-01 18:00:00 - Floodway Bridge C,3.4893262
2026-05-02 06:00:00 - Floodway Bridge C,3.4890652
2026-05-02 12:00:00 - Floodway Bridge C,3.5013072
2026-05-02 18:00:00 - Floodway Bridge C,3.5053382
2026-05-03 06:00:00 - Floodway Bridge C,3.4292037
2026-05-03 12:00:00 - Floodway Bridge C,3.5206969
2026-05-03 18:00:00 - Floodway Bridge C,3.3369753
2026-05-04 06:00:00 - Floodway Bridge C,3.4112444
2026-05-04 12:00:00 - Floodway Bridge C,3.486403
2026-05-04 18:00:00 - Floodway Bridge C,3.3520122
2026-05-05 06:00:00 - Floodway Bridge C,3.4850724
2026-05-05 12:00:00 - Floodway Bridge C,3.4819188
2026-05-05 18:00:00 - Floodway Bridge C,3.6219847
2026-05-06 06:00:00 - Floodway Bridge C,3.3829002
2026-05-06 12:00:00 - Floodway Bridge C,3.3251235
2026-05-06 18:00:00 - Floodway Bridge C,3.5216334
2026-05-07 06:00:00 - Floodway Bridge C,3.4687707
2026-05-07 12:00:00 - Floodway Bridge C,3.434551
2026-05-07 18:00:00 - Floodway Bridge C,3.4841044
2026-05-08 06:00:00 - Floodway Bridge C,3.4509206
2026-05-08 12:00:00 - Floodway Bridge C,3.544788
2026-05-08 18:00:00 - Floodway Bridge C,3.5251133
2026-05-09 06:00:00 - Floodway Bridge C,3.5325913
2026-05-09 12:00:00 - Floodway Bridge C,3.5379553
2026-05-09 18:00:00 - Floodway Bridge C,3.571102
2026-05-10 06:00:00 - Floodway Bridge C,3.6000562
2026-05-10 12:00:00 - Floodway Bridge C,3.5886745
2026-05-10 18:00:00 - Floodway Bridge C,3.6606424
2026-05-11 06:00:00 - Floodway Bridge C,3.5706675
2026-05-11 12:00:00 - Floodway Bridge C,3.6757689
2026-05-11 18:00:00 - Floodway Bridge C,3.6392188
2026-05-12 06:00:00 - Floodway Bridge C,3.6045454
2026-05-12 12:00:00 - Floodway Bridge C,3.6522655
2026-05-12 18:00:00 - Floodway Bridge C,3.8460014
2026-05-13 06:00:00 - Floodway Bridge C,3.71385
2026-05-13 12:00:00 - Floodway Bridge C,3.7727349
2026-05-13 18:00:00 - Floodway Bridge C,3.689611
2026-05-14 06:00:00 - Floodway Bridge C,3.6927876
2026-05-14 12:00:00 - Floodway Bridge C,3.7640874
2026-05-14 18:00:00 - Floodway Bridge C,3.8332288
2026-05-15 06:00:00 - Floodway Bridge C,3.6807165
2026-05-15 12:00:00 - Floodway Bridge C,3.765111
2026-05-15 18:00:00 - Floodway Bridge C,3.8005018
2026-05-16 06:00:00 - Floodway Bridge C,3.656753
2026-05-16 12:00:00 - Floodway Bridge C,3.5801864
2026-05-16 18:00:00 - Floodway Bridge C,3.9757118
2026-05-17 06:00:00 - Floodway Bridge C,3.62388
2026-05-17 12:00:00 - Floodway Bridge C,3.7900486
2026-05-17 18:00:00 - Floodway Bridge C,3.7051542
2026-05-18 06:00:00 - Floodway Bridge C,3.6442277
2026-05-18 12:00:00 - Floodway Bridge C,3.6659956
2026-05-18 18:00:00 - Floodway Bridge C,3.586113
2025-09-19 06:00:00 - Gunungsari,9.670625
2025-09-19 12:00:00 - Gunungsari,9.668003
2025-09-19 18:00:00 - Gunungsari,9.9053
2025-09-20 06:00:00 - Gunungsari,9.595829
2025-09-20 12:00:00 - Gunungsari,9.533802
2025-09-20 18:00:00 - Gunungsari,9.538124
2025-09-21 06:00:00 - Gunungsari,9.576106
2025-09-21 12:00:00 - Gunungsari,9.516412
2025-09-21 18:00:00 - Gunungsari,9.5592165
2025-09-22 06:00:00 - Gunungsari,9.676744
2025-09-22 12:00:00 - Gunungsari,9.585953
2025-09-22 18:00:00 - Gunungsari,9.590307
2025-09-23 06:00:00 - Gunungsari,9.663873
2025-09-23 12:00:00 - Gunungsari,9.623691
2025-09-23 18:00:00 - Gunungsari,9.6926565
2025-09-24 06:00:00 - Gunungsari,9.680897
2025-09-24 12:00:00 - Gunungsari,9.642376
2025-09-24 18:00:00 - Gunungsari,9.667577
2025-09-25 06:00:00 - Gunungsari,9.666215
2025-09-25 12:00:00 - Gunungsari,9.622987
2025-09-25 18:00:00 - Gunungsari,9.6226
2025-09-26 06:00:00 - Gunungsari,9.63287
2025-09-26 12:00:00 - Gunungsari,9.52965
2025-09-26 18:00:00 - Gunungsari,9.598085
2025-09-27 06:00:00 - Gunungsari,9.633599
2025-09-27 12:00:00 - Gunungsari,9.614479
2025-09-27 18:00:00 - Gunungsari,9.589187
2025-09-28 06:00:00 - Gunungsari,9.600151
2025-09-28 12:00:00 - Gunungsari,9.535756
2025-09-28 18:00:00 - Gunungsari,9.563982
2025-09-29 06:00:00 - Gunungsari,9.615482
2025-09-29 12:00:00 - Gunungsari,9.595377
2025-09-29 18:00:00 - Gunungsari,9.622862
2025-09-30 06:00:00 - Gunungsari,9.630712
2025-09-30 12:00:00 - Gunungsari,9.532756
2025-09-30 18:00:00 - Gunungsari,9.530669
2025-10-01 06:00:00 - Gunungsari,9.566019
2025-10-01 12:00:00 - Gunungsari,9.475194
2025-10-01 18:00:00 - Gunungsari,9.72071
2025-10-02 06:00:00 - Gunungsari,9.683165
2025-10-02 12:00:00 - Gunungsari,9.465246
2025-10-02 18:00:00 - Gunungsari,9.452824
2025-10-03 06:00:00 - Gunungsari,9.582126
2025-10-03 12:00:00 - Gunungsari,9.435446
2025-10-03 18:00:00 - Gunungsari,9.397299
2025-10-04 06:00:00 - Gunungsari,9.521828
2025-10-04 12:00:00 - Gunungsari,9.487952
2025-10-04 18:00:00 - Gunungsari,9.570488
2025-10-05 06:00:00 - Gunungsari,9.648232
2025-10-05 12:00:00 - Gunungsari,9.532652
2025-10-05 18:00:00 - Gunungsari,9.54812
2025-10-06 06:00:00 - Gunungsari,9.581186
2025-10-06 12:00:00 - Gunungsari,9.550908
2025-10-06 18:00:00 - Gunungsari,9.512429
2025-10-07 06:00:00 - Gunungsari,9.528783
2025-10-07 12:00:00 - Gunungsari,9.458095
2025-10-07 18:00:00 - Gunungsari,9.505627
2025-10-08 06:00:00 - Gunungsari,9.504265
2025-10-08 12:00:00 - Gunungsari,9.501424
2025-10-08 18:00:00 - Gunungsari,9.578109
2025-10-09 06:00:00 - Gunungsari,9.569099
2025-10-09 12:00:00 - Gunungsari,9.5100355
2025-10-09 18:00:00 - Gunungsari,9.5174
2025-10-10 06:00:00 - Gunungsari,9.536334
2025-10-10 12:00:00 - Gunungsari,9.514126
2025-10-10 18:00:00 - Gunungsari,9.520959
2025-10-11 06:00:00 - Gunungsari,9.543425
2025-10-11 12:00:00 - Gunungsari,9.477997
2025-10-11 18:00:00 - Gunungsari,9.504622
2025-10-12 06:00:00 - Gunungsari,9.475106
2025-10-12 12:00:00 - Gunungsari,9.462117
2025-10-12 18:00:00 - Gunungsari,9.496815
2025-10-13 06:00:00 - Gunungsari,9.476568
2025-10-13 12:00:00 - Gunungsari,9.474499
2025-10-13 18:00:00 - Gunungsari,9.499933
2025-10-14 06:00:00 - Gunungsari,9.439545
2025-10-14 12:00:00 - Gunungsari,9.4521675
2025-10-14 18:00:00 - Gunungsari,9.520783
2025-10-15 06:00:00 - Gunungsari,9.358767
2025-10-15 12:00:00 - Gunungsari,9.3037195
2025-10-15 18:00:00 - Gunungsari,9.391008
2025-10-16 06:00:00 - Gunungsari,9.342452
2025-10-16 12:00:00 - Gunungsari,9.401638
2025-10-16 18:00:00 - Gunungsari,9.387739
2025-10-17 06:00:00 - Gunungsari,9.312161
2025-10-17 12:00:00 - Gunungsari,9.323289
2025-10-17 18:00:00 - Gunungsari,9.320084
2025-10-18 06:00:00 - Gunungsari,9.281895
2025-10-18 12:00:00 - Gunungsari,9.290801
2025-10-18 18:00:00 - Gunungsari,9.294785
2025-10-19 06:00:00 - Gunungsari,9.332668
2025-10-19 12:00:00 - Gunungsari,9.3908
2025-10-19 18:00:00 - Gunungsari,9.308719
2025-10-20 06:00:00 - Gunungsari,9.234191
2025-10-20 12:00:00 - Gunungsari,9.452661
2025-10-20 18:00:00 - Gunungsari,9.59175
2025-10-21 06:00:00 - Gunungsari,9.962417
2025-10-21 12:00:00 - Gunungsari,9.88975
2025-10-21 18:00:00 - Gunungsari,9.868306
2025-10-22 06:00:00 - Gunungsari,9.663129
2025-10-22 12:00:00 - Gunungsari,9.842696
2025-10-22 18:00:00 - Gunungsari,9.617666
2025-10-23 06:00:00 - Gunungsari,9.691439
2025-10-23 12:00:00 - Gunungsari,9.918074
2025-10-23 18:00:00 - Gunungsari,9.725779
2025-10-24 06:00:00 - Gunungsari,9.867857
2025-10-24 12:00:00 - Gunungsari,9.904625
2025-10-24 18:00:00 - Gunungsari,10.253055
2025-10-25 06:00:00 - Gunungsari,10.134688
2025-10-25 12:00:00 - Gunungsari,10.085643
2025-10-25 18:00:00 - Gunungsari,10.252371
2025-10-26 06:00:00 - Gunungsari,9.961297
2025-10-26 12:00:00 - Gunungsari,10.131283
2025-10-26 18:00:00 - Gunungsari,10.108716
2025-10-27 06:00:00 - Gunungsari,9.912728
2025-10-27 12:00:00 - Gunungsari,10.094155
2025-10-27 18:00:00 - Gunungsari,10.147583
2025-10-28 06:00:00 - Gunungsari,10.175328
2025-10-28 12:00:00 - Gunungsari,10.231149
2025-10-28 18:00:00 - Gunungsari,10.372042
2025-10-29 06:00:00 - Gunungsari,10.163696
2025-10-29 12:00:00 - Gunungsari,10.19252
2025-10-29 18:00:00 - Gunungsari,10.275757
2025-10-30 06:00:00 - Gunungsari,10.204081
2025-10-30 12:00:00 - Gunungsari,10.250863
2025-10-30 18:00:00 - Gunungsari,10.24515
2025-10-31 06:00:00 - Gunungsari,10.34051
2025-10-31 12:00:00 - Gunungsari,10.491737
2025-10-31 18:00:00 - Gunungsari,10.456193
2025-11-01 06:00:00 - Gunungsari,10.1126795
2025-11-01 12:00:00 - Gunungsari,10.251495
2025-11-01 18:00:00 - Gunungsari,10.264779
2025-11-02 06:00:00 - Gunungsari,10.147518
2025-11-02 12:00:00 - Gunungsari,9.994222
2025-11-02 18:00:00 - Gunungsari,10.278294
2025-11-03 06:00:00 - Gunungsari,10.376619
2025-11-03 12:00:00 - Gunungsari,10.333468
2025-11-03 18:00:00 - Gunungsari,10.143235
2025-11-04 06:00:00 - Gunungsari,10.565591
2025-11-04 12:00:00 - Gunungsari,10.4719925
2025-11-04 18:00:00 - Gunungsari,10.512312
2025-11-05 06:00:00 - Gunungsari,10.271796
2025-11-05 12:00:00 - Gunungsari,10.200546
2025-11-05 18:00:00 - Gunungsari,10.362969
2025-11-06 06:00:00 - Gunungsari,10.388599
2025-11-06 12:00:00 - Gunungsari,10.295635
2025-11-06 18:00:00 - Gunungsari,10.449874
2025-11-07 06:00:00 - Gunungsari,10.20241
2025-11-07 12:00:00 - Gunungsari,10.144311
2025-11-07 18:00:00 - Gunungsari,10.66167
2025-11-08 06:00:00 - Gunungsari,10.161182
2025-11-08 12:00:00 - Gunungsari,10.316111
2025-11-08 18:00:00 - Gunungsari,10.310891
2025-11-09 06:00:00 - Gunungsari,10.440137
2025-11-09 12:00:00 - Gunungsari,10.368033
2025-11-09 18:00:00 - Gunungsari,10.520211
2025-11-10 06:00:00 - Gunungsari,10.344584
2025-11-10 12:00:00 - Gunungsari,10.366548
2025-11-10 18:00:00 - Gunungsari,10.464286
2025-11-11 06:00:00 - Gunungsari,10.539112
2025-11-11 12:00:00 - Gunungsari,10.571709
2025-11-11 18:00:00 - Gunungsari,10.636603
2025-11-12 06:00:00 - Gunungsari,10.771892
2025-11-12 12:00:00 - Gunungsari,10.804946
2025-11-12 18:00:00 - Gunungsari,10.697538
2025-11-13 06:00:00 - Gunungsari,10.7059965
2025-11-13 12:00:00 - Gunungsari,10.5809965
2025-11-13 18:00:00 - Gunungsari,10.562007
2025-11-14 06:00:00 - Gunungsari,10.841786
2025-11-14 12:00:00 - Gunungsari,10.526702
2025-11-14 18:00:00 - Gunungsari,10.693532
2025-11-15 06:00:00 - Gunungsari,10.435208
2025-11-15 12:00:00 - Gunungsari,10.617447
2025-11-15 18:00:00 - Gunungsari,10.620935
2025-11-16 06:00:00 - Gunungsari,10.6098585
2025-11-16 12:00:00 - Gunungsari,10.570208
2025-11-16 18:00:00 - Gunungsari,10.66412
2025-11-17 06:00:00 - Gunungsari,10.585797
2025-11-17 12:00:00 - Gunungsari,10.717075
2025-11-17 18:00:00 - Gunungsari,10.452985
2025-11-18 06:00:00 - Gunungsari,10.622813
2025-11-18 12:00:00 - Gunungsari,10.601423
2025-11-18 18:00:00 - Gunungsari,10.487221
2025-11-19 06:00:00 - Gunungsari,10.798809
2025-11-19 12:00:00 - Gunungsari,10.764937
2025-11-19 18:00:00 - Gunungsari,10.781572
2025-11-20 06:00:00 - Gunungsari,10.783006
2025-11-20 12:00:00 - Gunungsari,10.794429
2025-11-20 18:00:00 - Gunungsari,10.784597
2025-11-21 06:00:00 - Gunungsari,10.602002
2025-11-21 12:00:00 - Gunungsari,10.553955
2025-11-21 18:00:00 - Gunungsari,10.9821415
2025-11-22 06:00:00 - Gunungsari,10.912745
2025-11-22 12:00:00 - Gunungsari,10.921378
2025-11-22 18:00:00 - Gunungsari,10.796944
2025-11-23 06:00:00 - Gunungsari,10.90632
2025-11-23 12:00:00 - Gunungsari,10.86373
2025-11-23 18:00:00 - Gunungsari,10.951903
2025-11-24 06:00:00 - Gunungsari,11.169225
2025-11-24 12:00:00 - Gunungsari,11.190572
2025-11-24 18:00:00 - Gunungsari,10.952895
2025-11-25 06:00:00 - Gunungsari,10.924841
2025-11-25 12:00:00 - Gunungsari,10.967031
2025-11-25 18:00:00 - Gunungsari,10.80047
2025-11-26 06:00:00 - Gunungsari,10.730337
2025-11-26 12:00:00 - Gunungsari,10.827307
2025-11-26 18:00:00 - Gunungsari,11.059774
2025-11-27 06:00:00 - Gunungsari,10.822611
2025-11-27 12:00:00 - Gunungsari,10.8449955
2025-11-27 18:00:00 - Gunungsari,10.7975025
2025-11-28 06:00:00 - Gunungsari,10.816036
2025-11-28 12:00:00 - Gunungsari,10.852049
2025-11-28 18:00:00 - Gunungsari,10.4573555
2025-11-29 06:00:00 - Gunungsari,10.524967
2025-11-29 12:00:00 - Gunungsari,10.545414
2025-11-29 18:00:00 - Gunungsari,10.3303795
2025-11-30 06:00:00 - Gunungsari,10.179484
2025-11-30 12:00:00 - Gunungsari,10.0880575
2025-11-30 18:00:00 - Gunungsari,10.183641
2025-12-01 06:00:00 - Gunungsari,10.218902
2025-12-01 12:00:00 - Gunungsari,10.186013
2025-12-01 18:00:00 - Gunungsari,10.114316
2025-12-02 06:00:00 - Gunungsari,10.230988
2025-12-02 12:00:00 - Gunungsari,10.22954
2025-12-02 18:00:00 - Gunungsari,10.401659
2025-12-03 06:00:00 - Gunungsari,10.558032
2025-12-03 12:00:00 - Gunungsari,10.146223
2025-12-03 18:00:00 - Gunungsari,10.43719
2025-12-04 06:00:00 - Gunungsari,9.906343
2025-12-04 12:00:00 - Gunungsari,9.934047
2025-12-04 18:00:00 - Gunungsari,10.4830675
2025-12-05 06:00:00 - Gunungsari,10.471546
2025-12-05 12:00:00 - Gunungsari,10.5043335
2025-12-05 18:00:00 - Gunungsari,10.570488
2025-12-06 06:00:00 - Gunungsari,10.657719
2025-12-06 12:00:00 - Gunungsari,10.678357
2025-12-06 18:00:00 - Gunungsari,10.672526
2025-12-07 06:00:00 - Gunungsari,10.548175
2025-12-07 12:00:00 - Gunungsari,10.618076
2025-12-07 18:00:00 - Gunungsari,10.748374
2025-12-08 06:00:00 - Gunungsari,10.923571
2025-12-08 12:00:00 - Gunungsari,10.894021
2025-12-08 18:00:00 - Gunungsari,10.9251585
2025-12-09 06:00:00 - Gunungsari,10.942957
2025-12-09 12:00:00 - Gunungsari,10.854446
2025-12-09 18:00:00 - Gunungsari,10.887782
2025-12-10 06:00:00 - Gunungsari,10.803632
2025-12-10 12:00:00 - Gunungsari,10.8389435
2025-12-10 18:00:00 - Gunungsari,10.659362
2025-12-11 06:00:00 - Gunungsari,10.732283
2025-12-11 12:00:00 - Gunungsari,10.617834
2025-12-11 18:00:00 - Gunungsari,10.628861
2025-12-12 06:00:00 - Gunungsari,10.503231
2025-12-12 12:00:00 - Gunungsari,10.577638
2025-12-12 18:00:00 - Gunungsari,10.142709
2025-12-13 06:00:00 - Gunungsari,10.216661
2025-12-13 12:00:00 - Gunungsari,10.256723
2025-12-13 18:00:00 - Gunungsari,10.049559
2025-12-14 06:00:00 - Gunungsari,10.080707
2025-12-14 12:00:00 - Gunungsari,10.117781
2025-12-14 18:00:00 - Gunungsari,10.20806
2025-12-15 06:00:00 - Gunungsari,10.132856
2025-12-15 12:00:00 - Gunungsari,10.509353
2025-12-15 18:00:00 - Gunungsari,10.475166
2025-12-16 06:00:00 - Gunungsari,10.150463
2025-12-16 12:00:00 - Gunungsari,10.0723095
2025-12-16 18:00:00 - Gunungsari,10.139613
2025-12-17 06:00:00 - Gunungsari,10.127721
2025-12-17 12:00:00 - Gunungsari,9.963117
2025-12-17 18:00:00 - Gunungsari,10.111075
2025-12-18 06:00:00 - Gunungsari,10.05972
2025-12-18 12:00:00 - Gunungsari,9.959959
2025-12-18 18:00:00 - Gunungsari,10.002934
2025-12-19 06:00:00 - Gunungsari,9.986776
2025-12-19 12:00:00 - Gunungsari,10.329834
2025-12-19 18:00:00 - Gunungsari,10.397615
2025-12-20 06:00:00 - Gunungsari,9.938488
2025-12-20 12:00:00 - Gunungsari,10.263072
2025-12-20 18:00:00 - Gunungsari,9.770973
2025-12-21 06:00:00 - Gunungsari,9.843216
2025-12-21 12:00:00 - Gunungsari,10.223607
2025-12-21 18:00:00 - Gunungsari,10.271975
2025-12-22 06:00:00 - Gunungsari,10.340325
2025-12-22 12:00:00 - Gunungsari,10.257796
2025-12-22 18:00:00 - Gunungsari,10.318444
2025-12-23 06:00:00 - Gunungsari,10.3653755
2025-12-23 12:00:00 - Gunungsari,10.403669
2025-12-23 18:00:00 - Gunungsari,10.368294
2025-12-24 06:00:00 - Gunungsari,9.927081
2025-12-24 12:00:00 - Gunungsari,10.379848
2025-12-24 18:00:00 - Gunungsari,10.321437
2025-12-25 06:00:00 - Gunungsari,10.334599
2025-12-25 12:00:00 - Gunungsari,10.013714
2025-12-25 18:00:00 - Gunungsari,10.430766
2025-12-26 06:00:00 - Gunungsari,10.742165
2025-12-26 12:00:00 - Gunungsari,10.099926
2025-12-26 18:00:00 - Gunungsari,10.455323
2025-12-27 06:00:00 - Gunungsari,10.330164
2025-12-27 12:00:00 - Gunungsari,10.435668
2025-12-27 18:00:00 - Gunungsari,10.358524
2025-12-28 06:00:00 - Gunungsari,10.931852
2025-12-28 12:00:00 - Gunungsari,10.889947
2025-12-28 18:00:00 - Gunungsari,10.834243
2025-12-29 06:00:00 - Gunungsari,10.754899
2025-12-29 12:00:00 - Gunungsari,10.857932
2025-12-29 18:00:00 - Gunungsari,10.7108965
2025-12-30 06:00:00 - Gunungsari,10.071236
2025-12-30 12:00:00 - Gunungsari,10.063728
2025-12-30 18:00:00 - Gunungsari,10.453137
2025-12-31 06:00:00 - Gunungsari,10.474397
2025-12-31 12:00:00 - Gunungsari,9.8195305
2025-12-31 18:00:00 - Gunungsari,10.37618
2026-01-01 06:00:00 - Gunungsari,10.179224
2026-01-01 12:00:00 - Gunungsari,10.072566
2026-01-01 18:00:00 - Gunungsari,10.35192
2026-01-02 06:00:00 - Gunungsari,10.51364
2026-01-02 12:00:00 - Gunungsari,10.98058
2026-01-02 18:00:00 - Gunungsari,10.84866
2026-01-03 06:00:00 - Gunungsari,10.519961
2026-01-03 12:00:00 - Gunungsari,10.951569
2026-01-03 18:00:00 - Gunungsari,10.589748
2026-01-04 06:00:00 - Gunungsari,10.517955
2026-01-04 12:00:00 - Gunungsari,10.745873
2026-01-04 18:00:00 - Gunungsari,10.728977
2026-01-05 06:00:00 - Gunungsari,10.5056305
2026-01-05 12:00:00 - Gunungsari,10.611743
2026-01-05 18:00:00 - Gunungsari,10.439117
2026-01-06 06:00:00 - Gunungsari,10.367729
2026-01-06 12:00:00 - Gunungsari,10.886581
2026-01-06 18:00:00 - Gunungsari,10.515143
2026-01-07 06:00:00 - Gunungsari,11.076738
2026-01-07 12:00:00 - Gunungsari,11.035842
2026-01-07 18:00:00 - Gunungsari,10.918204
2026-01-08 06:00:00 - Gunungsari,10.888281
2026-01-08 12:00:00 - Gunungsari,10.639959
2026-01-08 18:00:00 - Gunungsari,10.472827
2026-01-09 06:00:00 - Gunungsari,10.79487
2026-01-09 12:00:00 - Gunungsari,10.517395
2026-01-09 18:00:00 - Gunungsari,10.51981
2026-01-10 06:00:00 - Gunungsari,10.642302
2026-01-10 12:00:00 - Gunungsari,10.91374
2026-01-10 18:00:00 - Gunungsari,10.70072
2026-01-11 06:00:00 - Gunungsari,10.556602
2026-01-11 12:00:00 - Gunungsari,11.02583
2026-01-11 18:00:00 - Gunungsari,11.250169
2026-01-12 06:00:00 - Gunungsari,11.489544
2026-01-12 12:00:00 - Gunungsari,11.797928
2026-01-12 18:00:00 - Gunungsari,11.581095
2026-01-13 06:00:00 - Gunungsari,10.830614
2026-01-13 12:00:00 - Gunungsari,10.831268
2026-01-13 18:00:00 - Gunungsari,11.686909
2026-01-14 06:00:00 - Gunungsari,11.457122
2026-01-14 12:00:00 - Gunungsari,11.409729
2026-01-14 18:00:00 - Gunungsari,11.621888
2026-01-15 06:00:00 - Gunungsari,11.916793
2026-01-15 12:00:00 - Gunungsari,11.292685
2026-01-15 18:00:00 - Gunungsari,11.505492
2026-01-16 06:00:00 - Gunungsari,11.710396
2026-01-16 12:00:00 - Gunungsari,11.674454
2026-01-16 18:00:00 - Gunungsari,11.406533
2026-01-17 06:00:00 - Gunungsari,11.417128
2026-01-17 12:00:00 - Gunungsari,11.672714
2026-01-17 18:00:00 - Gunungsari,11.37338
2026-01-18 06:00:00 - Gunungsari,11.028094
2026-01-18 12:00:00 - Gunungsari,11.065742
2026-01-18 18:00:00 - Gunungsari,10.74805
2026-01-19 06:00:00 - Gunungsari,11.361312
2026-01-19 12:00:00 - Gunungsari,11.648837
2026-01-19 18:00:00 - Gunungsari,11.0551605
2026-01-20 06:00:00 - Gunungsari,11.006613
2026-01-20 12:00:00 - Gunungsari,11.68245
2026-01-20 18:00:00 - Gunungsari,11.52432
2026-01-21 06:00:00 - Gunungsari,11.162615
2026-01-21 12:00:00 - Gunungsari,11.128213
2026-01-21 18:00:00 - Gunungsari,11.300266
2026-01-22 06:00:00 - Gunungsari,11.304451
2026-01-22 12:00:00 - Gunungsari,10.921185
2026-01-22 18:00:00 - Gunungsari,10.616981
2026-01-23 06:00:00 - Gunungsari,10.712895
2026-01-23 12:00:00 - Gunungsari,10.916931
2026-01-23 18:00:00 - Gunungsari,11.127778
2026-01-24 06:00:00 - Gunungsari,11.276762
2026-01-24 12:00:00 - Gunungsari,11.139781
2026-01-24 18:00:00 - Gunungsari,10.862936
2026-01-25 06:00:00 - Gunungsari,10.593207
2026-01-25 12:00:00 - Gunungsari,10.714208
2026-01-25 18:00:00 - Gunungsari,10.640091
2026-01-26 06:00:00 - Gunungsari,10.383086
2026-01-26 12:00:00 - Gunungsari,10.787683
2026-01-26 18:00:00 - Gunungsari,10.421562
2026-01-27 06:00:00 - Gunungsari,10.856062
2026-01-27 12:00:00 - Gunungsari,10.431823
2026-01-27 18:00:00 - Gunungsari,11.517067
2026-01-28 06:00:00 - Gunungsari,10.449955
2026-01-28 12:00:00 - Gunungsari,11.031319
2026-01-28 18:00:00 - Gunungsari,11.722016
2026-01-29 06:00:00 - Gunungsari,10.492201
2026-01-29 12:00:00 - Gunungsari,11.239304
2026-01-29 18:00:00 - Gunungsari,11.048848
2026-01-30 06:00:00 - Gunungsari,11.256508
2026-01-30 12:00:00 - Gunungsari,11.113277
2026-01-30 18:00:00 - Gunungsari,11.2113
2026-01-31 06:00:00 - Gunungsari,11.489934
2026-01-31 12:00:00 - Gunungsari,11.60451
2026-01-31 18:00:00 - Gunungsari,11.5919285
2026-02-01 06:00:00 - Gunungsari,11.307069
2026-02-01 12:00:00 - Gunungsari,11.734237
2026-02-01 18:00:00 - Gunungsari,11.2289295
2026-02-02 06:00:00 - Gunungsari,11.71426
2026-02-02 12:00:00 - Gunungsari,11.591495
2026-02-02 18:00:00 - Gunungsari,11.503913
2026-02-03 06:00:00 - Gunungsari,11.466036
2026-02-03 12:00:00 - Gunungsari,11.385929
2026-02-03 18:00:00 - Gunungsari,11.529937
2026-02-04 06:00:00 - Gunungsari,11.349166
2026-02-04 12:00:00 - Gunungsari,11.443381
2026-02-04 18:00:00 - Gunungsari,11.212435
2026-02-05 06:00:00 - Gunungsari,10.750699
2026-02-05 12:00:00 - Gunungsari,11.202675
2026-02-05 18:00:00 - Gunungsari,10.738267
2026-02-06 06:00:00 - Gunungsari,11.096225
2026-02-06 12:00:00 - Gunungsari,10.944793
2026-02-06 18:00:00 - Gunungsari,10.914173
2026-02-07 06:00:00 - Gunungsari,10.801674
2026-02-07 12:00:00 - Gunungsari,10.663187
2026-02-07 18:00:00 - Gunungsari,10.662233
2026-02-08 06:00:00 - Gunungsari,10.588575
2026-02-08 12:00:00 - Gunungsari,10.616957
2026-02-08 18:00:00 - Gunungsari,10.685011
2026-02-09 06:00:00 - Gunungsari,10.527781
2026-02-09 12:00:00 - Gunungsari,10.628906
2026-02-09 18:00:00 - Gunungsari,10.617052
2026-02-10 06:00:00 - Gunungsari,10.724184
2026-02-10 12:00:00 - Gunungsari,11.027792
2026-02-10 18:00:00 - Gunungsari,10.948546
2026-02-11 06:00:00 - Gunungsari,11.011907
2026-02-11 12:00:00 - Gunungsari,11.007123
2026-02-11 18:00:00 - Gunungsari,11.085433
2026-02-12 06:00:00 - Gunungsari,11.061184
2026-02-12 12:00:00 - Gunungsari,10.975247
2026-02-12 18:00:00 - Gunungsari,11.467729
2026-02-13 06:00:00 - Gunungsari,11.650575
2026-02-13 12:00:00 - Gunungsari,11.286809
2026-02-13 18:00:00 - Gunungsari,11.03988
2026-02-14 06:00:00 - Gunungsari,11.030166
2026-02-14 12:00:00 - Gunungsari,11.030178
2026-02-14 18:00:00 - Gunungsari,11.162417
2026-02-15 06:00:00 - Gunungsari,11.229847
2026-02-15 12:00:00 - Gunungsari,11.390866
2026-02-15 18:00:00 - Gunungsari,11.046308
2026-02-16 06:00:00 - Gunungsari,11.237233
2026-02-16 12:00:00 - Gunungsari,11.0297575
2026-02-16 18:00:00 - Gunungsari,10.873431
2026-02-17 06:00:00 - Gunungsari,10.871022
2026-02-17 12:00:00 - Gunungsari,10.776654
2026-02-17 18:00:00 - Gunungsari,10.927883
2026-02-18 06:00:00 - Gunungsari,11.386765
2026-02-18 12:00:00 - Gunungsari,10.92138
2026-02-18 18:00:00 - Gunungsari,10.929362
2026-02-19 06:00:00 - Gunungsari,10.969233
2026-02-19 12:00:00 - Gunungsari,10.771926
2026-02-19 18:00:00 - Gunungsari,10.847298
2026-02-20 06:00:00 - Gunungsari,10.7532215
2026-02-20 12:00:00 - Gunungsari,10.748862
2026-02-20 18:00:00 - Gunungsari,10.743523
2026-02-21 06:00:00 - Gunungsari,11.076853
2026-02-21 12:00:00 - Gunungsari,10.890494
2026-02-21 18:00:00 - Gunungsari,10.954839
2026-02-22 06:00:00 - Gunungsari,10.711527
2026-02-22 12:00:00 - Gunungsari,10.628166
2026-02-22 18:00:00 - Gunungsari,11.081752
2026-02-23 06:00:00 - Gunungsari,10.794549
2026-02-23 12:00:00 - Gunungsari,11.026302
2026-02-23 18:00:00 - Gunungsari,11.403112
2026-02-24 06:00:00 - Gunungsari,11.507183
2026-02-24 12:00:00 - Gunungsari,11.557753
2026-02-24 18:00:00 - Gunungsari,11.285917
2026-02-25 06:00:00 - Gunungsari,11.3701105
2026-02-25 12:00:00 - Gunungsari,11.421217
2026-02-25 18:00:00 - Gunungsari,11.181227
2026-02-26 06:00:00 - Gunungsari,11.285479
2026-02-26 12:00:00 - Gunungsari,11.431372
2026-02-26 18:00:00 - Gunungsari,11.434382
2026-02-27 06:00:00 - Gunungsari,11.109119
2026-02-27 12:00:00 - Gunungsari,11.36071
2026-02-27 18:00:00 - Gunungsari,11.146558
2026-02-28 06:00:00 - Gunungsari,11.205506
2026-02-28 12:00:00 - Gunungsari,11.059613
2026-02-28 18:00:00 - Gunungsari,11.017541
2026-03-01 06:00:00 - Gunungsari,11.363452
2026-03-01 12:00:00 - Gunungsari,10.958242
2026-03-01 18:00:00 - Gunungsari,11.011372
2026-03-02 06:00:00 - Gunungsari,11.056444
2026-03-02 12:00:00 - Gunungsari,10.774792
2026-03-02 18:00:00 - Gunungsari,10.713164
2026-03-03 06:00:00 - Gunungsari,10.985601
2026-03-03 12:00:00 - Gunungsari,10.826352
2026-03-03 18:00:00 - Gunungsari,10.995802
2026-03-04 06:00:00 - Gunungsari,10.981672
2026-03-04 12:00:00 - Gunungsari,10.764537
2026-03-04 18:00:00 - Gunungsari,10.936981
2026-03-05 06:00:00 - Gunungsari,11.150889
2026-03-05 12:00:00 - Gunungsari,11.199539
2026-03-05 18:00:00 - Gunungsari,10.95657
2026-03-06 06:00:00 - Gunungsari,11.028379
2026-03-06 12:00:00 - Gunungsari,11.019043
2026-03-06 18:00:00 - Gunungsari,10.826835
2026-03-07 06:00:00 - Gunungsari,10.609707
2026-03-07 12:00:00 - Gunungsari,10.762086
2026-03-07 18:00:00 - Gunungsari,10.683952
2026-03-08 06:00:00 - Gunungsari,10.692098
2026-03-08 12:00:00 - Gunungsari,10.8615465
2026-03-08 18:00:00 - Gunungsari,10.829217
2026-03-09 06:00:00 - Gunungsari,10.811268
2026-03-09 12:00:00 - Gunungsari,10.783487
2026-03-09 18:00:00 - Gunungsari,10.739038
2026-03-10 06:00:00 - Gunungsari,10.731374
2026-03-10 12:00:00 - Gunungsari,10.74438
2026-03-10 18:00:00 - Gunungsari,10.815179
2026-03-11 06:00:00 - Gunungsari,10.849783
2026-03-11 12:00:00 - Gunungsari,10.940748
2026-03-11 18:00:00 - Gunungsari,10.600886
2026-03-12 06:00:00 - Gunungsari,10.336127
2026-03-12 12:00:00 - Gunungsari,10.393781
2026-03-12 18:00:00 - Gunungsari,10.158522
2026-03-13 06:00:00 - Gunungsari,10.223832
2026-03-13 12:00:00 - Gunungsari,10.427405
2026-03-13 18:00:00 - Gunungsari,10.302055
2026-03-14 06:00:00 - Gunungsari,10.170505
2026-03-14 12:00:00 - Gunungsari,10.263291
2026-03-14 18:00:00 - Gunungsari,10.539759
2026-03-15 06:00:00 - Gunungsari,10.222793
2026-03-15 12:00:00 - Gunungsari,10.218197
2026-03-15 18:00:00 - Gunungsari,10.290406
2026-03-16 06:00:00 - Gunungsari,10.431006
2026-03-16 12:00:00 - Gunungsari,10.6058855
2026-03-16 18:00:00 - Gunungsari,10.64743
2026-03-17 06:00:00 - Gunungsari,10.601152
2026-03-17 12:00:00 - Gunungsari,10.774992
2026-03-17 18:00:00 - Gunungsari,10.684057
2026-03-18 06:00:00 - Gunungsari,10.736419
2026-03-18 12:00:00 - Gunungsari,10.794167
2026-03-18 18:00:00 - Gunungsari,10.843077
2026-03-19 06:00:00 - Gunungsari,10.743072
2026-03-19 12:00:00 - Gunungsari,10.888516
2026-03-19 18:00:00 - Gunungsari,10.525618
2026-03-20 06:00:00 - Gunungsari,10.688333
2026-03-20 12:00:00 - Gunungsari,10.415169
2026-03-20 18:00:00 - Gunungsari,10.349305
2026-03-21 06:00:00 - Gunungsari,10.60427
2026-03-21 12:00:00 - Gunungsari,10.703097
2026-03-21 18:00:00 - Gunungsari,10.406997
2026-03-22 06:00:00 - Gunungsari,10.25157
2026-03-22 12:00:00 - Gunungsari,10.194303
2026-03-22 18:00:00 - Gunungsari,10.345746
2026-03-23 06:00:00 - Gunungsari,10.10334
2026-03-23 12:00:00 - Gunungsari,10.084899
2026-03-23 18:00:00 - Gunungsari,10.056159
2026-03-24 06:00:00 - Gunungsari,9.942752
2026-03-24 12:00:00 - Gunungsari,10.02808
2026-03-24 18:00:00 - Gunungsari,10.116803
2026-03-25 06:00:00 - Gunungsari,10.0517645
2026-03-25 12:00:00 - Gunungsari,9.989685
2026-03-25 18:00:00 - Gunungsari,9.998891
2026-03-26 06:00:00 - Gunungsari,9.9460335
2026-03-26 12:00:00 - Gunungsari,9.935122
2026-03-26 18:00:00 - Gunungsari,9.820518
2026-03-27 06:00:00 - Gunungsari,10.200481
2026-03-27 12:00:00 - Gunungsari,9.837715
2026-03-27 18:00:00 - Gunungsari,9.763858
2026-03-28 06:00:00 - Gunungsari,10.163263
2026-03-28 12:00:00 - Gunungsari,10.006912
2026-03-28 18:00:00 - Gunungsari,10.3526535
2026-03-29 06:00:00 - Gunungsari,10.172047
2026-03-29 12:00:00 - Gunungsari,10.223801
2026-03-29 18:00:00 - Gunungsari,10.326404
2026-03-30 06:00:00 - Gunungsari,10.414876
2026-03-30 12:00:00 - Gunungsari,10.244314
2026-03-30 18:00:00 - Gunungsari,10.555317
2026-03-31 06:00:00 - Gunungsari,10.030776
2026-03-31 12:00:00 - Gunungsari,10.128084
2026-03-31 18:00:00 - Gunungsari,10.58217
2026-04-01 06:00:00 - Gunungsari,10.355543
2026-04-01 12:00:00 - Gunungsari,10.121129
2026-04-01 18:00:00 - Gunungsari,10.1614485
2026-04-02 06:00:00 - Gunungsari,10.319358
2026-04-02 12:00:00 - Gunungsari,10.481558
2026-04-02 18:00:00 - Gunungsari,10.302889
2026-04-03 06:00:00 - Gunungsari,10.376271
2026-04-03 12:00:00 - Gunungsari,10.56686
2026-04-03 18:00:00 - Gunungsari,11.005307
2026-04-04 06:00:00 - Gunungsari,10.496753
2026-04-04 12:00:00 - Gunungsari,10.686921
2026-04-04 18:00:00 - Gunungsari,10.573774
2026-04-05 06:00:00 - Gunungsari,10.554552
2026-04-05 12:00:00 - Gunungsari,10.7720995
2026-04-05 18:00:00 - Gunungsari,10.525337
2026-04-06 06:00:00 - Gunungsari,10.400141
2026-04-06 12:00:00 - Gunungsari,10.4661255
2026-04-06 18:00:00 - Gunungsari,10.498811
2026-04-07 06:00:00 - Gunungsari,10.3425455
2026-04-07 12:00:00 - Gunungsari,10.269538
2026-04-07 18:00:00 - Gunungsari,10.439151
2026-04-08 06:00:00 - Gunungsari,10.3923
2026-04-08 12:00:00 - Gunungsari,10.381556
2026-04-08 18:00:00 - Gunungsari,10.458054
2026-04-09 06:00:00 - Gunungsari,10.40893
2026-04-09 12:00:00 - Gunungsari,10.459138
2026-04-09 18:00:00 - Gunungsari,10.421329
2026-04-10 06:00:00 - Gunungsari,10.393479
2026-04-10 12:00:00 - Gunungsari,10.470082
2026-04-10 18:00:00 - Gunungsari,10.799473
2026-04-11 06:00:00 - Gunungsari,10.682691
2026-04-11 12:00:00 - Gunungsari,10.494097
2026-04-11 18:00:00 - Gunungsari,10.615246
2026-04-12 06:00:00 - Gunungsari,10.617047
2026-04-12 12:00:00 - Gunungsari,10.625605
2026-04-12 18:00:00 - Gunungsari,10.57449
2026-04-13 06:00:00 - Gunungsari,10.592082
2026-04-13 12:00:00 - Gunungsari,10.454436
2026-04-13 18:00:00 - Gunungsari,10.32168
2026-04-14 06:00:00 - Gunungsari,10.436641
2026-04-14 12:00:00 - Gunungsari,10.427077
2026-04-14 18:00:00 - Gunungsari,10.155019
2026-04-15 06:00:00 - Gunungsari,10.49942
2026-04-15 12:00:00 - Gunungsari,10.103431
2026-04-15 18:00:00 - Gunungsari,10.036675
2026-04-16 06:00:00 - Gunungsari,9.69951
2026-04-16 12:00:00 - Gunungsari,9.814225
2026-04-16 18:00:00 - Gunungsari,9.807721
2026-04-17 06:00:00 - Gunungsari,9.664429
2026-04-17 12:00:00 - Gunungsari,9.805835
2026-04-17 18:00:00 - Gunungsari,9.7718935
2026-04-18 06:00:00 - Gunungsari,9.821758
2026-04-18 12:00:00 - Gunungsari,9.831192
2026-04-18 18:00:00 - Gunungsari,9.703893
2026-04-19 06:00:00 - Gunungsari,9.648762
2026-04-19 12:00:00 - Gunungsari,9.772873
2026-04-19 18:00:00 - Gunungsari,9.715629
2026-04-20 06:00:00 - Gunungsari,9.786638
2026-04-20 12:00:00 - Gunungsari,9.754724
2026-04-20 18:00:00 - Gunungsari,9.625234
2026-04-21 06:00:00 - Gunungsari,9.731742
2026-04-21 12:00:00 - Gunungsari,9.804506
2026-04-21 18:00:00 - Gunungsari,9.711906
2026-04-22 06:00:00 - Gunungsari,9.689356
2026-04-22 12:00:00 - Gunungsari,9.7421465
2026-04-22 18:00:00 - Gunungsari,10.220986
2026-04-23 06:00:00 - Gunungsari,10.055895
2026-04-23 12:00:00 - Gunungsari,10.0328
2026-04-23 18:00:00 - Gunungsari,10.110748
2026-04-24 06:00:00 - Gunungsari,10.108506
2026-04-24 12:00:00 - Gunungsari,10.115239
2026-04-24 18:00:00 - Gunungsari,10.164386
2026-04-25 06:00:00 - Gunungsari,10.293386
2026-04-25 12:00:00 - Gunungsari,10.380403
2026-04-25 18:00:00 - Gunungsari,10.150916
2026-04-26 06:00:00 - Gunungsari,9.894474
2026-04-26 12:00:00 - Gunungsari,10.07015
2026-04-26 18:00:00 - Gunungsari,10.027901
2026-04-27 06:00:00 - Gunungsari,10.006756
2026-04-27 12:00:00 - Gunungsari,9.776851
2026-04-27 18:00:00 - Gunungsari,9.88136
2026-04-28 06:00:00 - Gunungsari,9.7584095
2026-04-28 12:00:00 - Gunungsari,9.837033
2026-04-28 18:00:00 - Gunungsari,10.157766
2026-04-29 06:00:00 - Gunungsari,9.624042
2026-04-29 12:00:00 - Gunungsari,9.595921
2026-04-29 18:00:00 - Gunungsari,10.127973
2026-04-30 06:00:00 - Gunungsari,10.131314
2026-04-30 12:00:00 - Gunungsari,10.056133
2026-04-30 18:00:00 - Gunungsari,10.093435
2026-05-01 06:00:00 - Gunungsari,10.107062
2026-05-01 12:00:00 - Gunungsari,10.156687
2026-05-01 18:00:00 - Gunungsari,10.274723
2026-05-02 06:00:00 - Gunungsari,9.982924
2026-05-02 12:00:00 - Gunungsari,10.0449
2026-05-02 18:00:00 - Gunungsari,9.862519
2026-05-03 06:00:00 - Gunungsari,9.886798
2026-05-03 12:00:00 - Gunungsari,9.759039
2026-05-03 18:00:00 - Gunungsari,9.811709
2026-05-04 06:00:00 - Gunungsari,9.839747
2026-05-04 12:00:00 - Gunungsari,9.80268
2026-05-04 18:00:00 - Gunungsari,9.759107
2026-05-05 06:00:00 - Gunungsari,9.758421
2026-05-05 12:00:00 - Gunungsari,9.658873
2026-05-05 18:00:00 - Gunungsari,9.688238
2026-05-06 06:00:00 - Gunungsari,9.606172
2026-05-06 12:00:00 - Gunungsari,9.590898
2026-05-06 18:00:00 - Gunungsari,9.528602
2026-05-07 06:00:00 - Gunungsari,9.619999
2026-05-07 12:00:00 - Gunungsari,9.5744
2026-05-07 18:00:00 - Gunungsari,9.578304
2026-05-08 06:00:00 - Gunungsari,9.5830765
2026-05-08 12:00:00 - Gunungsari,9.615746
2026-05-08 18:00:00 - Gunungsari,9.5641985
2026-05-09 06:00:00 - Gunungsari,9.556395
2026-05-09 12:00:00 - Gunungsari,9.615753
2026-05-09 18:00:00 - Gunungsari,9.591517
2026-05-10 06:00:00 - Gunungsari,9.539433
2026-05-10 12:00:00 - Gunungsari,9.603572
2026-05-10 18:00:00 - Gunungsari,9.591382
2026-05-11 06:00:00 - Gunungsari,9.59379
2026-05-11 12:00:00 - Gunungsari,9.6448555
2026-05-11 18:00:00 - Gunungsari,9.570656
2026-05-12 06:00:00 - Gunungsari,9.581812
2026-05-12 12:00:00 - Gunungsari,9.597434
2026-05-12 18:00:00 - Gunungsari,9.570429
2026-05-13 06:00:00 - Gunungsari,9.602686
2026-05-13 12:00:00 - Gunungsari,9.560482
2026-05-13 18:00:00 - Gunungsari,9.606862
2026-05-14 06:00:00 - Gunungsari,9.548546
2026-05-14 12:00:00 - Gunungsari,9.616694
2026-05-14 18:00:00 - Gunungsari,9.62434
2026-05-15 06:00:00 - Gunungsari,9.598289
2026-05-15 12:00:00 - Gunungsari,9.613111
2026-05-15 18:00:00 - Gunungsari,9.604598
2026-05-16 06:00:00 - Gunungsari,9.596007
2026-05-16 12:00:00 - Gunungsari,9.594603
2026-05-16 18:00:00 - Gunungsari,9.5871105
2026-05-17 06:00:00 - Gunungsari,9.545349
2026-05-17 12:00:00 - Gunungsari,9.611455
2026-05-17 18:00:00 - Gunungsari,9.555151
2026-05-18 06:00:00 - Gunungsari,9.578313
2026-05-18 12:00:00 - Gunungsari,9.616131
2026-05-18 18:00:00 - Gunungsari,9.548069
2025-09-19 06:00:00 - Jarum,90.678116
2025-09-19 12:00:00 - Jarum,90.64864
2025-09-19 18:00:00 - Jarum,90.534485
2025-09-20 06:00:00 - Jarum,90.69024
2025-09-20 12:00:00 - Jarum,90.61188
2025-09-20 18:00:00 - Jarum,90.606636
2025-09-21 06:00:00 - Jarum,90.63092
2025-09-21 12:00:00 - Jarum,90.56832
2025-09-21 18:00:00 - Jarum,90.54656
2025-09-22 06:00:00 - Jarum,90.59458
2025-09-22 12:00:00 - Jarum,90.55932
2025-09-22 18:00:00 - Jarum,90.44982
2025-09-23 06:00:00 - Jarum,90.53986
2025-09-23 12:00:00 - Jarum,90.51112
2025-09-23 18:00:00 - Jarum,90.40587
2025-09-24 06:00:00 - Jarum,90.55748
2025-09-24 12:00:00 - Jarum,90.46912
2025-09-24 18:00:00 - Jarum,90.58142
2025-09-25 06:00:00 - Jarum,90.65852
2025-09-25 12:00:00 - Jarum,90.52973
2025-09-25 18:00:00 - Jarum,90.520645
2025-09-26 06:00:00 - Jarum,90.69744
2025-09-26 12:00:00 - Jarum,90.63372
2025-09-26 18:00:00 - Jarum,90.65701
2025-09-27 06:00:00 - Jarum,90.67666
2025-09-27 12:00:00 - Jarum,90.654236
2025-09-27 18:00:00 - Jarum,91.21654
2025-09-28 06:00:00 - Jarum,90.66494
2025-09-28 12:00:00 - Jarum,90.18022
2025-09-28 18:00:00 - Jarum,89.65966
2025-09-29 06:00:00 - Jarum,90.57577
2025-09-29 12:00:00 - Jarum,90.50104
2025-09-29 18:00:00 - Jarum,90.663376
2025-09-30 06:00:00 - Jarum,90.57418
2025-09-30 12:00:00 - Jarum,90.64427
2025-09-30 18:00:00 - Jarum,90.41271
2025-10-01 06:00:00 - Jarum,90.819466
2025-10-01 12:00:00 - Jarum,90.62117
2025-10-01 18:00:00 - Jarum,89.72708
2025-10-02 06:00:00 - Jarum,90.62645
2025-10-02 12:00:00 - Jarum,90.45581
2025-10-02 18:00:00 - Jarum,90.40205
2025-10-03 06:00:00 - Jarum,90.65584
2025-10-03 12:00:00 - Jarum,90.46573
2025-10-03 18:00:00 - Jarum,90.51569
2025-10-04 06:00:00 - Jarum,90.55912
2025-10-04 12:00:00 - Jarum,90.58345
2025-10-04 18:00:00 - Jarum,90.3774
2025-10-05 06:00:00 - Jarum,90.65127
2025-10-05 12:00:00 - Jarum,90.54719
2025-10-05 18:00:00 - Jarum,91.36475
2025-10-06 06:00:00 - Jarum,90.64654
2025-10-06 12:00:00 - Jarum,90.60668
2025-10-06 18:00:00 - Jarum,89.688225
2025-10-07 06:00:00 - Jarum,90.6347
2025-10-07 12:00:00 - Jarum,90.53803
2025-10-07 18:00:00 - Jarum,90.30676
2025-10-08 06:00:00 - Jarum,90.598
2025-10-08 12:00:00 - Jarum,90.607956
2025-10-08 18:00:00 - Jarum,90.35688
2025-10-09 06:00:00 - Jarum,90.63948
2025-10-09 12:00:00 - Jarum,90.53038
2025-10-09 18:00:00 - Jarum,90.51415
2025-10-10 06:00:00 - Jarum,90.5877
2025-10-10 12:00:00 - Jarum,90.43346
2025-10-10 18:00:00 - Jarum,90.53655
2025-10-11 06:00:00 - Jarum,90.65452
2025-10-11 12:00:00 - Jarum,90.49749
2025-10-11 18:00:00 - Jarum,90.52173
2025-10-12 06:00:00 - Jarum,90.611885
2025-10-12 12:00:00 - Jarum,90.50896
2025-10-12 18:00:00 - Jarum,90.4541
2025-10-13 06:00:00 - Jarum,90.59915
2025-10-13 12:00:00 - Jarum,90.51455
2025-10-13 18:00:00 - Jarum,90.53875
2025-10-14 06:00:00 - Jarum,90.640335
2025-10-14 12:00:00 - Jarum,90.5068
2025-10-14 18:00:00 - Jarum,90.43364
2025-10-15 06:00:00 - Jarum,90.48317
2025-10-15 12:00:00 - Jarum,90.38121
2025-10-15 18:00:00 - Jarum,90.401825
2025-10-16 06:00:00 - Jarum,90.65093
2025-10-16 12:00:00 - Jarum,90.51373
2025-10-16 18:00:00 - Jarum,90.55479
2025-10-17 06:00:00 - Jarum,90.50036
2025-10-17 12:00:00 - Jarum,90.55934
2025-10-17 18:00:00 - Jarum,90.52424
2025-10-18 06:00:00 - Jarum,90.55805
2025-10-18 12:00:00 - Jarum,90.46554
2025-10-18 18:00:00 - Jarum,90.60376
2025-10-19 06:00:00 - Jarum,90.64169
2025-10-19 12:00:00 - Jarum,90.520004
2025-10-19 18:00:00 - Jarum,90.56917
2025-10-20 06:00:00 - Jarum,90.67262
2025-10-20 12:00:00 - Jarum,90.51122
2025-10-20 18:00:00 - Jarum,90.500114
2025-10-21 06:00:00 - Jarum,90.82359
2025-10-21 12:00:00 - Jarum,90.66059
2025-10-21 18:00:00 - Jarum,90.57307
2025-10-22 06:00:00 - Jarum,90.97084
2025-10-22 12:00:00 - Jarum,90.59863
2025-10-22 18:00:00 - Jarum,90.95456
2025-10-23 06:00:00 - Jarum,91.53152
2025-10-23 12:00:00 - Jarum,91.09323
2025-10-23 18:00:00 - Jarum,90.9491
2025-10-24 06:00:00 - Jarum,91.20842
2025-10-24 12:00:00 - Jarum,91.05921
2025-10-24 18:00:00 - Jarum,91.17191
2025-10-25 06:00:00 - Jarum,91.08072
2025-10-25 12:00:00 - Jarum,91.117325
2025-10-25 18:00:00 - Jarum,91.356735
2025-10-26 06:00:00 - Jarum,90.80918
2025-10-26 12:00:00 - Jarum,90.89601
2025-10-26 18:00:00 - Jarum,91.16755
2025-10-27 06:00:00 - Jarum,90.962524
2025-10-27 12:00:00 - Jarum,90.75909
2025-10-27 18:00:00 - Jarum,90.92034
2025-10-28 06:00:00 - Jarum,90.91114
2025-10-28 12:00:00 - Jarum,90.7832
2025-10-28 18:00:00 - Jarum,95.061775
2025-10-29 06:00:00 - Jarum,91.62659
2025-10-29 12:00:00 - Jarum,91.28553
2025-10-29 18:00:00 - Jarum,91.1079
2025-10-30 06:00:00 - Jarum,91.15872
2025-10-30 12:00:00 - Jarum,90.98921
2025-10-30 18:00:00 - Jarum,90.98742
2025-10-31 06:00:00 - Jarum,91.18679
2025-10-31 12:00:00 - Jarum,90.829315
2025-10-31 18:00:00 - Jarum,90.91281
2025-11-01 06:00:00 - Jarum,91.127106
2025-11-01 12:00:00 - Jarum,90.688736
2025-11-01 18:00:00 - Jarum,90.788376
2025-11-02 06:00:00 - Jarum,91.07584
2025-11-02 12:00:00 - Jarum,91.02374
2025-11-02 18:00:00 - Jarum,90.89721
2025-11-03 06:00:00 - Jarum,91.38523
2025-11-03 12:00:00 - Jarum,90.84413
2025-11-03 18:00:00 - Jarum,91.138275
2025-11-04 06:00:00 - Jarum,91.35578
2025-11-04 12:00:00 - Jarum,91.08386
2025-11-04 18:00:00 - Jarum,91.184555
2025-11-05 06:00:00 - Jarum,91.01354
2025-11-05 12:00:00 - Jarum,90.97911
2025-11-05 18:00:00 - Jarum,91.4937
2025-11-06 06:00:00 - Jarum,91.72577
2025-11-06 12:00:00 - Jarum,91.268074
2025-11-06 18:00:00 - Jarum,91.24607
2025-11-07 06:00:00 - Jarum,91.31614
2025-11-07 12:00:00 - Jarum,90.98787
2025-11-07 18:00:00 - Jarum,91.04399
2025-11-08 06:00:00 - Jarum,90.9817
2025-11-08 12:00:00 - Jarum,91.05156
2025-11-08 18:00:00 - Jarum,91.5
2025-11-09 06:00:00 - Jarum,91.88161
2025-11-09 12:00:00 - Jarum,90.666504
2025-11-09 18:00:00 - Jarum,93.00179
2025-11-10 06:00:00 - Jarum,91.58431
2025-11-10 12:00:00 - Jarum,91.0088
2025-11-10 18:00:00 - Jarum,90.855835
2025-11-11 06:00:00 - Jarum,91.715744
2025-11-11 12:00:00 - Jarum,91.20547
2025-11-11 18:00:00 - Jarum,91.65595
2025-11-12 06:00:00 - Jarum,91.36935
2025-11-12 12:00:00 - Jarum,91.268166
2025-11-12 18:00:00 - Jarum,91.35073
2025-11-13 06:00:00 - Jarum,91.54308
2025-11-13 12:00:00 - Jarum,91.19608
2025-11-13 18:00:00 - Jarum,91.3566
2025-11-14 06:00:00 - Jarum,91.644356
2025-11-14 12:00:00 - Jarum,91.03576
2025-11-14 18:00:00 - Jarum,91.15876
2025-11-15 06:00:00 - Jarum,91.97617
2025-11-15 12:00:00 - Jarum,92.60429
2025-11-15 18:00:00 - Jarum,93.53637
2025-11-16 06:00:00 - Jarum,91.3087
2025-11-16 12:00:00 - Jarum,91.24069
2025-11-16 18:00:00 - Jarum,92.204666
2025-11-17 06:00:00 - Jarum,92.75986
2025-11-17 12:00:00 - Jarum,92.271164
2025-11-17 18:00:00 - Jarum,90.9396
2025-11-18 06:00:00 - Jarum,91.368
2025-11-18 12:00:00 - Jarum,91.38922
2025-11-18 18:00:00 - Jarum,91.547386
2025-11-19 06:00:00 - Jarum,92.095024
2025-11-19 12:00:00 - Jarum,91.58162
2025-11-19 18:00:00 - Jarum,92.73809
2025-11-20 06:00:00 - Jarum,91.853355
2025-11-20 12:00:00 - Jarum,91.198204
2025-11-20 18:00:00 - Jarum,95.074
2025-11-21 06:00:00 - Jarum,91.95659
2025-11-21 12:00:00 - Jarum,91.24675
2025-11-21 18:00:00 - Jarum,91.909256
2025-11-22 06:00:00 - Jarum,91.99212
2025-11-22 12:00:00 - Jarum,91.65717
2025-11-22 18:00:00 - Jarum,98.058784
2025-11-23 06:00:00 - Jarum,91.59321
2025-11-23 12:00:00 - Jarum,91.39403
2025-11-23 18:00:00 - Jarum,90.982
2025-11-24 06:00:00 - Jarum,91.25897
2025-11-24 12:00:00 - Jarum,91.13528
2025-11-24 18:00:00 - Jarum,90.86105
2025-11-25 06:00:00 - Jarum,90.94213
2025-11-25 12:00:00 - Jarum,90.7021
2025-11-25 18:00:00 - Jarum,90.643936
2025-11-26 06:00:00 - Jarum,90.543396
2025-11-26 12:00:00 - Jarum,90.59203
2025-11-26 18:00:00 - Jarum,90.67681
2025-11-27 06:00:00 - Jarum,90.77093
2025-11-27 12:00:00 - Jarum,90.79717
2025-11-27 18:00:00 - Jarum,90.689156
2025-11-28 06:00:00 - Jarum,90.804596
2025-11-28 12:00:00 - Jarum,90.62198
2025-11-28 18:00:00 - Jarum,90.52004
2025-11-29 06:00:00 - Jarum,90.66402
2025-11-29 12:00:00 - Jarum,90.58112
2025-11-29 18:00:00 - Jarum,90.65103
2025-11-30 06:00:00 - Jarum,91.160446
2025-11-30 12:00:00 - Jarum,91.14857
2025-11-30 18:00:00 - Jarum,90.537926
2025-12-01 06:00:00 - Jarum,90.60811
2025-12-01 12:00:00 - Jarum,90.50565
2025-12-01 18:00:00 - Jarum,90.58614
2025-12-02 06:00:00 - Jarum,90.44387
2025-12-02 12:00:00 - Jarum,90.51715
2025-12-02 18:00:00 - Jarum,90.59713
2025-12-03 06:00:00 - Jarum,90.65332
2025-12-03 12:00:00 - Jarum,90.665794
2025-12-03 18:00:00 - Jarum,90.781525
2025-12-04 06:00:00 - Jarum,90.85291
2025-12-04 12:00:00 - Jarum,90.897156
2025-12-04 18:00:00 - Jarum,90.97008
2025-12-05 06:00:00 - Jarum,91.16349
2025-12-05 12:00:00 - Jarum,90.89963
2025-12-05 18:00:00 - Jarum,91.1842
2025-12-06 06:00:00 - Jarum,91.03191
2025-12-06 12:00:00 - Jarum,90.755295
2025-12-06 18:00:00 - Jarum,90.95644
2025-12-07 06:00:00 - Jarum,90.71777
2025-12-07 12:00:00 - Jarum,90.61868
2025-12-07 18:00:00 - Jarum,91.46486
2025-12-08 06:00:00 - Jarum,90.564644
2025-12-08 12:00:00 - Jarum,90.53714
2025-12-08 18:00:00 - Jarum,90.55697
2025-12-09 06:00:00 - Jarum,90.70356
2025-12-09 12:00:00 - Jarum,90.61963
2025-12-09 18:00:00 - Jarum,90.87405
2025-12-10 06:00:00 - Jarum,91.515
2025-12-10 12:00:00 - Jarum,90.47654
2025-12-10 18:00:00 - Jarum,90.87949
2025-12-11 06:00:00 - Jarum,90.50353
2025-12-11 12:00:00 - Jarum,90.78953
2025-12-11 18:00:00 - Jarum,91.45155
2025-12-12 06:00:00 - Jarum,91.53011
2025-12-12 12:00:00 - Jarum,90.50937
2025-12-12 18:00:00 - Jarum,90.903465
2025-12-13 06:00:00 - Jarum,90.52837
2025-12-13 12:00:00 - Jarum,90.46066
2025-12-13 18:00:00 - Jarum,90.83258
2025-12-14 06:00:00 - Jarum,90.477844
2025-12-14 12:00:00 - Jarum,90.30762
2025-12-14 18:00:00 - Jarum,90.880745
2025-12-15 06:00:00 - Jarum,90.490036
2025-12-15 12:00:00 - Jarum,90.55888
2025-12-15 18:00:00 - Jarum,90.609535
2025-12-16 06:00:00 - Jarum,90.37549
2025-12-16 12:00:00 - Jarum,90.451965
2025-12-16 18:00:00 - Jarum,90.453186
2025-12-17 06:00:00 - Jarum,90.45042
2025-12-17 12:00:00 - Jarum,90.49509
2025-12-17 18:00:00 - Jarum,90.975266
2025-12-18 06:00:00 - Jarum,90.40288
2025-12-18 12:00:00 - Jarum,90.464035
2025-12-18 18:00:00 - Jarum,91.1646
2025-12-19 06:00:00 - Jarum,90.8762
2025-12-19 12:00:00 - Jarum,91.410675
2025-12-19 18:00:00 - Jarum,91.23194
2025-12-20 06:00:00 - Jarum,91.30004
2025-12-20 12:00:00 - Jarum,91.11268
2025-12-20 18:00:00 - Jarum,89.86974
2025-12-21 06:00:00 - Jarum,91.11502
2025-12-21 12:00:00 - Jarum,90.830605
2025-12-21 18:00:00 - Jarum,91.030075
2025-12-22 06:00:00 - Jarum,91.249435
2025-12-22 12:00:00 - Jarum,90.96841
2025-12-22 18:00:00 - Jarum,92.10828
2025-12-23 06:00:00 - Jarum,90.92675
2025-12-23 12:00:00 - Jarum,91.310905
2025-12-23 18:00:00 - Jarum,91.31149
2025-12-24 06:00:00 - Jarum,90.68766
2025-12-24 12:00:00 - Jarum,90.8362
2025-12-24 18:00:00 - Jarum,91.17942
2025-12-25 06:00:00 - Jarum,90.90733
2025-12-25 12:00:00 - Jarum,90.50872
2025-12-25 18:00:00 - Jarum,91.56281
2025-12-26 06:00:00 - Jarum,90.47357
2025-12-26 12:00:00 - Jarum,90.98371
2025-12-26 18:00:00 - Jarum,90.743065
2025-12-27 06:00:00 - Jarum,90.59637
2025-12-27 12:00:00 - Jarum,90.72753
2025-12-27 18:00:00 - Jarum,91.17919
2025-12-28 06:00:00 - Jarum,92.126625
2025-12-28 12:00:00 - Jarum,91.040955
2025-12-28 18:00:00 - Jarum,91.35423
2025-12-29 06:00:00 - Jarum,91.035286
2025-12-29 12:00:00 - Jarum,90.81116
2025-12-29 18:00:00 - Jarum,91.08818
2025-12-30 06:00:00 - Jarum,90.259254
2025-12-30 12:00:00 - Jarum,91.00581
2025-12-30 18:00:00 - Jarum,91.1931
2025-12-31 06:00:00 - Jarum,91.38339
2025-12-31 12:00:00 - Jarum,90.566216
2025-12-31 18:00:00 - Jarum,91.43937
2026-01-01 06:00:00 - Jarum,91.19952
2026-01-01 12:00:00 - Jarum,92.35008
2026-01-01 18:00:00 - Jarum,91.86038
2026-01-02 06:00:00 - Jarum,94.071945
2026-01-02 12:00:00 - Jarum,91.43632
2026-01-02 18:00:00 - Jarum,91.003685
2026-01-03 06:00:00 - Jarum,91.285904
2026-01-03 12:00:00 - Jarum,90.82584
2026-01-03 18:00:00 - Jarum,91.96385
2026-01-04 06:00:00 - Jarum,90.95913
2026-01-04 12:00:00 - Jarum,91.22177
2026-01-04 18:00:00 - Jarum,91.137245
2026-01-05 06:00:00 - Jarum,91.06203
2026-01-05 12:00:00 - Jarum,91.52334
2026-01-05 18:00:00 - Jarum,90.84357
2026-01-06 06:00:00 - Jarum,90.81082
2026-01-06 12:00:00 - Jarum,91.24106
2026-01-06 18:00:00 - Jarum,91.33177
2026-01-07 06:00:00 - Jarum,90.7859
2026-01-07 12:00:00 - Jarum,90.76022
2026-01-07 18:00:00 - Jarum,90.44937
2026-01-08 06:00:00 - Jarum,91.11712
2026-01-08 12:00:00 - Jarum,90.84302
2026-01-08 18:00:00 - Jarum,90.79018
2026-01-09 06:00:00 - Jarum,91.11958
2026-01-09 12:00:00 - Jarum,91.15212
2026-01-09 18:00:00 - Jarum,91.65136
2026-01-10 06:00:00 - Jarum,91.17353
2026-01-10 12:00:00 - Jarum,91.32031
2026-01-10 18:00:00 - Jarum,91.08612
2026-01-11 06:00:00 - Jarum,91.70324
2026-01-11 12:00:00 - Jarum,91.81169
2026-01-11 18:00:00 - Jarum,93.90179
2026-01-12 06:00:00 - Jarum,91.69152
2026-01-12 12:00:00 - Jarum,91.66538
2026-01-12 18:00:00 - Jarum,91.589745
2026-01-13 06:00:00 - Jarum,91.19626
2026-01-13 12:00:00 - Jarum,91.54431
2026-01-13 18:00:00 - Jarum,91.82367
2026-01-14 06:00:00 - Jarum,91.19496
2026-01-14 12:00:00 - Jarum,91.440254
2026-01-14 18:00:00 - Jarum,91.62956
2026-01-15 06:00:00 - Jarum,91.01575
2026-01-15 12:00:00 - Jarum,91.34187
2026-01-15 18:00:00 - Jarum,91.24702
2026-01-16 06:00:00 - Jarum,91.922676
2026-01-16 12:00:00 - Jarum,91.597176
2026-01-16 18:00:00 - Jarum,90.83924
2026-01-17 06:00:00 - Jarum,91.14296
2026-01-17 12:00:00 - Jarum,91.436516
2026-01-17 18:00:00 - Jarum,91.480515
2026-01-18 06:00:00 - Jarum,92.524956
2026-01-18 12:00:00 - Jarum,91.2916
2026-01-18 18:00:00 - Jarum,91.347206
2026-01-19 06:00:00 - Jarum,91.50475
2026-01-19 12:00:00 - Jarum,91.70595
2026-01-19 18:00:00 - Jarum,91.36998
2026-01-20 06:00:00 - Jarum,91.27417
2026-01-20 12:00:00 - Jarum,91.836464
2026-01-20 18:00:00 - Jarum,91.19452
2026-01-21 06:00:00 - Jarum,90.42679
2026-01-21 12:00:00 - Jarum,91.13424
2026-01-21 18:00:00 - Jarum,91.47434
2026-01-22 06:00:00 - Jarum,91.08436
2026-01-22 12:00:00 - Jarum,91.29186
2026-01-22 18:00:00 - Jarum,90.8054
2026-01-23 06:00:00 - Jarum,94.57524
2026-01-23 12:00:00 - Jarum,91.37843
2026-01-23 18:00:00 - Jarum,94.52806
2026-01-24 06:00:00 - Jarum,95.58551
2026-01-24 12:00:00 - Jarum,94.786
2026-01-24 18:00:00 - Jarum,94.27314
2026-01-25 06:00:00 - Jarum,91.02432
2026-01-25 12:00:00 - Jarum,91.306694
2026-01-25 18:00:00 - Jarum,91.35066
2026-01-26 06:00:00 - Jarum,90.940216
2026-01-26 12:00:00 - Jarum,91.43406
2026-01-26 18:00:00 - Jarum,92.60535
2026-01-27 06:00:00 - Jarum,95.91517
2026-01-27 12:00:00 - Jarum,92.192024
2026-01-27 18:00:00 - Jarum,93.961945
2026-01-28 06:00:00 - Jarum,93.614105
2026-01-28 12:00:00 - Jarum,91.986275
2026-01-28 18:00:00 - Jarum,93.7899
2026-01-29 06:00:00 - Jarum,92.07714
2026-01-29 12:00:00 - Jarum,92.224365
2026-01-29 18:00:00 - Jarum,92.43552
2026-01-30 06:00:00 - Jarum,92.07285
2026-01-30 12:00:00 - Jarum,92.447
2026-01-30 18:00:00 - Jarum,92.35497
2026-01-31 06:00:00 - Jarum,92.31421
2026-01-31 12:00:00 - Jarum,93.05966
2026-01-31 18:00:00 - Jarum,92.20089
2026-02-01 06:00:00 - Jarum,92.58875
2026-02-01 12:00:00 - Jarum,92.35409
2026-02-01 18:00:00 - Jarum,94.63134
2026-02-02 06:00:00 - Jarum,92.4975
2026-02-02 12:00:00 - Jarum,92.18613
2026-02-02 18:00:00 - Jarum,100.60883
2026-02-03 06:00:00 - Jarum,91.89555
2026-02-03 12:00:00 - Jarum,94.94503
2026-02-03 18:00:00 - Jarum,103.01919
2026-02-04 06:00:00 - Jarum,92.56891
2026-02-04 12:00:00 - Jarum,92.868324
2026-02-04 18:00:00 - Jarum,96.10502
2026-02-05 06:00:00 - Jarum,91.196884
2026-02-05 12:00:00 - Jarum,91.310356
2026-02-05 18:00:00 - Jarum,91.40311
2026-02-06 06:00:00 - Jarum,91.98753
2026-02-06 12:00:00 - Jarum,91.763565
2026-02-06 18:00:00 - Jarum,93.12364
2026-02-07 06:00:00 - Jarum,93.8336
2026-02-07 12:00:00 - Jarum,91.920364
2026-02-07 18:00:00 - Jarum,91.98354
2026-02-08 06:00:00 - Jarum,91.419785
2026-02-08 12:00:00 - Jarum,91.39911
2026-02-08 18:00:00 - Jarum,91.76702
2026-02-09 06:00:00 - Jarum,91.46326
2026-02-09 12:00:00 - Jarum,91.33743
2026-02-09 18:00:00 - Jarum,94.35684
2026-02-10 06:00:00 - Jarum,91.73287
2026-02-10 12:00:00 - Jarum,91.35397
2026-02-10 18:00:00 - Jarum,91.53106
2026-02-11 06:00:00 - Jarum,91.591064
2026-02-11 12:00:00 - Jarum,91.464615
2026-02-11 18:00:00 - Jarum,92.20867
2026-02-12 06:00:00 - Jarum,91.36689
2026-02-12 12:00:00 - Jarum,91.65623
2026-02-12 18:00:00 - Jarum,92.46554
2026-02-13 06:00:00 - Jarum,92.6015
2026-02-13 12:00:00 - Jarum,92.44359
2026-02-13 18:00:00 - Jarum,94.248436
2026-02-14 06:00:00 - Jarum,92.10715
2026-02-14 12:00:00 - Jarum,92.10174
2026-02-14 18:00:00 - Jarum,93.60593
2026-02-15 06:00:00 - Jarum,91.77436
2026-02-15 12:00:00 - Jarum,91.97149
2026-02-15 18:00:00 - Jarum,91.80543
2026-02-16 06:00:00 - Jarum,92.20772
2026-02-16 12:00:00 - Jarum,91.80119
2026-02-16 18:00:00 - Jarum,94.90305
2026-02-17 06:00:00 - Jarum,91.92661
2026-02-17 12:00:00 - Jarum,92.33432
2026-02-17 18:00:00 - Jarum,91.82265
2026-02-18 06:00:00 - Jarum,95.68255
2026-02-18 12:00:00 - Jarum,94.6281
2026-02-18 18:00:00 - Jarum,95.595024
2026-02-19 06:00:00 - Jarum,91.90565
2026-02-19 12:00:00 - Jarum,91.840866
2026-02-19 18:00:00 - Jarum,94.07559
2026-02-20 06:00:00 - Jarum,92.065056
2026-02-20 12:00:00 - Jarum,93.67464
2026-02-20 18:00:00 - Jarum,94.00079
2026-02-21 06:00:00 - Jarum,92.099686
2026-02-21 12:00:00 - Jarum,91.437614
2026-02-21 18:00:00 - Jarum,92.36086
2026-02-22 06:00:00 - Jarum,91.63238
2026-02-22 12:00:00 - Jarum,90.98075
2026-02-22 18:00:00 - Jarum,96.28451
2026-02-23 06:00:00 - Jarum,91.039566
2026-02-23 12:00:00 - Jarum,91.8363
2026-02-23 18:00:00 - Jarum,94.14536
2026-02-24 06:00:00 - Jarum,92.223335
2026-02-24 12:00:00 - Jarum,91.98938
2026-02-24 18:00:00 - Jarum,91.711525
2026-02-25 06:00:00 - Jarum,92.461525
2026-02-25 12:00:00 - Jarum,92.37178
2026-02-25 18:00:00 - Jarum,92.28982
2026-02-26 06:00:00 - Jarum,92.70518
2026-02-26 12:00:00 - Jarum,92.66088
2026-02-26 18:00:00 - Jarum,90.73879
2026-02-27 06:00:00 - Jarum,91.231735
2026-02-27 12:00:00 - Jarum,97.27958
2026-02-27 18:00:00 - Jarum,91.392555
2026-02-28 06:00:00 - Jarum,91.40765
2026-02-28 12:00:00 - Jarum,91.09887
2026-02-28 18:00:00 - Jarum,94.03039
2026-03-01 06:00:00 - Jarum,92.06406
2026-03-01 12:00:00 - Jarum,91.739105
2026-03-01 18:00:00 - Jarum,91.48777
2026-03-02 06:00:00 - Jarum,91.24881
2026-03-02 12:00:00 - Jarum,90.6954
2026-03-02 18:00:00 - Jarum,97.05654
2026-03-03 06:00:00 - Jarum,91.38087
2026-03-03 12:00:00 - Jarum,91.36401
2026-03-03 18:00:00 - Jarum,91.35986
2026-03-04 06:00:00 - Jarum,93.24902
2026-03-04 12:00:00 - Jarum,91.521164
2026-03-04 18:00:00 - Jarum,91.807884
2026-03-05 06:00:00 - Jarum,91.77878
2026-03-05 12:00:00 - Jarum,91.436966
2026-03-05 18:00:00 - Jarum,91.65145
2026-03-06 06:00:00 - Jarum,91.62568
2026-03-06 12:00:00 - Jarum,91.61618
2026-03-06 18:00:00 - Jarum,92.06744
2026-03-07 06:00:00 - Jarum,91.31395
2026-03-07 12:00:00 - Jarum,91.62869
2026-03-07 18:00:00 - Jarum,92.10764
2026-03-08 06:00:00 - Jarum,93.72827
2026-03-08 12:00:00 - Jarum,91.30871
2026-03-08 18:00:00 - Jarum,91.47011
2026-03-09 06:00:00 - Jarum,91.67924
2026-03-09 12:00:00 - Jarum,91.19673
2026-03-09 18:00:00 - Jarum,91.3046
2026-03-10 06:00:00 - Jarum,92.45596
2026-03-10 12:00:00 - Jarum,91.11403
2026-03-10 18:00:00 - Jarum,91.66869
2026-03-11 06:00:00 - Jarum,90.86632
2026-03-11 12:00:00 - Jarum,90.94498
2026-03-11 18:00:00 - Jarum,90.84777
2026-03-12 06:00:00 - Jarum,90.79935
2026-03-12 12:00:00 - Jarum,90.883194
2026-03-12 18:00:00 - Jarum,90.81714
2026-03-13 06:00:00 - Jarum,90.816765
2026-03-13 12:00:00 - Jarum,90.658066
2026-03-13 18:00:00 - Jarum,90.500114
2026-03-14 06:00:00 - Jarum,90.428566
2026-03-14 12:00:00 - Jarum,90.606186
2026-03-14 18:00:00 - Jarum,90.699
2026-03-15 06:00:00 - Jarum,90.72829
2026-03-15 12:00:00 - Jarum,90.76165
2026-03-15 18:00:00 - Jarum,91.69178
2026-03-16 06:00:00 - Jarum,90.89762
2026-03-16 12:00:00 - Jarum,90.67948
2026-03-16 18:00:00 - Jarum,93.94806
2026-03-17 06:00:00 - Jarum,90.97012
2026-03-17 12:00:00 - Jarum,90.88357
2026-03-17 18:00:00 - Jarum,90.98696
2026-03-18 06:00:00 - Jarum,90.62949
2026-03-18 12:00:00 - Jarum,90.65943
2026-03-18 18:00:00 - Jarum,90.557594
2026-03-19 06:00:00 - Jarum,90.552536
2026-03-19 12:00:00 - Jarum,90.61497
2026-03-19 18:00:00 - Jarum,90.32303
2026-03-20 06:00:00 - Jarum,90.578896
2026-03-20 12:00:00 - Jarum,90.61286
2026-03-20 18:00:00 - Jarum,90.93503
2026-03-21 06:00:00 - Jarum,90.63636
2026-03-21 12:00:00 - Jarum,90.73262
2026-03-21 18:00:00 - Jarum,90.78197
2026-03-22 06:00:00 - Jarum,90.465034
2026-03-22 12:00:00 - Jarum,90.42866
2026-03-22 18:00:00 - Jarum,90.78842
2026-03-23 06:00:00 - Jarum,90.36127
2026-03-23 12:00:00 - Jarum,90.30542
2026-03-23 18:00:00 - Jarum,90.42665
2026-03-24 06:00:00 - Jarum,90.322685
2026-03-24 12:00:00 - Jarum,90.34974
2026-03-24 18:00:00 - Jarum,90.72844
2026-03-25 06:00:00 - Jarum,90.56796
2026-03-25 12:00:00 - Jarum,90.572624
2026-03-25 18:00:00 - Jarum,91.19977
2026-03-26 06:00:00 - Jarum,90.72335
2026-03-26 12:00:00 - Jarum,91.337814
2026-03-26 18:00:00 - Jarum,92.60035
2026-03-27 06:00:00 - Jarum,91.189285
2026-03-27 12:00:00 - Jarum,92.14336
2026-03-27 18:00:00 - Jarum,91.15142
2026-03-28 06:00:00 - Jarum,90.79201
2026-03-28 12:00:00 - Jarum,91.67243
2026-03-28 18:00:00 - Jarum,92.28012
2026-03-29 06:00:00 - Jarum,91.12419
2026-03-29 12:00:00 - Jarum,91.12704
2026-03-29 18:00:00 - Jarum,91.234825
2026-03-30 06:00:00 - Jarum,90.957466
2026-03-30 12:00:00 - Jarum,90.9478
2026-03-30 18:00:00 - Jarum,92.42092
2026-03-31 06:00:00 - Jarum,90.819115
2026-03-31 12:00:00 - Jarum,90.82665
2026-03-31 18:00:00 - Jarum,90.910934
2026-04-01 06:00:00 - Jarum,90.84917
2026-04-01 12:00:00 - Jarum,90.80564
2026-04-01 18:00:00 - Jarum,90.83999
2026-04-02 06:00:00 - Jarum,90.64557
2026-04-02 12:00:00 - Jarum,90.4566
2026-04-02 18:00:00 - Jarum,93.38787
2026-04-03 06:00:00 - Jarum,90.80739
2026-04-03 12:00:00 - Jarum,90.74466
2026-04-03 18:00:00 - Jarum,92.2633
2026-04-04 06:00:00 - Jarum,90.79191
2026-04-04 12:00:00 - Jarum,90.72854
2026-04-04 18:00:00 - Jarum,92.52534
2026-04-05 06:00:00 - Jarum,91.170555
2026-04-05 12:00:00 - Jarum,91.00575
2026-04-05 18:00:00 - Jarum,91.30954
2026-04-06 06:00:00 - Jarum,90.8005
2026-04-06 12:00:00 - Jarum,90.92431
2026-04-06 18:00:00 - Jarum,91.48096
2026-04-07 06:00:00 - Jarum,91.050476
2026-04-07 12:00:00 - Jarum,90.981926
2026-04-07 18:00:00 - Jarum,92.26222
2026-04-08 06:00:00 - Jarum,90.96591
2026-04-08 12:00:00 - Jarum,91.11982
2026-04-08 18:00:00 - Jarum,91.33893
2026-04-09 06:00:00 - Jarum,91.19786
2026-04-09 12:00:00 - Jarum,91.3958
2026-04-09 18:00:00 - Jarum,93.14032
2026-04-10 06:00:00 - Jarum,91.51174
2026-04-10 12:00:00 - Jarum,94.27458
2026-04-10 18:00:00 - Jarum,97.00157
2026-04-11 06:00:00 - Jarum,91.3499
2026-04-11 12:00:00 - Jarum,91.12627
2026-04-11 18:00:00 - Jarum,92.63303
2026-04-12 06:00:00 - Jarum,91.4686
2026-04-12 12:00:00 - Jarum,91.1066
2026-04-12 18:00:00 - Jarum,91.91602
2026-04-13 06:00:00 - Jarum,91.17874
2026-04-13 12:00:00 - Jarum,91.216255
2026-04-13 18:00:00 - Jarum,95.697685
2026-04-14 06:00:00 - Jarum,90.75598
2026-04-14 12:00:00 - Jarum,91.10732
2026-04-14 18:00:00 - Jarum,93.79583
2026-04-15 06:00:00 - Jarum,92.08924
2026-04-15 12:00:00 - Jarum,93.19249
2026-04-15 18:00:00 - Jarum,90.77047
2026-04-16 06:00:00 - Jarum,90.83811
2026-04-16 12:00:00 - Jarum,90.73403
2026-04-16 18:00:00 - Jarum,90.586235
2026-04-17 06:00:00 - Jarum,90.55866
2026-04-17 12:00:00 - Jarum,90.53234
2026-04-17 18:00:00 - Jarum,90.92764
2026-04-18 06:00:00 - Jarum,90.39326
2026-04-18 12:00:00 - Jarum,90.52801
2026-04-18 18:00:00 - Jarum,90.361176
2026-04-19 06:00:00 - Jarum,90.10431
2026-04-19 12:00:00 - Jarum,90.48085
2026-04-19 18:00:00 - Jarum,90.649414
2026-04-20 06:00:00 - Jarum,90.4228
2026-04-20 12:00:00 - Jarum,90.36303
2026-04-20 18:00:00 - Jarum,90.60323
2026-04-21 06:00:00 - Jarum,90.30858
2026-04-21 12:00:00 - Jarum,90.64238
2026-04-21 18:00:00 - Jarum,90.8625
2026-04-22 06:00:00 - Jarum,90.480125
2026-04-22 12:00:00 - Jarum,91.2949
2026-04-22 18:00:00 - Jarum,92.258415
2026-04-23 06:00:00 - Jarum,90.7758
2026-04-23 12:00:00 - Jarum,91.50968
2026-04-23 18:00:00 - Jarum,91.4857
2026-04-24 06:00:00 - Jarum,89.82736
2026-04-24 12:00:00 - Jarum,90.116035
2026-04-24 18:00:00 - Jarum,90.528015
2026-04-25 06:00:00 - Jarum,90.569595
2026-04-25 12:00:00 - Jarum,90.670845
2026-04-25 18:00:00 - Jarum,90.405365
2026-04-26 06:00:00 - Jarum,90.36558
2026-04-26 12:00:00 - Jarum,91.20528
2026-04-26 18:00:00 - Jarum,90.264
2026-04-27 06:00:00 - Jarum,90.38618
2026-04-27 12:00:00 - Jarum,90.37436
2026-04-27 18:00:00 - Jarum,90.51873
2026-04-28 06:00:00 - Jarum,90.52933
2026-04-28 12:00:00 - Jarum,90.67645
2026-04-28 18:00:00 - Jarum,90.75304
2026-04-29 06:00:00 - Jarum,90.37551
2026-04-29 12:00:00 - Jarum,90.26178
2026-04-29 18:00:00 - Jarum,90.675026
2026-04-30 06:00:00 - Jarum,90.76597
2026-04-30 12:00:00 - Jarum,90.857506
2026-04-30 18:00:00 - Jarum,91.09416
2026-05-01 06:00:00 - Jarum,91.01151
2026-05-01 12:00:00 - Jarum,90.891174
2026-05-01 18:00:00 - Jarum,90.40782
2026-05-02 06:00:00 - Jarum,90.496155
2026-05-02 12:00:00 - Jarum,90.52803
2026-05-02 18:00:00 - Jarum,90.52022
2026-05-03 06:00:00 - Jarum,90.572174
2026-05-03 12:00:00 - Jarum,90.59156
2026-05-03 18:00:00 - Jarum,90.63807
2026-05-04 06:00:00 - Jarum,90.631905
2026-05-04 12:00:00 - Jarum,90.66355
2026-05-04 18:00:00 - Jarum,90.73364
2026-05-05 06:00:00 - Jarum,90.66079
2026-05-05 12:00:00 - Jarum,90.62786
2026-05-05 18:00:00 - Jarum,90.39283
2026-05-06 06:00:00 - Jarum,90.333015
2026-05-06 12:00:00 - Jarum,90.38479
2026-05-06 18:00:00 - Jarum,90.50458
2026-05-07 06:00:00 - Jarum,90.40832
2026-05-07 12:00:00 - Jarum,90.30929
2026-05-07 18:00:00 - Jarum,90.369484
2026-05-08 06:00:00 - Jarum,90.339066
2026-05-08 12:00:00 - Jarum,90.360306
2026-05-08 18:00:00 - Jarum,90.333496
2026-05-09 06:00:00 - Jarum,90.363235
2026-05-09 12:00:00 - Jarum,90.36348
2026-05-09 18:00:00 - Jarum,90.40814
2026-05-10 06:00:00 - Jarum,90.33169
2026-05-10 12:00:00 - Jarum,90.35087
2026-05-10 18:00:00 - Jarum,90.3042
2026-05-11 06:00:00 - Jarum,90.31188
2026-05-11 12:00:00 - Jarum,90.34352
2026-05-11 18:00:00 - Jarum,90.25451
2026-05-12 06:00:00 - Jarum,90.26512
2026-05-12 12:00:00 - Jarum,90.30841
2026-05-12 18:00:00 - Jarum,90.47193
2026-05-13 06:00:00 - Jarum,90.40002
2026-05-13 12:00:00 - Jarum,90.44988
2026-05-13 18:00:00 - Jarum,90.42147
2026-05-14 06:00:00 - Jarum,90.31658
2026-05-14 12:00:00 - Jarum,90.290794
2026-05-14 18:00:00 - Jarum,90.31016
2026-05-15 06:00:00 - Jarum,90.31201
2026-05-15 12:00:00 - Jarum,90.368225
2026-05-15 18:00:00 - Jarum,90.55389
2026-05-16 06:00:00 - Jarum,90.3663
2026-05-16 12:00:00 - Jarum,90.56908
2026-05-16 18:00:00 - Jarum,90.75421
2026-05-17 06:00:00 - Jarum,90.69909
2026-05-17 12:00:00 - Jarum,91.14795
2026-05-17 18:00:00 - Jarum,90.774826
2026-05-18 06:00:00 - Jarum,90.424934
2026-05-18 12:00:00 - Jarum,90.44181
2026-05-18 18:00:00 - Jarum,90.438126
2025-09-19 06:00:00 - Jurug,78.24814
2025-09-19 12:00:00 - Jurug,78.31348
2025-09-19 18:00:00 - Jurug,78.296585
2025-09-20 06:00:00 - Jurug,78.49784
2025-09-20 12:00:00 - Jurug,78.23419
2025-09-20 18:00:00 - Jurug,77.98411
2025-09-21 06:00:00 - Jurug,78.364365
2025-09-21 12:00:00 - Jurug,78.2062
2025-09-21 18:00:00 - Jurug,78.17013
2025-09-22 06:00:00 - Jurug,78.39432
2025-09-22 12:00:00 - Jurug,78.27804
2025-09-22 18:00:00 - Jurug,78.24321
2025-09-23 06:00:00 - Jurug,78.12991
2025-09-23 12:00:00 - Jurug,78.078705
2025-09-23 18:00:00 - Jurug,77.96306
2025-09-24 06:00:00 - Jurug,78.16394
2025-09-24 12:00:00 - Jurug,77.98888
2025-09-24 18:00:00 - Jurug,78.16618
2025-09-25 06:00:00 - Jurug,78.26119
2025-09-25 12:00:00 - Jurug,77.96802
2025-09-25 18:00:00 - Jurug,77.87671
2025-09-26 06:00:00 - Jurug,78.23778
2025-09-26 12:00:00 - Jurug,77.995316
2025-09-26 18:00:00 - Jurug,77.886475
2025-09-27 06:00:00 - Jurug,78.180504
2025-09-27 12:00:00 - Jurug,77.80677
2025-09-27 18:00:00 - Jurug,78.222694
2025-09-28 06:00:00 - Jurug,78.097084
2025-09-28 12:00:00 - Jurug,77.79185
2025-09-28 18:00:00 - Jurug,78.63324
2025-09-29 06:00:00 - Jurug,78.2197
2025-09-29 12:00:00 - Jurug,77.95937
2025-09-29 18:00:00 - Jurug,78.15647
2025-09-30 06:00:00 - Jurug,78.23604
2025-09-30 12:00:00 - Jurug,78.21035
2025-09-30 18:00:00 - Jurug,78.2491
2025-10-01 06:00:00 - Jurug,78.39135
2025-10-01 12:00:00 - Jurug,78.08716
2025-10-01 18:00:00 - Jurug,78.24909
2025-10-02 06:00:00 - Jurug,78.680115
2025-10-02 12:00:00 - Jurug,78.35152
2025-10-02 18:00:00 - Jurug,78.114494
2025-10-03 06:00:00 - Jurug,78.560425
2025-10-03 12:00:00 - Jurug,78.347946
2025-10-03 18:00:00 - Jurug,78.33318
2025-10-04 06:00:00 - Jurug,78.26569
2025-10-04 12:00:00 - Jurug,78.2382
2025-10-04 18:00:00 - Jurug,77.85839
2025-10-05 06:00:00 - Jurug,78.18694
2025-10-05 12:00:00 - Jurug,78.16347
2025-10-05 18:00:00 - Jurug,79.087
2025-10-06 06:00:00 - Jurug,78.47365
2025-10-06 12:00:00 - Jurug,78.25095
2025-10-06 18:00:00 - Jurug,78.44682
2025-10-07 06:00:00 - Jurug,78.20489
2025-10-07 12:00:00 - Jurug,77.8369
2025-10-07 18:00:00 - Jurug,77.725876
2025-10-08 06:00:00 - Jurug,78.09021
2025-10-08 12:00:00 - Jurug,77.76557
2025-10-08 18:00:00 - Jurug,77.80739
2025-10-09 06:00:00 - Jurug,78.09624
2025-10-09 12:00:00 - Jurug,77.92392
2025-10-09 18:00:00 - Jurug,78.01452
2025-10-10 06:00:00 - Jurug,78.15852
2025-10-10 12:00:00 - Jurug,78.10167
2025-10-10 18:00:00 - Jurug,78.12151
2025-10-11 06:00:00 - Jurug,78.14618
2025-10-11 12:00:00 - Jurug,78.05963
2025-10-11 18:00:00 - Jurug,77.86359
2025-10-12 06:00:00 - Jurug,78.04232
2025-10-12 12:00:00 - Jurug,77.80314
2025-10-12 18:00:00 - Jurug,77.8397
2025-10-13 06:00:00 - Jurug,78.188675
2025-10-13 12:00:00 - Jurug,77.78236
2025-10-13 18:00:00 - Jurug,77.82518
2025-10-14 06:00:00 - Jurug,78.28181
2025-10-14 12:00:00 - Jurug,77.792046
2025-10-14 18:00:00 - Jurug,77.8925
2025-10-15 06:00:00 - Jurug,78.10953
2025-10-15 12:00:00 - Jurug,77.63135
2025-10-15 18:00:00 - Jurug,77.76967
2025-10-16 06:00:00 - Jurug,78.10675
2025-10-16 12:00:00 - Jurug,77.659515
2025-10-16 18:00:00 - Jurug,77.71597
2025-10-17 06:00:00 - Jurug,77.99463
2025-10-17 12:00:00 - Jurug,77.706345
2025-10-17 18:00:00 - Jurug,77.80683
2025-10-18 06:00:00 - Jurug,78.04906
2025-10-18 12:00:00 - Jurug,77.78402
2025-10-18 18:00:00 - Jurug,77.812126
2025-10-19 06:00:00 - Jurug,78.22581
2025-10-19 12:00:00 - Jurug,77.76942
2025-10-19 18:00:00 - Jurug,78.01534
2025-10-20 06:00:00 - Jurug,78.2331
2025-10-20 12:00:00 - Jurug,77.583435
2025-10-20 18:00:00 - Jurug,77.90368
2025-10-21 06:00:00 - Jurug,78.5215
2025-10-21 12:00:00 - Jurug,78.44523
2025-10-21 18:00:00 - Jurug,78.60782
2025-10-22 06:00:00 - Jurug,79.42149
2025-10-22 12:00:00 - Jurug,79.01093
2025-10-22 18:00:00 - Jurug,79.066635
2025-10-23 06:00:00 - Jurug,80.493904
2025-10-23 12:00:00 - Jurug,79.6849
2025-10-23 18:00:00 - Jurug,79.67573
2025-10-24 06:00:00 - Jurug,80.23648
2025-10-24 12:00:00 - Jurug,79.62767
2025-10-24 18:00:00 - Jurug,79.818886
2025-10-25 06:00:00 - Jurug,80.51993
2025-10-25 12:00:00 - Jurug,80.16968
2025-10-25 18:00:00 - Jurug,80.00794
2025-10-26 06:00:00 - Jurug,79.670235
2025-10-26 12:00:00 - Jurug,79.351685
2025-10-26 18:00:00 - Jurug,79.452995
2025-10-27 06:00:00 - Jurug,80.1628
2025-10-27 12:00:00 - Jurug,79.380165
2025-10-27 18:00:00 - Jurug,79.28766
2025-10-28 06:00:00 - Jurug,79.49122
2025-10-28 12:00:00 - Jurug,79.453575
2025-10-28 18:00:00 - Jurug,79.733734
2025-10-29 06:00:00 - Jurug,81.18064
2025-10-29 12:00:00 - Jurug,80.63632
2025-10-29 18:00:00 - Jurug,80.262215
2025-10-30 06:00:00 - Jurug,80.02309
2025-10-30 12:00:00 - Jurug,79.72419
2025-10-30 18:00:00 - Jurug,79.50927
2025-10-31 06:00:00 - Jurug,79.35356
2025-10-31 12:00:00 - Jurug,79.61023
2025-10-31 18:00:00 - Jurug,79.76873
2025-11-01 06:00:00 - Jurug,80.33247
2025-11-01 12:00:00 - Jurug,80.00537
2025-11-01 18:00:00 - Jurug,79.967705
2025-11-02 06:00:00 - Jurug,80.18184
2025-11-02 12:00:00 - Jurug,79.80935
2025-11-02 18:00:00 - Jurug,79.17938
2025-11-03 06:00:00 - Jurug,79.39522
2025-11-03 12:00:00 - Jurug,79.06499
2025-11-03 18:00:00 - Jurug,79.5439
2025-11-04 06:00:00 - Jurug,81.051216
2025-11-04 12:00:00 - Jurug,80.60376
2025-11-04 18:00:00 - Jurug,80.46585
2025-11-05 06:00:00 - Jurug,80.880226
2025-11-05 12:00:00 - Jurug,80.17688
2025-11-05 18:00:00 - Jurug,80.84455
2025-11-06 06:00:00 - Jurug,81.61403
2025-11-06 12:00:00 - Jurug,80.88759
2025-11-06 18:00:00 - Jurug,80.78844
2025-11-07 06:00:00 - Jurug,81.20388
2025-11-07 12:00:00 - Jurug,80.367744
2025-11-07 18:00:00 - Jurug,80.232445
2025-11-08 06:00:00 - Jurug,80.22076
2025-11-08 12:00:00 - Jurug,80.132866
2025-11-08 18:00:00 - Jurug,80.29391
2025-11-09 06:00:00 - Jurug,80.5495
2025-11-09 12:00:00 - Jurug,80.77343
2025-11-09 18:00:00 - Jurug,80.64915
2025-11-10 06:00:00 - Jurug,81.39784
2025-11-10 12:00:00 - Jurug,80.66656
2025-11-10 18:00:00 - Jurug,80.74415
2025-11-11 06:00:00 - Jurug,81.489174
2025-11-11 12:00:00 - Jurug,80.82419
2025-11-11 18:00:00 - Jurug,80.60496
2025-11-12 06:00:00 - Jurug,81.4165
2025-11-12 12:00:00 - Jurug,81.0335
2025-11-12 18:00:00 - Jurug,80.76184
2025-11-13 06:00:00 - Jurug,81.08227
2025-11-13 12:00:00 - Jurug,80.71764
2025-11-13 18:00:00 - Jurug,80.56091
2025-11-14 06:00:00 - Jurug,81.019196
2025-11-14 12:00:00 - Jurug,80.416466
2025-11-14 18:00:00 - Jurug,80.511635
2025-11-15 06:00:00 - Jurug,80.743454
2025-11-15 12:00:00 - Jurug,80.58721
2025-11-15 18:00:00 - Jurug,80.35712
2025-11-16 06:00:00 - Jurug,80.25261
2025-11-16 12:00:00 - Jurug,80.25419
2025-11-16 18:00:00 - Jurug,80.93699
2025-11-17 06:00:00 - Jurug,81.34985
2025-11-17 12:00:00 - Jurug,80.57473
2025-11-17 18:00:00 - Jurug,80.582535
2025-11-18 06:00:00 - Jurug,80.83737
2025-11-18 12:00:00 - Jurug,80.37063
2025-11-18 18:00:00 - Jurug,80.59353
2025-11-19 06:00:00 - Jurug,81.27057
2025-11-19 12:00:00 - Jurug,80.50854
2025-11-19 18:00:00 - Jurug,80.65932
2025-11-20 06:00:00 - Jurug,81.23095
2025-11-20 12:00:00 - Jurug,80.602905
2025-11-20 18:00:00 - Jurug,80.330734
2025-11-21 06:00:00 - Jurug,80.84838
2025-11-21 12:00:00 - Jurug,80.241104
2025-11-21 18:00:00 - Jurug,81.10712
2025-11-22 06:00:00 - Jurug,81.3785
2025-11-22 12:00:00 - Jurug,80.456375
2025-11-22 18:00:00 - Jurug,79.68885
2025-11-23 06:00:00 - Jurug,76.74634
2025-11-23 12:00:00 - Jurug,79.35925
2025-11-23 18:00:00 - Jurug,79.79193
2025-11-24 06:00:00 - Jurug,80.71355
2025-11-24 12:00:00 - Jurug,80.72725
2025-11-24 18:00:00 - Jurug,80.08239
2025-11-25 06:00:00 - Jurug,76.95878
2025-11-25 12:00:00 - Jurug,79.22742
2025-11-25 18:00:00 - Jurug,78.980995
2025-11-26 06:00:00 - Jurug,76.62731
2025-11-26 12:00:00 - Jurug,76.91041
2025-11-26 18:00:00 - Jurug,79.181244
2025-11-27 06:00:00 - Jurug,79.06941
2025-11-27 12:00:00 - Jurug,78.92071
2025-11-27 18:00:00 - Jurug,78.92156
2025-11-28 06:00:00 - Jurug,78.9413
2025-11-28 12:00:00 - Jurug,78.957115
2025-11-28 18:00:00 - Jurug,78.80457
2025-11-29 06:00:00 - Jurug,78.89691
2025-11-29 12:00:00 - Jurug,78.81843
2025-11-29 18:00:00 - Jurug,78.82524
2025-11-30 06:00:00 - Jurug,78.8379
2025-11-30 12:00:00 - Jurug,78.78996
2025-11-30 18:00:00 - Jurug,78.74203
2025-12-01 06:00:00 - Jurug,78.956856
2025-12-01 12:00:00 - Jurug,79.1559
2025-12-01 18:00:00 - Jurug,79.08406
2025-12-02 06:00:00 - Jurug,78.83445
2025-12-02 12:00:00 - Jurug,78.71163
2025-12-02 18:00:00 - Jurug,78.81874
2025-12-03 06:00:00 - Jurug,79.09281
2025-12-03 12:00:00 - Jurug,79.62389
2025-12-03 18:00:00 - Jurug,79.55671
2025-12-04 06:00:00 - Jurug,79.7383
2025-12-04 12:00:00 - Jurug,79.64047
2025-12-04 18:00:00 - Jurug,79.32952
2025-12-05 06:00:00 - Jurug,79.41735
2025-12-05 12:00:00 - Jurug,79.110405
2025-12-05 18:00:00 - Jurug,79.5338
2025-12-06 06:00:00 - Jurug,80.086876
2025-12-06 12:00:00 - Jurug,79.848015
2025-12-06 18:00:00 - Jurug,80.05501
2025-12-07 06:00:00 - Jurug,79.88498
2025-12-07 12:00:00 - Jurug,79.544014
2025-12-07 18:00:00 - Jurug,79.39641
2025-12-08 06:00:00 - Jurug,79.87992
2025-12-08 12:00:00 - Jurug,80.64437
2025-12-08 18:00:00 - Jurug,79.64038
2025-12-09 06:00:00 - Jurug,79.69187
2025-12-09 12:00:00 - Jurug,79.455666
2025-12-09 18:00:00 - Jurug,79.40006
2025-12-10 06:00:00 - Jurug,79.061325
2025-12-10 12:00:00 - Jurug,78.923935
2025-12-10 18:00:00 - Jurug,78.85696
2025-12-11 06:00:00 - Jurug,79.11469
2025-12-11 12:00:00 - Jurug,78.965515
2025-12-11 18:00:00 - Jurug,79.71088
2025-12-12 06:00:00 - Jurug,78.74655
2025-12-12 12:00:00 - Jurug,78.643684
2025-12-12 18:00:00 - Jurug,78.23919
2025-12-13 06:00:00 - Jurug,78.62691
2025-12-13 12:00:00 - Jurug,78.53601
2025-12-13 18:00:00 - Jurug,78.15994
2025-12-14 06:00:00 - Jurug,78.691666
2025-12-14 12:00:00 - Jurug,78.73872
2025-12-14 18:00:00 - Jurug,78.55018
2025-12-15 06:00:00 - Jurug,78.74588
2025-12-15 12:00:00 - Jurug,78.79648
2025-12-15 18:00:00 - Jurug,78.41336
2025-12-16 06:00:00 - Jurug,78.614044
2025-12-16 12:00:00 - Jurug,78.43469
2025-12-16 18:00:00 - Jurug,78.53808
2025-12-17 06:00:00 - Jurug,78.98643
2025-12-17 12:00:00 - Jurug,79.51996
2025-12-17 18:00:00 - Jurug,79.97619
2025-12-18 06:00:00 - Jurug,79.636505
2025-12-18 12:00:00 - Jurug,80.01289
2025-12-18 18:00:00 - Jurug,80.15334
2025-12-19 06:00:00 - Jurug,78.86716
2025-12-19 12:00:00 - Jurug,79.270226
2025-12-19 18:00:00 - Jurug,78.908424
2025-12-20 06:00:00 - Jurug,79.3851
2025-12-20 12:00:00 - Jurug,79.37529
2025-12-20 18:00:00 - Jurug,78.97026
2025-12-21 06:00:00 - Jurug,79.31353
2025-12-21 12:00:00 - Jurug,79.178635
2025-12-21 18:00:00 - Jurug,79.03717
2025-12-22 06:00:00 - Jurug,79.049286
2025-12-22 12:00:00 - Jurug,79.56411
2025-12-22 18:00:00 - Jurug,79.38178
2025-12-23 06:00:00 - Jurug,79.19321
2025-12-23 12:00:00 - Jurug,79.889206
2025-12-23 18:00:00 - Jurug,79.215515
2025-12-24 06:00:00 - Jurug,79.77667
2025-12-24 12:00:00 - Jurug,79.43707
2025-12-24 18:00:00 - Jurug,79.28686
2025-12-25 06:00:00 - Jurug,80.002045
2025-12-25 12:00:00 - Jurug,79.08402
2025-12-25 18:00:00 - Jurug,79.27644
2025-12-26 06:00:00 - Jurug,79.39101
2025-12-26 12:00:00 - Jurug,79.23893
2025-12-26 18:00:00 - Jurug,79.21365
2025-12-27 06:00:00 - Jurug,79.89914
2025-12-27 12:00:00 - Jurug,80.036476
2025-12-27 18:00:00 - Jurug,79.42291
2025-12-28 06:00:00 - Jurug,80.83925
2025-12-28 12:00:00 - Jurug,80.77793
2025-12-28 18:00:00 - Jurug,79.47278
2025-12-29 06:00:00 - Jurug,79.56632
2025-12-29 12:00:00 - Jurug,79.33548
2025-12-29 18:00:00 - Jurug,79.09021
2025-12-30 06:00:00 - Jurug,78.36366
2025-12-30 12:00:00 - Jurug,78.99535
2025-12-30 18:00:00 - Jurug,78.79976
2025-12-31 06:00:00 - Jurug,79.079544
2025-12-31 12:00:00 - Jurug,78.85156
2025-12-31 18:00:00 - Jurug,78.665695
2026-01-01 06:00:00 - Jurug,79.17793
2026-01-01 12:00:00 - Jurug,79.19174
2026-01-01 18:00:00 - Jurug,79.03069
2026-01-02 06:00:00 - Jurug,77.95851
2026-01-02 12:00:00 - Jurug,78.550995
2026-01-02 18:00:00 - Jurug,80.21471
2026-01-03 06:00:00 - Jurug,80.94692
2026-01-03 12:00:00 - Jurug,80.651184
2026-01-03 18:00:00 - Jurug,81.20831
2026-01-04 06:00:00 - Jurug,81.016785
2026-01-04 12:00:00 - Jurug,80.603195
2026-01-04 18:00:00 - Jurug,80.04758
2026-01-05 06:00:00 - Jurug,80.07848
2026-01-05 12:00:00 - Jurug,80.371346
2026-01-05 18:00:00 - Jurug,79.81989
2026-01-06 06:00:00 - Jurug,79.32913
2026-01-06 12:00:00 - Jurug,79.626625
2026-01-06 18:00:00 - Jurug,79.43828
2026-01-07 06:00:00 - Jurug,78.88443
2026-01-07 12:00:00 - Jurug,78.65847
2026-01-07 18:00:00 - Jurug,78.631096
2026-01-08 06:00:00 - Jurug,79.10348
2026-01-08 12:00:00 - Jurug,79.29414
2026-01-08 18:00:00 - Jurug,79.221466
2026-01-09 06:00:00 - Jurug,79.273705
2026-01-09 12:00:00 - Jurug,79.32933
2026-01-09 18:00:00 - Jurug,79.032875
2026-01-10 06:00:00 - Jurug,79.246254
2026-01-10 12:00:00 - Jurug,79.628716
2026-01-10 18:00:00 - Jurug,79.12076
2026-01-11 06:00:00 - Jurug,79.448296
2026-01-11 12:00:00 - Jurug,79.51462
2026-01-11 18:00:00 - Jurug,79.007416
2026-01-12 06:00:00 - Jurug,79.73653
2026-01-12 12:00:00 - Jurug,79.7088
2026-01-12 18:00:00 - Jurug,79.90296
2026-01-13 06:00:00 - Jurug,80.36472
2026-01-13 12:00:00 - Jurug,80.522095
2026-01-13 18:00:00 - Jurug,79.967896
2026-01-14 06:00:00 - Jurug,80.3954
2026-01-14 12:00:00 - Jurug,80.35993
2026-01-14 18:00:00 - Jurug,80.064125
2026-01-15 06:00:00 - Jurug,80.479866
2026-01-15 12:00:00 - Jurug,80.11826
2026-01-15 18:00:00 - Jurug,80.33484
2026-01-16 06:00:00 - Jurug,80.78541
2026-01-16 12:00:00 - Jurug,80.75531
2026-01-16 18:00:00 - Jurug,80.1428
2026-01-17 06:00:00 - Jurug,80.23477
2026-01-17 12:00:00 - Jurug,80.77724
2026-01-17 18:00:00 - Jurug,78.98848
2026-01-18 06:00:00 - Jurug,80.93935
2026-01-18 12:00:00 - Jurug,80.19047
2026-01-18 18:00:00 - Jurug,80.10237
2026-01-19 06:00:00 - Jurug,81.11339
2026-01-19 12:00:00 - Jurug,80.69129
2026-01-19 18:00:00 - Jurug,80.3587
2026-01-20 06:00:00 - Jurug,80.82086
2026-01-20 12:00:00 - Jurug,80.71569
2026-01-20 18:00:00 - Jurug,80.22416
2026-01-21 06:00:00 - Jurug,80.19857
2026-01-21 12:00:00 - Jurug,80.15306
2026-01-21 18:00:00 - Jurug,79.77999
2026-01-22 06:00:00 - Jurug,80.909096
2026-01-22 12:00:00 - Jurug,80.836136
2026-01-22 18:00:00 - Jurug,80.85336
2026-01-23 06:00:00 - Jurug,81.725784
2026-01-23 12:00:00 - Jurug,80.63982
2026-01-23 18:00:00 - Jurug,81.23493
2026-01-24 06:00:00 - Jurug,80.92935
2026-01-24 12:00:00 - Jurug,80.66731
2026-01-24 18:00:00 - Jurug,79.45737
2026-01-25 06:00:00 - Jurug,79.20929
2026-01-25 12:00:00 - Jurug,79.28974
2026-01-25 18:00:00 - Jurug,76.536736
2026-01-26 06:00:00 - Jurug,79.115814
2026-01-26 12:00:00 - Jurug,78.76406
2026-01-26 18:00:00 - Jurug,75.52015
2026-01-27 06:00:00 - Jurug,79.67977
2026-01-27 12:00:00 - Jurug,79.77225
2026-01-27 18:00:00 - Jurug,79.345535
2026-01-28 06:00:00 - Jurug,80.91634
2026-01-28 12:00:00 - Jurug,81.00245
2026-01-28 18:00:00 - Jurug,80.70942
2026-01-29 06:00:00 - Jurug,80.61064
2026-01-29 12:00:00 - Jurug,80.62236
2026-01-29 18:00:00 - Jurug,80.0786
2026-01-30 06:00:00 - Jurug,79.80106
2026-01-30 12:00:00 - Jurug,79.93223
2026-01-30 18:00:00 - Jurug,79.714905
2026-01-31 06:00:00 - Jurug,79.15653
2026-01-31 12:00:00 - Jurug,79.179344
2026-01-31 18:00:00 - Jurug,79.22261
2026-02-01 06:00:00 - Jurug,80.24931
2026-02-01 12:00:00 - Jurug,80.249054
2026-02-01 18:00:00 - Jurug,79.834885
2026-02-02 06:00:00 - Jurug,80.59207
2026-02-02 12:00:00 - Jurug,80.304474
2026-02-02 18:00:00 - Jurug,80.23347
2026-02-03 06:00:00 - Jurug,79.88743
2026-02-03 12:00:00 - Jurug,80.08817
2026-02-03 18:00:00 - Jurug,80.10245
2026-02-04 06:00:00 - Jurug,80.43681
2026-02-04 12:00:00 - Jurug,80.350494
2026-02-04 18:00:00 - Jurug,80.6444
2026-02-05 06:00:00 - Jurug,80.38513
2026-02-05 12:00:00 - Jurug,80.511505
2026-02-05 18:00:00 - Jurug,80.11131
2026-02-06 06:00:00 - Jurug,80.523315
2026-02-06 12:00:00 - Jurug,80.335594
2026-02-06 18:00:00 - Jurug,79.93356
2026-02-07 06:00:00 - Jurug,80.28976
2026-02-07 12:00:00 - Jurug,80.311195
2026-02-07 18:00:00 - Jurug,80.3269
2026-02-08 06:00:00 - Jurug,80.57112
2026-02-08 12:00:00 - Jurug,80.253044
2026-02-08 18:00:00 - Jurug,80.30231
2026-02-09 06:00:00 - Jurug,80.36665
2026-02-09 12:00:00 - Jurug,80.15226
2026-02-09 18:00:00 - Jurug,80.142075
2026-02-10 06:00:00 - Jurug,80.22792
2026-02-10 12:00:00 - Jurug,80.022865
2026-02-10 18:00:00 - Jurug,80.06081
2026-02-11 06:00:00 - Jurug,80.3611
2026-02-11 12:00:00 - Jurug,80.04665
2026-02-11 18:00:00 - Jurug,80.13849
2026-02-12 06:00:00 - Jurug,80.35656
2026-02-12 12:00:00 - Jurug,80.178116
2026-02-12 18:00:00 - Jurug,80.02836
2026-02-13 06:00:00 - Jurug,80.736305
2026-02-13 12:00:00 - Jurug,80.713745
2026-02-13 18:00:00 - Jurug,80.37104
2026-02-14 06:00:00 - Jurug,80.079994
2026-02-14 12:00:00 - Jurug,80.140366
2026-02-14 18:00:00 - Jurug,80.21177
2026-02-15 06:00:00 - Jurug,80.84753
2026-02-15 12:00:00 - Jurug,80.42458
2026-02-15 18:00:00 - Jurug,80.214836
2026-02-16 06:00:00 - Jurug,80.80752
2026-02-16 12:00:00 - Jurug,80.86542
2026-02-16 18:00:00 - Jurug,80.36963
2026-02-17 06:00:00 - Jurug,80.69122
2026-02-17 12:00:00 - Jurug,80.69592
2026-02-17 18:00:00 - Jurug,80.192154
2026-02-18 06:00:00 - Jurug,80.834465
2026-02-18 12:00:00 - Jurug,80.23869
2026-02-18 18:00:00 - Jurug,80.207855
2026-02-19 06:00:00 - Jurug,80.292404
2026-02-19 12:00:00 - Jurug,80.13227
2026-02-19 18:00:00 - Jurug,79.97033
2026-02-20 06:00:00 - Jurug,80.701164
2026-02-20 12:00:00 - Jurug,80.19171
2026-02-20 18:00:00 - Jurug,80.086266
2026-02-21 06:00:00 - Jurug,80.66725
2026-02-21 12:00:00 - Jurug,80.165245
2026-02-21 18:00:00 - Jurug,80.11111
2026-02-22 06:00:00 - Jurug,80.4957
2026-02-22 12:00:00 - Jurug,79.97571
2026-02-22 18:00:00 - Jurug,80.31122
2026-02-23 06:00:00 - Jurug,80.91077
2026-02-23 12:00:00 - Jurug,80.44276
2026-02-23 18:00:00 - Jurug,80.48518
2026-02-24 06:00:00 - Jurug,80.72964
2026-02-24 12:00:00 - Jurug,80.39488
2026-02-24 18:00:00 - Jurug,80.153336
2026-02-25 06:00:00 - Jurug,80.39526
2026-02-25 12:00:00 - Jurug,79.83
2026-02-25 18:00:00 - Jurug,79.621735
2026-02-26 06:00:00 - Jurug,79.80417
2026-02-26 12:00:00 - Jurug,79.849785
2026-02-26 18:00:00 - Jurug,79.18992
2026-02-27 06:00:00 - Jurug,76.86497
2026-02-27 12:00:00 - Jurug,79.50173
2026-02-27 18:00:00 - Jurug,79.31323
2026-02-28 06:00:00 - Jurug,79.61231
2026-02-28 12:00:00 - Jurug,78.69075
2026-02-28 18:00:00 - Jurug,78.943886
2026-03-01 06:00:00 - Jurug,80.27074
2026-03-01 12:00:00 - Jurug,80.196075
2026-03-01 18:00:00 - Jurug,79.42986
2026-03-02 06:00:00 - Jurug,79.383766
2026-03-02 12:00:00 - Jurug,79.621315
2026-03-02 18:00:00 - Jurug,79.915886
2026-03-03 06:00:00 - Jurug,80.87942
2026-03-03 12:00:00 - Jurug,80.44177
2026-03-03 18:00:00 - Jurug,80.09461
2026-03-04 06:00:00 - Jurug,80.70444
2026-03-04 12:00:00 - Jurug,80.20623
2026-03-04 18:00:00 - Jurug,79.9976
2026-03-05 06:00:00 - Jurug,80.75534
2026-03-05 12:00:00 - Jurug,80.29315
2026-03-05 18:00:00 - Jurug,79.80338
2026-03-06 06:00:00 - Jurug,79.50167
2026-03-06 12:00:00 - Jurug,79.76794
2026-03-06 18:00:00 - Jurug,79.68101
2026-03-07 06:00:00 - Jurug,79.29099
2026-03-07 12:00:00 - Jurug,79.632706
2026-03-07 18:00:00 - Jurug,79.459724
2026-03-08 06:00:00 - Jurug,79.62799
2026-03-08 12:00:00 - Jurug,79.93655
2026-03-08 18:00:00 - Jurug,79.37401
2026-03-09 06:00:00 - Jurug,79.21099
2026-03-09 12:00:00 - Jurug,79.17064
2026-03-09 18:00:00 - Jurug,79.12343
2026-03-10 06:00:00 - Jurug,79.63115
2026-03-10 12:00:00 - Jurug,79.45377
2026-03-10 18:00:00 - Jurug,79.37112
2026-03-11 06:00:00 - Jurug,76.698425
2026-03-11 12:00:00 - Jurug,79.44879
2026-03-11 18:00:00 - Jurug,79.31293
2026-03-12 06:00:00 - Jurug,76.77247
2026-03-12 12:00:00 - Jurug,76.55726
2026-03-12 18:00:00 - Jurug,78.76439
2026-03-13 06:00:00 - Jurug,78.60006
2026-03-13 12:00:00 - Jurug,78.997955
2026-03-13 18:00:00 - Jurug,79.078354
2026-03-14 06:00:00 - Jurug,78.897385
2026-03-14 12:00:00 - Jurug,79.1732
2026-03-14 18:00:00 - Jurug,78.8667
2026-03-15 06:00:00 - Jurug,79.29402
2026-03-15 12:00:00 - Jurug,79.115685
2026-03-15 18:00:00 - Jurug,79.16298
2026-03-16 06:00:00 - Jurug,79.79919
2026-03-16 12:00:00 - Jurug,79.56259
2026-03-16 18:00:00 - Jurug,79.58724
2026-03-17 06:00:00 - Jurug,79.85424
2026-03-17 12:00:00 - Jurug,79.6747
2026-03-17 18:00:00 - Jurug,79.92845
2026-03-18 06:00:00 - Jurug,80.010956
2026-03-18 12:00:00 - Jurug,80.009094
2026-03-18 18:00:00 - Jurug,79.599884
2026-03-19 06:00:00 - Jurug,76.9084
2026-03-19 12:00:00 - Jurug,76.85321
2026-03-19 18:00:00 - Jurug,78.95506
2026-03-20 06:00:00 - Jurug,79.01366
2026-03-20 12:00:00 - Jurug,78.64422
2026-03-20 18:00:00 - Jurug,78.35691
2026-03-21 06:00:00 - Jurug,76.817566
2026-03-21 12:00:00 - Jurug,79.27035
2026-03-21 18:00:00 - Jurug,79.17627
2026-03-22 06:00:00 - Jurug,76.78679
2026-03-22 12:00:00 - Jurug,79.518845
2026-03-22 18:00:00 - Jurug,79.50944
2026-03-23 06:00:00 - Jurug,79.15257
2026-03-23 12:00:00 - Jurug,79.30685
2026-03-23 18:00:00 - Jurug,79.254745
2026-03-24 06:00:00 - Jurug,76.76669
2026-03-24 12:00:00 - Jurug,79.45038
2026-03-24 18:00:00 - Jurug,79.89138
2026-03-25 06:00:00 - Jurug,79.40171
2026-03-25 12:00:00 - Jurug,79.32251
2026-03-25 18:00:00 - Jurug,79.64178
2026-03-26 06:00:00 - Jurug,79.6156
2026-03-26 12:00:00 - Jurug,79.53057
2026-03-26 18:00:00 - Jurug,79.71817
2026-03-27 06:00:00 - Jurug,80.15225
2026-03-27 12:00:00 - Jurug,79.755974
2026-03-27 18:00:00 - Jurug,79.67996
2026-03-28 06:00:00 - Jurug,80.052895
2026-03-28 12:00:00 - Jurug,80.16946
2026-03-28 18:00:00 - Jurug,80.19536
2026-03-29 06:00:00 - Jurug,81.0463
2026-03-29 12:00:00 - Jurug,80.78917
2026-03-29 18:00:00 - Jurug,80.30979
2026-03-30 06:00:00 - Jurug,80.09942
2026-03-30 12:00:00 - Jurug,79.937874
2026-03-30 18:00:00 - Jurug,79.91728
2026-03-31 06:00:00 - Jurug,80.125114
2026-03-31 12:00:00 - Jurug,80.12428
2026-03-31 18:00:00 - Jurug,79.96698
2026-04-01 06:00:00 - Jurug,80.16459
2026-04-01 12:00:00 - Jurug,80.0575
2026-04-01 18:00:00 - Jurug,79.69522
2026-04-02 06:00:00 - Jurug,77.23055
2026-04-02 12:00:00 - Jurug,76.997086
2026-04-02 18:00:00 - Jurug,77.05561
2026-04-03 06:00:00 - Jurug,79.80405
2026-04-03 12:00:00 - Jurug,78.635155
2026-04-03 18:00:00 - Jurug,79.20221
2026-04-04 06:00:00 - Jurug,79.44423
2026-04-04 12:00:00 - Jurug,79.57342
2026-04-04 18:00:00 - Jurug,78.621544
2026-04-05 06:00:00 - Jurug,79.88169
2026-04-05 12:00:00 - Jurug,79.56514
2026-04-05 18:00:00 - Jurug,79.53049
2026-04-06 06:00:00 - Jurug,79.04041
2026-04-06 12:00:00 - Jurug,79.2684
2026-04-06 18:00:00 - Jurug,79.28972
2026-04-07 06:00:00 - Jurug,78.980515
2026-04-07 12:00:00 - Jurug,78.90126
2026-04-07 18:00:00 - Jurug,79.00391
2026-04-08 06:00:00 - Jurug,79.05556
2026-04-08 12:00:00 - Jurug,79.12137
2026-04-08 18:00:00 - Jurug,79.23268
2026-04-09 06:00:00 - Jurug,79.112206
2026-04-09 12:00:00 - Jurug,79.13453
2026-04-09 18:00:00 - Jurug,79.23417
2026-04-10 06:00:00 - Jurug,79.57694
2026-04-10 12:00:00 - Jurug,79.31529
2026-04-10 18:00:00 - Jurug,79.20245
2026-04-11 06:00:00 - Jurug,79.73531
2026-04-11 12:00:00 - Jurug,79.61792
2026-04-11 18:00:00 - Jurug,79.95848
2026-04-12 06:00:00 - Jurug,79.947784
2026-04-12 12:00:00 - Jurug,79.81058
2026-04-12 18:00:00 - Jurug,79.80644
2026-04-13 06:00:00 - Jurug,79.595184
2026-04-13 12:00:00 - Jurug,79.54181
2026-04-13 18:00:00 - Jurug,79.45867
2026-04-14 06:00:00 - Jurug,76.6126
2026-04-14 12:00:00 - Jurug,79.1501
2026-04-14 18:00:00 - Jurug,79.178345
2026-04-15 06:00:00 - Jurug,75.25065
2026-04-15 12:00:00 - Jurug,79.20582
2026-04-15 18:00:00 - Jurug,76.1918
2026-04-16 06:00:00 - Jurug,78.697525
2026-04-16 12:00:00 - Jurug,78.59583
2026-04-16 18:00:00 - Jurug,78.52786
2026-04-17 06:00:00 - Jurug,78.71404
2026-04-17 12:00:00 - Jurug,78.66105
2026-04-17 18:00:00 - Jurug,78.69363
2026-04-18 06:00:00 - Jurug,78.39841
2026-04-18 12:00:00 - Jurug,78.46785
2026-04-18 18:00:00 - Jurug,78.63694
2026-04-19 06:00:00 - Jurug,78.55772
2026-04-19 12:00:00 - Jurug,78.41162
2026-04-19 18:00:00 - Jurug,78.58096
2026-04-20 06:00:00 - Jurug,78.24231
2026-04-20 12:00:00 - Jurug,78.3073
2026-04-20 18:00:00 - Jurug,78.471176
2026-04-21 06:00:00 - Jurug,78.539635
2026-04-21 12:00:00 - Jurug,78.63566
2026-04-21 18:00:00 - Jurug,78.564125
2026-04-22 06:00:00 - Jurug,78.84887
2026-04-22 12:00:00 - Jurug,78.78484
2026-04-22 18:00:00 - Jurug,78.78282
2026-04-23 06:00:00 - Jurug,79.36542
2026-04-23 12:00:00 - Jurug,79.02233
2026-04-23 18:00:00 - Jurug,79.11072
2026-04-24 06:00:00 - Jurug,78.67173
2026-04-24 12:00:00 - Jurug,78.610504
2026-04-24 18:00:00 - Jurug,78.5264
2026-04-25 06:00:00 - Jurug,78.87742
2026-04-25 12:00:00 - Jurug,78.8513
2026-04-25 18:00:00 - Jurug,78.7027
2026-04-26 06:00:00 - Jurug,78.72305
2026-04-26 12:00:00 - Jurug,78.71396
2026-04-26 18:00:00 - Jurug,78.51643
2026-04-27 06:00:00 - Jurug,78.68855
2026-04-27 12:00:00 - Jurug,78.73949
2026-04-27 18:00:00 - Jurug,78.58084
2026-04-28 06:00:00 - Jurug,78.79102
2026-04-28 12:00:00 - Jurug,78.78823
2026-04-28 18:00:00 - Jurug,76.23487
2026-04-29 06:00:00 - Jurug,78.74933
2026-04-29 12:00:00 - Jurug,79.13859
2026-04-29 18:00:00 - Jurug,78.718994
2026-04-30 06:00:00 - Jurug,78.72828
2026-04-30 12:00:00 - Jurug,78.4468
2026-04-30 18:00:00 - Jurug,78.00221
2026-05-01 06:00:00 - Jurug,79.621315
2026-05-01 12:00:00 - Jurug,79.3678
2026-05-01 18:00:00 - Jurug,79.045
2026-05-02 06:00:00 - Jurug,78.86925
2026-05-02 12:00:00 - Jurug,79.00281
2026-05-02 18:00:00 - Jurug,78.97536
2026-05-03 06:00:00 - Jurug,78.87219
2026-05-03 12:00:00 - Jurug,78.734375
2026-05-03 18:00:00 - Jurug,78.55213
2026-05-04 06:00:00 - Jurug,78.62896
2026-05-04 12:00:00 - Jurug,78.60075
2026-05-04 18:00:00 - Jurug,78.53029
2026-05-05 06:00:00 - Jurug,78.521675
2026-05-05 12:00:00 - Jurug,78.64389
2026-05-05 18:00:00 - Jurug,78.494865
2026-05-06 06:00:00 - Jurug,78.45052
2026-05-06 12:00:00 - Jurug,78.47057
2026-05-06 18:00:00 - Jurug,78.31425
2026-05-07 06:00:00 - Jurug,78.300644
2026-05-07 12:00:00 - Jurug,78.34922
2026-05-07 18:00:00 - Jurug,78.30628
2026-05-08 06:00:00 - Jurug,78.35951
2026-05-08 12:00:00 - Jurug,78.46671
2026-05-08 18:00:00 - Jurug,78.33135
2026-05-09 06:00:00 - Jurug,78.42062
2026-05-09 12:00:00 - Jurug,78.4161
2026-05-09 18:00:00 - Jurug,78.13229
2026-05-10 06:00:00 - Jurug,78.30183
2026-05-10 12:00:00 - Jurug,78.38005
2026-05-10 18:00:00 - Jurug,78.29603
2026-05-11 06:00:00 - Jurug,78.201775
2026-05-11 12:00:00 - Jurug,78.1585
2026-05-11 18:00:00 - Jurug,77.961624
2026-05-12 06:00:00 - Jurug,78.32568
2026-05-12 12:00:00 - Jurug,78.37784
2026-05-12 18:00:00 - Jurug,78.562744
2026-05-13 06:00:00 - Jurug,78.22593
2026-05-13 12:00:00 - Jurug,78.25532
2026-05-13 18:00:00 - Jurug,78.27309
2026-05-14 06:00:00 - Jurug,78.35031
2026-05-14 12:00:00 - Jurug,78.384026
2026-05-14 18:00:00 - Jurug,78.354576
2026-05-15 06:00:00 - Jurug,78.30397
2026-05-15 12:00:00 - Jurug,78.45916
2026-05-15 18:00:00 - Jurug,78.44331
2026-05-16 06:00:00 - Jurug,78.43855
2026-05-16 12:00:00 - Jurug,78.53766
2026-05-16 18:00:00 - Jurug,78.61451
2026-05-17 06:00:00 - Jurug,78.584656
2026-05-17 12:00:00 - Jurug,78.66476
2026-05-17 18:00:00 - Jurug,78.57279
2026-05-18 06:00:00 - Jurug,78.23711
2026-05-18 12:00:00 - Jurug,78.49182
2026-05-18 18:00:00 - Jurug,78.57265
2025-09-19 06:00:00 - Kajangan,50.60468
2025-09-19 12:00:00 - Kajangan,50.630596
2025-09-19 18:00:00 - Kajangan,50.452274
2025-09-20 06:00:00 - Kajangan,50.43698
2025-09-20 12:00:00 - Kajangan,50.35376
2025-09-20 18:00:00 - Kajangan,50.369904
2025-09-21 06:00:00 - Kajangan,50.227165
2025-09-21 12:00:00 - Kajangan,50.310577
2025-09-21 18:00:00 - Kajangan,50.215256
2025-09-22 06:00:00 - Kajangan,50.29755
2025-09-22 12:00:00 - Kajangan,50.340412
2025-09-22 18:00:00 - Kajangan,50.215145
2025-09-23 06:00:00 - Kajangan,50.320667
2025-09-23 12:00:00 - Kajangan,50.168236
2025-09-23 18:00:00 - Kajangan,50.224037
2025-09-24 06:00:00 - Kajangan,50.24741
2025-09-24 12:00:00 - Kajangan,50.132744
2025-09-24 18:00:00 - Kajangan,50.083775
2025-09-25 06:00:00 - Kajangan,50.244587
2025-09-25 12:00:00 - Kajangan,50.183117
2025-09-25 18:00:00 - Kajangan,50.194397
2025-09-26 06:00:00 - Kajangan,50.14493
2025-09-26 12:00:00 - Kajangan,50.025578
2025-09-26 18:00:00 - Kajangan,49.96259
2025-09-27 06:00:00 - Kajangan,50.05961
2025-09-27 12:00:00 - Kajangan,50.09337
2025-09-27 18:00:00 - Kajangan,50.039326
2025-09-28 06:00:00 - Kajangan,49.972477
2025-09-28 12:00:00 - Kajangan,50.077374
2025-09-28 18:00:00 - Kajangan,49.99224
2025-09-29 06:00:00 - Kajangan,49.975613
2025-09-29 12:00:00 - Kajangan,50.021687
2025-09-29 18:00:00 - Kajangan,49.93655
2025-09-30 06:00:00 - Kajangan,50.043022
2025-09-30 12:00:00 - Kajangan,50.084034
2025-09-30 18:00:00 - Kajangan,50.095795
2025-10-01 06:00:00 - Kajangan,50.14459
2025-10-01 12:00:00 - Kajangan,50.382126
2025-10-01 18:00:00 - Kajangan,50.26087
2025-10-02 06:00:00 - Kajangan,50.175064
2025-10-02 12:00:00 - Kajangan,50.502197
2025-10-02 18:00:00 - Kajangan,50.451572
2025-10-03 06:00:00 - Kajangan,50.311424
2025-10-03 12:00:00 - Kajangan,50.174168
2025-10-03 18:00:00 - Kajangan,50.31768
2025-10-04 06:00:00 - Kajangan,50.208736
2025-10-04 12:00:00 - Kajangan,50.272568
2025-10-04 18:00:00 - Kajangan,50.058556
2025-10-05 06:00:00 - Kajangan,50.10611
2025-10-05 12:00:00 - Kajangan,50.07579
2025-10-05 18:00:00 - Kajangan,50.024532
2025-10-06 06:00:00 - Kajangan,50.178646
2025-10-06 12:00:00 - Kajangan,50.071545
2025-10-06 18:00:00 - Kajangan,50.235203
2025-10-07 06:00:00 - Kajangan,50.150936
2025-10-07 12:00:00 - Kajangan,98.130745
2025-10-07 18:00:00 - Kajangan,50.014748
2025-10-08 06:00:00 - Kajangan,50.061527
2025-10-08 12:00:00 - Kajangan,50.12552
2025-10-08 18:00:00 - Kajangan,50.084583
2025-10-09 06:00:00 - Kajangan,50.104004
2025-10-09 12:00:00 - Kajangan,49.90845
2025-10-09 18:00:00 - Kajangan,49.96406
2025-10-10 06:00:00 - Kajangan,50.018417
2025-10-10 12:00:00 - Kajangan,49.892845
2025-10-10 18:00:00 - Kajangan,50.06073
2025-10-11 06:00:00 - Kajangan,50.031433
2025-10-11 12:00:00 - Kajangan,50.069424
2025-10-11 18:00:00 - Kajangan,50.128414
2025-10-12 06:00:00 - Kajangan,50.12958
2025-10-12 12:00:00 - Kajangan,50.078457
2025-10-12 18:00:00 - Kajangan,50.102364
2025-10-13 06:00:00 - Kajangan,50.048557
2025-10-13 12:00:00 - Kajangan,50.076847
2025-10-13 18:00:00 - Kajangan,49.998432
2025-10-14 06:00:00 - Kajangan,50.098328
2025-10-14 12:00:00 - Kajangan,50.020985
2025-10-14 18:00:00 - Kajangan,50.480194
2025-10-15 06:00:00 - Kajangan,50.121563
2025-10-15 12:00:00 - Kajangan,50.090397
2025-10-15 18:00:00 - Kajangan,50.119915
2025-10-16 06:00:00 - Kajangan,50.098473
2025-10-16 12:00:00 - Kajangan,49.961346
2025-10-16 18:00:00 - Kajangan,50.081367
2025-10-17 06:00:00 - Kajangan,50.054867
2025-10-17 12:00:00 - Kajangan,49.970604
2025-10-17 18:00:00 - Kajangan,49.916576
2025-10-18 06:00:00 - Kajangan,50.09143
2025-10-18 12:00:00 - Kajangan,50.0361
2025-10-18 18:00:00 - Kajangan,50.004246
2025-10-19 06:00:00 - Kajangan,49.983414
2025-10-19 12:00:00 - Kajangan,49.98854
2025-10-19 18:00:00 - Kajangan,49.97532
2025-10-20 06:00:00 - Kajangan,50.054245
2025-10-20 12:00:00 - Kajangan,49.997795
2025-10-20 18:00:00 - Kajangan,49.817528
2025-10-21 06:00:00 - Kajangan,50.17418
2025-10-21 12:00:00 - Kajangan,50.22915
2025-10-21 18:00:00 - Kajangan,50.508266
2025-10-22 06:00:00 - Kajangan,50.486492
2025-10-22 12:00:00 - Kajangan,50.3643
2025-10-22 18:00:00 - Kajangan,50.961918
2025-10-23 06:00:00 - Kajangan,51.674583
2025-10-23 12:00:00 - Kajangan,51.89422
2025-10-23 18:00:00 - Kajangan,51.32374
2025-10-24 06:00:00 - Kajangan,51.400555
2025-10-24 12:00:00 - Kajangan,51.38978
2025-10-24 18:00:00 - Kajangan,51.21242
2025-10-25 06:00:00 - Kajangan,51.849262
2025-10-25 12:00:00 - Kajangan,51.57458
2025-10-25 18:00:00 - Kajangan,51.518955
2025-10-26 06:00:00 - Kajangan,51.001553
2025-10-26 12:00:00 - Kajangan,50.829807
2025-10-26 18:00:00 - Kajangan,50.903122
2025-10-27 06:00:00 - Kajangan,50.65116
2025-10-27 12:00:00 - Kajangan,50.425797
2025-10-27 18:00:00 - Kajangan,50.620476
2025-10-28 06:00:00 - Kajangan,50.79046
2025-10-28 12:00:00 - Kajangan,51.491016
2025-10-28 18:00:00 - Kajangan,51.25819
2025-10-29 06:00:00 - Kajangan,52.036274
2025-10-29 12:00:00 - Kajangan,51.713997
2025-10-29 18:00:00 - Kajangan,51.815384
2025-10-30 06:00:00 - Kajangan,51.408287
2025-10-30 12:00:00 - Kajangan,51.235245
2025-10-30 18:00:00 - Kajangan,51.161076
2025-10-31 06:00:00 - Kajangan,50.749744
2025-10-31 12:00:00 - Kajangan,50.514633
2025-10-31 18:00:00 - Kajangan,50.649937
2025-11-01 06:00:00 - Kajangan,50.664238
2025-11-01 12:00:00 - Kajangan,50.9607
2025-11-01 18:00:00 - Kajangan,50.9428
2025-11-02 06:00:00 - Kajangan,50.650616
2025-11-02 12:00:00 - Kajangan,50.769527
2025-11-02 18:00:00 - Kajangan,50.82351
2025-11-03 06:00:00 - Kajangan,51.07233
2025-11-03 12:00:00 - Kajangan,51.01563
2025-11-03 18:00:00 - Kajangan,51.18146
2025-11-04 06:00:00 - Kajangan,51.659317
2025-11-04 12:00:00 - Kajangan,51.606205
2025-11-04 18:00:00 - Kajangan,52.089302
2025-11-05 06:00:00 - Kajangan,51.60646
2025-11-05 12:00:00 - Kajangan,51.59859
2025-11-05 18:00:00 - Kajangan,51.7682
2025-11-06 06:00:00 - Kajangan,51.90717
2025-11-06 12:00:00 - Kajangan,52.188877
2025-11-06 18:00:00 - Kajangan,51.763866
2025-11-07 06:00:00 - Kajangan,51.455585
2025-11-07 12:00:00 - Kajangan,51.071617
2025-11-07 18:00:00 - Kajangan,51.188522
2025-11-08 06:00:00 - Kajangan,51.484577
2025-11-08 12:00:00 - Kajangan,51.538452
2025-11-08 18:00:00 - Kajangan,51.30649
2025-11-09 06:00:00 - Kajangan,51.363045
2025-11-09 12:00:00 - Kajangan,51.420288
2025-11-09 18:00:00 - Kajangan,51.348625
2025-11-10 06:00:00 - Kajangan,51.75185
2025-11-10 12:00:00 - Kajangan,51.99032
2025-11-10 18:00:00 - Kajangan,51.94142
2025-11-11 06:00:00 - Kajangan,51.966385
2025-11-11 12:00:00 - Kajangan,51.916256
2025-11-11 18:00:00 - Kajangan,52.240913
2025-11-12 06:00:00 - Kajangan,52.854652
2025-11-12 12:00:00 - Kajangan,52.68314
2025-11-12 18:00:00 - Kajangan,52.96359
2025-11-13 06:00:00 - Kajangan,52.76932
2025-11-13 12:00:00 - Kajangan,52.66166
2025-11-13 18:00:00 - Kajangan,52.84692
2025-11-14 06:00:00 - Kajangan,53.06111
2025-11-14 12:00:00 - Kajangan,52.99834
2025-11-14 18:00:00 - Kajangan,52.31069
2025-11-15 06:00:00 - Kajangan,52.405235
2025-11-15 12:00:00 - Kajangan,52.325687
2025-11-15 18:00:00 - Kajangan,52.19165
2025-11-16 06:00:00 - Kajangan,51.599514
2025-11-16 12:00:00 - Kajangan,51.594807
2025-11-16 18:00:00 - Kajangan,51.529636
2025-11-17 06:00:00 - Kajangan,51.81796
2025-11-17 12:00:00 - Kajangan,51.845028
2025-11-17 18:00:00 - Kajangan,51.752743
2025-11-18 06:00:00 - Kajangan,51.93948
2025-11-18 12:00:00 - Kajangan,51.75378
2025-11-18 18:00:00 - Kajangan,52.21591
2025-11-19 06:00:00 - Kajangan,52.624535
2025-11-19 12:00:00 - Kajangan,52.85795
2025-11-19 18:00:00 - Kajangan,52.795013
2025-11-20 06:00:00 - Kajangan,52.555576
2025-11-20 12:00:00 - Kajangan,52.355553
2025-11-20 18:00:00 - Kajangan,52.43293
2025-11-21 06:00:00 - Kajangan,52.979843
2025-11-21 12:00:00 - Kajangan,52.56249
2025-11-21 18:00:00 - Kajangan,53.091156
2025-11-22 06:00:00 - Kajangan,53.179848
2025-11-22 12:00:00 - Kajangan,53.044407
2025-11-22 18:00:00 - Kajangan,52.56637
2025-11-23 06:00:00 - Kajangan,53.0501
2025-11-23 12:00:00 - Kajangan,53.008213
2025-11-23 18:00:00 - Kajangan,52.390644
2025-11-24 06:00:00 - Kajangan,52.959724
2025-11-24 12:00:00 - Kajangan,53.16398
2025-11-24 18:00:00 - Kajangan,53.206127
2025-11-25 06:00:00 - Kajangan,53.291782
2025-11-25 12:00:00 - Kajangan,53.17757
2025-11-25 18:00:00 - Kajangan,52.377995
2025-11-26 06:00:00 - Kajangan,52.18126
2025-11-26 12:00:00 - Kajangan,52.145313
2025-11-26 18:00:00 - Kajangan,52.323166
2025-11-27 06:00:00 - Kajangan,51.749474
2025-11-27 12:00:00 - Kajangan,51.60683
2025-11-27 18:00:00 - Kajangan,51.52343
2025-11-28 06:00:00 - Kajangan,51.47872
2025-11-28 12:00:00 - Kajangan,51.370174
2025-11-28 18:00:00 - Kajangan,51.188717
2025-11-29 06:00:00 - Kajangan,51.148426
2025-11-29 12:00:00 - Kajangan,51.161304
2025-11-29 18:00:00 - Kajangan,51.179604
2025-11-30 06:00:00 - Kajangan,51.092995
2025-11-30 12:00:00 - Kajangan,50.831184
2025-11-30 18:00:00 - Kajangan,50.827274
2025-12-01 06:00:00 - Kajangan,50.930515
2025-12-01 12:00:00 - Kajangan,51.013107
2025-12-01 18:00:00 - Kajangan,50.855236
2025-12-02 06:00:00 - Kajangan,51.038048
2025-12-02 12:00:00 - Kajangan,51.032578
2025-12-02 18:00:00 - Kajangan,50.994965
2025-12-03 06:00:00 - Kajangan,50.993538
2025-12-03 12:00:00 - Kajangan,51.0095
2025-12-03 18:00:00 - Kajangan,50.961693
2025-12-04 06:00:00 - Kajangan,50.81736
2025-12-04 12:00:00 - Kajangan,50.74084
2025-12-04 18:00:00 - Kajangan,51.263702
2025-12-05 06:00:00 - Kajangan,51.169704
2025-12-05 12:00:00 - Kajangan,51.322372
2025-12-05 18:00:00 - Kajangan,51.408382
2025-12-06 06:00:00 - Kajangan,51.491287
2025-12-06 12:00:00 - Kajangan,51.533367
2025-12-06 18:00:00 - Kajangan,51.62689
2025-12-07 06:00:00 - Kajangan,51.69119
2025-12-07 12:00:00 - Kajangan,51.75235
2025-12-07 18:00:00 - Kajangan,51.835136
2025-12-08 06:00:00 - Kajangan,51.828045
2025-12-08 12:00:00 - Kajangan,51.643665
2025-12-08 18:00:00 - Kajangan,51.675934
2025-12-09 06:00:00 - Kajangan,51.606346
2025-12-09 12:00:00 - Kajangan,52.49435
2025-12-09 18:00:00 - Kajangan,52.0681
2025-12-10 06:00:00 - Kajangan,51.960968
2025-12-10 12:00:00 - Kajangan,51.535534
2025-12-10 18:00:00 - Kajangan,52.03697
2025-12-11 06:00:00 - Kajangan,52.08447
2025-12-11 12:00:00 - Kajangan,52.174458
2025-12-11 18:00:00 - Kajangan,51.89647
2025-12-12 06:00:00 - Kajangan,51.230698
2025-12-12 12:00:00 - Kajangan,51.39497
2025-12-12 18:00:00 - Kajangan,51.243317
2025-12-13 06:00:00 - Kajangan,51.01079
2025-12-13 12:00:00 - Kajangan,50.651157
2025-12-13 18:00:00 - Kajangan,50.65448
2025-12-14 06:00:00 - Kajangan,50.86504
2025-12-14 12:00:00 - Kajangan,50.78774
2025-12-14 18:00:00 - Kajangan,50.78894
2025-12-15 06:00:00 - Kajangan,51.02083
2025-12-15 12:00:00 - Kajangan,50.96766
2025-12-15 18:00:00 - Kajangan,50.83336
2025-12-16 06:00:00 - Kajangan,50.768406
2025-12-16 12:00:00 - Kajangan,50.70424
2025-12-16 18:00:00 - Kajangan,49.931717
2025-12-17 06:00:00 - Kajangan,50.92228
2025-12-17 12:00:00 - Kajangan,50.863537
2025-12-17 18:00:00 - Kajangan,50.738945
2025-12-18 06:00:00 - Kajangan,50.74971
2025-12-18 12:00:00 - Kajangan,50.608704
2025-12-18 18:00:00 - Kajangan,50.52101
2025-12-19 06:00:00 - Kajangan,50.721466
2025-12-19 12:00:00 - Kajangan,50.921204
2025-12-19 18:00:00 - Kajangan,51.042217
2025-12-20 06:00:00 - Kajangan,50.57667
2025-12-20 12:00:00 - Kajangan,50.68139
2025-12-20 18:00:00 - Kajangan,50.63927
2025-12-21 06:00:00 - Kajangan,50.52908
2025-12-21 12:00:00 - Kajangan,50.6837
2025-12-21 18:00:00 - Kajangan,50.631603
2025-12-22 06:00:00 - Kajangan,50.868202
2025-12-22 12:00:00 - Kajangan,50.906685
2025-12-22 18:00:00 - Kajangan,51.004025
2025-12-23 06:00:00 - Kajangan,51.11807
2025-12-23 12:00:00 - Kajangan,51.184795
2025-12-23 18:00:00 - Kajangan,51.296593
2025-12-24 06:00:00 - Kajangan,51.46843
2025-12-24 12:00:00 - Kajangan,51.265
2025-12-24 18:00:00 - Kajangan,50.86738
2025-12-25 06:00:00 - Kajangan,50.65975
2025-12-25 12:00:00 - Kajangan,50.544987
2025-12-25 18:00:00 - Kajangan,50.523182
2025-12-26 06:00:00 - Kajangan,50.553806
2025-12-26 12:00:00 - Kajangan,50.61818
2025-12-26 18:00:00 - Kajangan,50.435413
2025-12-27 06:00:00 - Kajangan,50.779686
2025-12-27 12:00:00 - Kajangan,50.706936
2025-12-27 18:00:00 - Kajangan,50.63263
2025-12-28 06:00:00 - Kajangan,50.460243
2025-12-28 12:00:00 - Kajangan,50.46866
2025-12-28 18:00:00 - Kajangan,49.60941
2025-12-29 06:00:00 - Kajangan,50.68833
2025-12-29 12:00:00 - Kajangan,50.80238
2025-12-29 18:00:00 - Kajangan,50.90832
2025-12-30 06:00:00 - Kajangan,50.64761
2025-12-30 12:00:00 - Kajangan,50.73814
2025-12-30 18:00:00 - Kajangan,50.70462
2025-12-31 06:00:00 - Kajangan,50.766296
2025-12-31 12:00:00 - Kajangan,50.996002
2025-12-31 18:00:00 - Kajangan,51.206314
2026-01-01 06:00:00 - Kajangan,51.245174
2026-01-01 12:00:00 - Kajangan,51.35967
2026-01-01 18:00:00 - Kajangan,51.69439
2026-01-02 06:00:00 - Kajangan,51.98114
2026-01-02 12:00:00 - Kajangan,52.051075
2026-01-02 18:00:00 - Kajangan,51.392113
2026-01-03 06:00:00 - Kajangan,51.597313
2026-01-03 12:00:00 - Kajangan,52.68975
2026-01-03 18:00:00 - Kajangan,52.724663
2026-01-04 06:00:00 - Kajangan,52.416492
2026-01-04 12:00:00 - Kajangan,52.421326
2026-01-04 18:00:00 - Kajangan,52.19696
2026-01-05 06:00:00 - Kajangan,51.876553
2026-01-05 12:00:00 - Kajangan,51.650494
2026-01-05 18:00:00 - Kajangan,51.651196
2026-01-06 06:00:00 - Kajangan,51.244907
2026-01-06 12:00:00 - Kajangan,51.42302
2026-01-06 18:00:00 - Kajangan,50.73768
2026-01-07 06:00:00 - Kajangan,51.69771
2026-01-07 12:00:00 - Kajangan,51.501396
2026-01-07 18:00:00 - Kajangan,51.449276
2026-01-08 06:00:00 - Kajangan,51.32373
2026-01-08 12:00:00 - Kajangan,51.406384
2026-01-08 18:00:00 - Kajangan,51.547283
2026-01-09 06:00:00 - Kajangan,51.475216
2026-01-09 12:00:00 - Kajangan,51.537643
2026-01-09 18:00:00 - Kajangan,51.70767
2026-01-10 06:00:00 - Kajangan,51.93958
2026-01-10 12:00:00 - Kajangan,52.090714
2026-01-10 18:00:00 - Kajangan,52.763515
2026-01-11 06:00:00 - Kajangan,53.56513
2026-01-11 12:00:00 - Kajangan,53.589046
2026-01-11 18:00:00 - Kajangan,53.18607
2026-01-12 06:00:00 - Kajangan,53.289524
2026-01-12 12:00:00 - Kajangan,53.32398
2026-01-12 18:00:00 - Kajangan,52.941784
2026-01-13 06:00:00 - Kajangan,52.306274
2026-01-13 12:00:00 - Kajangan,52.51919
2026-01-13 18:00:00 - Kajangan,52.555172
2026-01-14 06:00:00 - Kajangan,52.586708
2026-01-14 12:00:00 - Kajangan,52.741722
2026-01-14 18:00:00 - Kajangan,53.197285
2026-01-15 06:00:00 - Kajangan,53.304676
2026-01-15 12:00:00 - Kajangan,52.94664
2026-01-15 18:00:00 - Kajangan,53.24005
2026-01-16 06:00:00 - Kajangan,52.926384
2026-01-16 12:00:00 - Kajangan,52.884815
2026-01-16 18:00:00 - Kajangan,52.740116
2026-01-17 06:00:00 - Kajangan,52.281128
2026-01-17 12:00:00 - Kajangan,51.978542
2026-01-17 18:00:00 - Kajangan,51.88081
2026-01-18 06:00:00 - Kajangan,52.205112
2026-01-18 12:00:00 - Kajangan,53.82176
2026-01-18 18:00:00 - Kajangan,54.08703
2026-01-19 06:00:00 - Kajangan,53.674057
2026-01-19 12:00:00 - Kajangan,53.36684
2026-01-19 18:00:00 - Kajangan,52.75368
2026-01-20 06:00:00 - Kajangan,53.282814
2026-01-20 12:00:00 - Kajangan,52.90229
2026-01-20 18:00:00 - Kajangan,51.763382
2026-01-21 06:00:00 - Kajangan,51.950634
2026-01-21 12:00:00 - Kajangan,51.794308
2026-01-21 18:00:00 - Kajangan,51.919804
2026-01-22 06:00:00 - Kajangan,52.04359
2026-01-22 12:00:00 - Kajangan,51.87858
2026-01-22 18:00:00 - Kajangan,51.8043
2026-01-23 06:00:00 - Kajangan,52.09565
2026-01-23 12:00:00 - Kajangan,52.386116
2026-01-23 18:00:00 - Kajangan,52.37587
2026-01-24 06:00:00 - Kajangan,53.671738
2026-01-24 12:00:00 - Kajangan,52.997375
2026-01-24 18:00:00 - Kajangan,52.493824
2026-01-25 06:00:00 - Kajangan,51.81709
2026-01-25 12:00:00 - Kajangan,51.62672
2026-01-25 18:00:00 - Kajangan,51.600754
2026-01-26 06:00:00 - Kajangan,51.37429
2026-01-26 12:00:00 - Kajangan,51.456253
2026-01-26 18:00:00 - Kajangan,51.541042
2026-01-27 06:00:00 - Kajangan,51.527657
2026-01-27 12:00:00 - Kajangan,51.7706
2026-01-27 18:00:00 - Kajangan,51.705887
2026-01-28 06:00:00 - Kajangan,52.289307
2026-01-28 12:00:00 - Kajangan,52.469074
2026-01-28 18:00:00 - Kajangan,52.47765
2026-01-29 06:00:00 - Kajangan,51.9524
2026-01-29 12:00:00 - Kajangan,52.075497
2026-01-29 18:00:00 - Kajangan,52.073444
2026-01-30 06:00:00 - Kajangan,51.56636
2026-01-30 12:00:00 - Kajangan,51.808846
2026-01-30 18:00:00 - Kajangan,51.076107
2026-01-31 06:00:00 - Kajangan,51.321705
2026-01-31 12:00:00 - Kajangan,51.531082
2026-01-31 18:00:00 - Kajangan,51.380672
2026-02-01 06:00:00 - Kajangan,51.6436
2026-02-01 12:00:00 - Kajangan,51.518494
2026-02-01 18:00:00 - Kajangan,51.49848
2026-02-02 06:00:00 - Kajangan,51.77547
2026-02-02 12:00:00 - Kajangan,51.860943
2026-02-02 18:00:00 - Kajangan,51.86834
2026-02-03 06:00:00 - Kajangan,52.035778
2026-02-03 12:00:00 - Kajangan,52.18522
2026-02-03 18:00:00 - Kajangan,52.1098
2026-02-04 06:00:00 - Kajangan,51.897785
2026-02-04 12:00:00 - Kajangan,52.09263
2026-02-04 18:00:00 - Kajangan,52.199577
2026-02-05 06:00:00 - Kajangan,52.08495
2026-02-05 12:00:00 - Kajangan,52.054688
2026-02-05 18:00:00 - Kajangan,52.185406
2026-02-06 06:00:00 - Kajangan,52.007423
2026-02-06 12:00:00 - Kajangan,52.134502
2026-02-06 18:00:00 - Kajangan,52.20978
2026-02-07 06:00:00 - Kajangan,51.925156
2026-02-07 12:00:00 - Kajangan,52.165543
2026-02-07 18:00:00 - Kajangan,51.957287
2026-02-08 06:00:00 - Kajangan,51.984917
2026-02-08 12:00:00 - Kajangan,51.920956
2026-02-08 18:00:00 - Kajangan,51.804665
2026-02-09 06:00:00 - Kajangan,52.016075
2026-02-09 12:00:00 - Kajangan,51.878906
2026-02-09 18:00:00 - Kajangan,52.138767
2026-02-10 06:00:00 - Kajangan,52.0537
2026-02-10 12:00:00 - Kajangan,51.973846
2026-02-10 18:00:00 - Kajangan,51.94066
2026-02-11 06:00:00 - Kajangan,52.249805
2026-02-11 12:00:00 - Kajangan,52.060913
2026-02-11 18:00:00 - Kajangan,52.035206
2026-02-12 06:00:00 - Kajangan,52.062485
2026-02-12 12:00:00 - Kajangan,52.03079
2026-02-12 18:00:00 - Kajangan,52.21778
2026-02-13 06:00:00 - Kajangan,52.937428
2026-02-13 12:00:00 - Kajangan,52.96162
2026-02-13 18:00:00 - Kajangan,52.475346
2026-02-14 06:00:00 - Kajangan,52.2233
2026-02-14 12:00:00 - Kajangan,52.161808
2026-02-14 18:00:00 - Kajangan,52.78623
2026-02-15 06:00:00 - Kajangan,52.78494
2026-02-15 12:00:00 - Kajangan,53.659927
2026-02-15 18:00:00 - Kajangan,53.49795
2026-02-16 06:00:00 - Kajangan,53.1092
2026-02-16 12:00:00 - Kajangan,53.533543
2026-02-16 18:00:00 - Kajangan,53.38216
2026-02-17 06:00:00 - Kajangan,52.786068
2026-02-17 12:00:00 - Kajangan,52.797752
2026-02-17 18:00:00 - Kajangan,52.473186
2026-02-18 06:00:00 - Kajangan,52.330284
2026-02-18 12:00:00 - Kajangan,52.118973
2026-02-18 18:00:00 - Kajangan,52.270866
2026-02-19 06:00:00 - Kajangan,52.7319
2026-02-19 12:00:00 - Kajangan,52.851845
2026-02-19 18:00:00 - Kajangan,52.656048
2026-02-20 06:00:00 - Kajangan,52.982883
2026-02-20 12:00:00 - Kajangan,52.840675
2026-02-20 18:00:00 - Kajangan,52.557346
2026-02-21 06:00:00 - Kajangan,52.391155
2026-02-21 12:00:00 - Kajangan,52.184948
2026-02-21 18:00:00 - Kajangan,52.24994
2026-02-22 06:00:00 - Kajangan,52.17376
2026-02-22 12:00:00 - Kajangan,52.20445
2026-02-22 18:00:00 - Kajangan,52.102203
2026-02-23 06:00:00 - Kajangan,53.108257
2026-02-23 12:00:00 - Kajangan,53.459045
2026-02-23 18:00:00 - Kajangan,53.240093
2026-02-24 06:00:00 - Kajangan,53.24473
2026-02-24 12:00:00 - Kajangan,53.173885
2026-02-24 18:00:00 - Kajangan,53.632954
2026-02-25 06:00:00 - Kajangan,52.760555
2026-02-25 12:00:00 - Kajangan,52.125076
2026-02-25 18:00:00 - Kajangan,52.02122
2026-02-26 06:00:00 - Kajangan,52.065952
2026-02-26 12:00:00 - Kajangan,51.832928
2026-02-26 18:00:00 - Kajangan,51.814888
2026-02-27 06:00:00 - Kajangan,51.72469
2026-02-27 12:00:00 - Kajangan,51.80174
2026-02-27 18:00:00 - Kajangan,51.461254
2026-02-28 06:00:00 - Kajangan,51.873116
2026-02-28 12:00:00 - Kajangan,51.740993
2026-02-28 18:00:00 - Kajangan,52.05
2026-03-01 06:00:00 - Kajangan,52.565388
2026-03-01 12:00:00 - Kajangan,52.621365
2026-03-01 18:00:00 - Kajangan,52.289585
2026-03-02 06:00:00 - Kajangan,52.11976
2026-03-02 12:00:00 - Kajangan,52.078335
2026-03-02 18:00:00 - Kajangan,52.28041
2026-03-03 06:00:00 - Kajangan,52.902306
2026-03-03 12:00:00 - Kajangan,52.57002
2026-03-03 18:00:00 - Kajangan,52.730606
2026-03-04 06:00:00 - Kajangan,52.969646
2026-03-04 12:00:00 - Kajangan,53.27669
2026-03-04 18:00:00 - Kajangan,53.08953
2026-03-05 06:00:00 - Kajangan,52.855545
2026-03-05 12:00:00 - Kajangan,52.89113
2026-03-05 18:00:00 - Kajangan,52.861187
2026-03-06 06:00:00 - Kajangan,52.605747
2026-03-06 12:00:00 - Kajangan,53.036167
2026-03-06 18:00:00 - Kajangan,52.83511
2026-03-07 06:00:00 - Kajangan,52.271416
2026-03-07 12:00:00 - Kajangan,52.460213
2026-03-07 18:00:00 - Kajangan,52.502506
2026-03-08 06:00:00 - Kajangan,52.671074
2026-03-08 12:00:00 - Kajangan,53.248817
2026-03-08 18:00:00 - Kajangan,53.185604
2026-03-09 06:00:00 - Kajangan,52.86572
2026-03-09 12:00:00 - Kajangan,52.88715
2026-03-09 18:00:00 - Kajangan,52.143852
2026-03-10 06:00:00 - Kajangan,51.924583
2026-03-10 12:00:00 - Kajangan,52.029728
2026-03-10 18:00:00 - Kajangan,51.811314
2026-03-11 06:00:00 - Kajangan,51.617428
2026-03-11 12:00:00 - Kajangan,51.620487
2026-03-11 18:00:00 - Kajangan,51.562977
2026-03-12 06:00:00 - Kajangan,51.272255
2026-03-12 12:00:00 - Kajangan,51.273052
2026-03-12 18:00:00 - Kajangan,51.228252
2026-03-13 06:00:00 - Kajangan,51.30959
2026-03-13 12:00:00 - Kajangan,51.419834
2026-03-13 18:00:00 - Kajangan,51.385128
2026-03-14 06:00:00 - Kajangan,51.143356
2026-03-14 12:00:00 - Kajangan,51.195286
2026-03-14 18:00:00 - Kajangan,51.220524
2026-03-15 06:00:00 - Kajangan,51.322308
2026-03-15 12:00:00 - Kajangan,51.51509
2026-03-15 18:00:00 - Kajangan,51.52346
2026-03-16 06:00:00 - Kajangan,51.543938
2026-03-16 12:00:00 - Kajangan,51.52145
2026-03-16 18:00:00 - Kajangan,51.4065
2026-03-17 06:00:00 - Kajangan,51.67595
2026-03-17 12:00:00 - Kajangan,51.75039
2026-03-17 18:00:00 - Kajangan,51.542416
2026-03-18 06:00:00 - Kajangan,51.295223
2026-03-18 12:00:00 - Kajangan,51.349895
2026-03-18 18:00:00 - Kajangan,51.071762
2026-03-19 06:00:00 - Kajangan,51.155537
2026-03-19 12:00:00 - Kajangan,51.227924
2026-03-19 18:00:00 - Kajangan,51.231464
2026-03-20 06:00:00 - Kajangan,51.226357
2026-03-20 12:00:00 - Kajangan,51.23009
2026-03-20 18:00:00 - Kajangan,51.341217
2026-03-21 06:00:00 - Kajangan,51.535877
2026-03-21 12:00:00 - Kajangan,51.53889
2026-03-21 18:00:00 - Kajangan,51.431385
2026-03-22 06:00:00 - Kajangan,51.454235
2026-03-22 12:00:00 - Kajangan,51.679474
2026-03-22 18:00:00 - Kajangan,51.615505
2026-03-23 06:00:00 - Kajangan,51.507675
2026-03-23 12:00:00 - Kajangan,51.45948
2026-03-23 18:00:00 - Kajangan,51.339535
2026-03-24 06:00:00 - Kajangan,51.432457
2026-03-24 12:00:00 - Kajangan,51.61477
2026-03-24 18:00:00 - Kajangan,51.34071
2026-03-25 06:00:00 - Kajangan,51.542755
2026-03-25 12:00:00 - Kajangan,51.795982
2026-03-25 18:00:00 - Kajangan,51.84252
2026-03-26 06:00:00 - Kajangan,51.711864
2026-03-26 12:00:00 - Kajangan,51.780823
2026-03-26 18:00:00 - Kajangan,51.808838
2026-03-27 06:00:00 - Kajangan,52.064575
2026-03-27 12:00:00 - Kajangan,52.088528
2026-03-27 18:00:00 - Kajangan,52.137386
2026-03-28 06:00:00 - Kajangan,52.300247
2026-03-28 12:00:00 - Kajangan,52.43384
2026-03-28 18:00:00 - Kajangan,52.166557
2026-03-29 06:00:00 - Kajangan,53.313187
2026-03-29 12:00:00 - Kajangan,53.298794
2026-03-29 18:00:00 - Kajangan,53.49235
2026-03-30 06:00:00 - Kajangan,53.299114
2026-03-30 12:00:00 - Kajangan,53.059433
2026-03-30 18:00:00 - Kajangan,53.240997
2026-03-31 06:00:00 - Kajangan,53.50967
2026-03-31 12:00:00 - Kajangan,52.610687
2026-03-31 18:00:00 - Kajangan,52.714222
2026-04-01 06:00:00 - Kajangan,51.854355
2026-04-01 12:00:00 - Kajangan,51.818764
2026-04-01 18:00:00 - Kajangan,51.84716
2026-04-02 06:00:00 - Kajangan,51.32022
2026-04-02 12:00:00 - Kajangan,51.22228
2026-04-02 18:00:00 - Kajangan,51.31106
2026-04-03 06:00:00 - Kajangan,51.82792
2026-04-03 12:00:00 - Kajangan,52.251648
2026-04-03 18:00:00 - Kajangan,52.530136
2026-04-04 06:00:00 - Kajangan,52.494728
2026-04-04 12:00:00 - Kajangan,52.48546
2026-04-04 18:00:00 - Kajangan,52.712303
2026-04-05 06:00:00 - Kajangan,52.486427
2026-04-05 12:00:00 - Kajangan,52.40936
2026-04-05 18:00:00 - Kajangan,52.75584
2026-04-06 06:00:00 - Kajangan,51.997738
2026-04-06 12:00:00 - Kajangan,51.846615
2026-04-06 18:00:00 - Kajangan,51.9368
2026-04-07 06:00:00 - Kajangan,51.89438
2026-04-07 12:00:00 - Kajangan,51.917774
2026-04-07 18:00:00 - Kajangan,52.034374
2026-04-08 06:00:00 - Kajangan,51.76348
2026-04-08 12:00:00 - Kajangan,51.819595
2026-04-08 18:00:00 - Kajangan,52.107822
2026-04-09 06:00:00 - Kajangan,51.99174
2026-04-09 12:00:00 - Kajangan,52.16622
2026-04-09 18:00:00 - Kajangan,52.19264
2026-04-10 06:00:00 - Kajangan,52.95969
2026-04-10 12:00:00 - Kajangan,53.17519
2026-04-10 18:00:00 - Kajangan,52.95546
2026-04-11 06:00:00 - Kajangan,53.108078
2026-04-11 12:00:00 - Kajangan,53.047752
2026-04-11 18:00:00 - Kajangan,53.239166
2026-04-12 06:00:00 - Kajangan,52.596863
2026-04-12 12:00:00 - Kajangan,53.06671
2026-04-12 18:00:00 - Kajangan,52.89193
2026-04-13 06:00:00 - Kajangan,52.771835
2026-04-13 12:00:00 - Kajangan,53.22178
2026-04-13 18:00:00 - Kajangan,52.79754
2026-04-14 06:00:00 - Kajangan,51.851868
2026-04-14 12:00:00 - Kajangan,51.853523
2026-04-14 18:00:00 - Kajangan,51.86776
2026-04-15 06:00:00 - Kajangan,52.081062
2026-04-15 12:00:00 - Kajangan,52.094368
2026-04-15 18:00:00 - Kajangan,51.884144
2026-04-16 06:00:00 - Kajangan,51.984802
2026-04-16 12:00:00 - Kajangan,51.790527
2026-04-16 18:00:00 - Kajangan,51.87265
2026-04-17 06:00:00 - Kajangan,51.62969
2026-04-17 12:00:00 - Kajangan,51.454624
2026-04-17 18:00:00 - Kajangan,51.436413
2026-04-18 06:00:00 - Kajangan,51.222713
2026-04-18 12:00:00 - Kajangan,51.001904
2026-04-18 18:00:00 - Kajangan,50.972305
2026-04-19 06:00:00 - Kajangan,50.884304
2026-04-19 12:00:00 - Kajangan,50.97952
2026-04-19 18:00:00 - Kajangan,51.05176
2026-04-20 06:00:00 - Kajangan,50.91444
2026-04-20 12:00:00 - Kajangan,50.981373
2026-04-20 18:00:00 - Kajangan,51.036324
2026-04-21 06:00:00 - Kajangan,51.10358
2026-04-21 12:00:00 - Kajangan,50.901184
2026-04-21 18:00:00 - Kajangan,50.936886
2026-04-22 06:00:00 - Kajangan,51.040695
2026-04-22 12:00:00 - Kajangan,51.27468
2026-04-22 18:00:00 - Kajangan,51.03303
2026-04-23 06:00:00 - Kajangan,51.763702
2026-04-23 12:00:00 - Kajangan,51.94542
2026-04-23 18:00:00 - Kajangan,52.2545
2026-04-24 06:00:00 - Kajangan,51.99268
2026-04-24 12:00:00 - Kajangan,51.706535
2026-04-24 18:00:00 - Kajangan,51.691593
2026-04-25 06:00:00 - Kajangan,51.429596
2026-04-25 12:00:00 - Kajangan,51.589195
2026-04-25 18:00:00 - Kajangan,51.345783
2026-04-26 06:00:00 - Kajangan,51.064747
2026-04-26 12:00:00 - Kajangan,51.09625
2026-04-26 18:00:00 - Kajangan,51.12054
2026-04-27 06:00:00 - Kajangan,50.908714
2026-04-27 12:00:00 - Kajangan,51.047985
2026-04-27 18:00:00 - Kajangan,51.20996
2026-04-28 06:00:00 - Kajangan,51.13184
2026-04-28 12:00:00 - Kajangan,51.213623
2026-04-28 18:00:00 - Kajangan,51.238976
2026-04-29 06:00:00 - Kajangan,50.9925
2026-04-29 12:00:00 - Kajangan,51.162544
2026-04-29 18:00:00 - Kajangan,51.176456
2026-04-30 06:00:00 - Kajangan,51.020317
2026-04-30 12:00:00 - Kajangan,51.08503
2026-04-30 18:00:00 - Kajangan,51.209602
2026-05-01 06:00:00 - Kajangan,51.166
2026-05-01 12:00:00 - Kajangan,51.261585
2026-05-01 18:00:00 - Kajangan,51.64467
2026-05-02 06:00:00 - Kajangan,51.09236
2026-05-02 12:00:00 - Kajangan,51.3371
2026-05-02 18:00:00 - Kajangan,51.441418
2026-05-03 06:00:00 - Kajangan,51.105602
2026-05-03 12:00:00 - Kajangan,51.19261
2026-05-03 18:00:00 - Kajangan,51.022835
2026-05-04 06:00:00 - Kajangan,51.39823
2026-05-04 12:00:00 - Kajangan,51.48158
2026-05-04 18:00:00 - Kajangan,51.75317
2026-05-05 06:00:00 - Kajangan,51.21925
2026-05-05 12:00:00 - Kajangan,51.2033
2026-05-05 18:00:00 - Kajangan,51.274567
2026-05-06 06:00:00 - Kajangan,50.971405
2026-05-06 12:00:00 - Kajangan,50.902073
2026-05-06 18:00:00 - Kajangan,51.008007
2026-05-07 06:00:00 - Kajangan,51.034748
2026-05-07 12:00:00 - Kajangan,51.14554
2026-05-07 18:00:00 - Kajangan,50.947674
2026-05-08 06:00:00 - Kajangan,50.893562
2026-05-08 12:00:00 - Kajangan,50.95655
2026-05-08 18:00:00 - Kajangan,50.9245
2026-05-09 06:00:00 - Kajangan,50.915592
2026-05-09 12:00:00 - Kajangan,50.932465
2026-05-09 18:00:00 - Kajangan,50.899715
2026-05-10 06:00:00 - Kajangan,50.812374
2026-05-10 12:00:00 - Kajangan,50.906628
2026-05-10 18:00:00 - Kajangan,50.869373
2026-05-11 06:00:00 - Kajangan,50.95577
2026-05-11 12:00:00 - Kajangan,50.958973
2026-05-11 18:00:00 - Kajangan,50.963238
2026-05-12 06:00:00 - Kajangan,50.871433
2026-05-12 12:00:00 - Kajangan,50.927685
2026-05-12 18:00:00 - Kajangan,50.81102
2026-05-13 06:00:00 - Kajangan,50.57567
2026-05-13 12:00:00 - Kajangan,50.60995
2026-05-13 18:00:00 - Kajangan,50.58332
2026-05-14 06:00:00 - Kajangan,50.36931
2026-05-14 12:00:00 - Kajangan,50.436962
2026-05-14 18:00:00 - Kajangan,50.439575
2026-05-15 06:00:00 - Kajangan,50.455776
2026-05-15 12:00:00 - Kajangan,50.525314
2026-05-15 18:00:00 - Kajangan,50.462517
2026-05-16 06:00:00 - Kajangan,50.40758
2026-05-16 12:00:00 - Kajangan,50.66554
2026-05-16 18:00:00 - Kajangan,50.649063
2026-05-17 06:00:00 - Kajangan,50.459206
2026-05-17 12:00:00 - Kajangan,50.49728
2026-05-17 18:00:00 - Kajangan,50.59853
2026-05-18 06:00:00 - Kajangan,50.29331
2026-05-18 12:00:00 - Kajangan,50.380783
2026-05-18 18:00:00 - Kajangan,50.57837
2025-09-19 06:00:00 - Kali Anyar - Kreteg Abang,85.981064
2025-09-19 12:00:00 - Kali Anyar - Kreteg Abang,86.13222
2025-09-19 18:00:00 - Kali Anyar - Kreteg Abang,86.23768
2025-09-20 06:00:00 - Kali Anyar - Kreteg Abang,85.938774
2025-09-20 12:00:00 - Kali Anyar - Kreteg Abang,86.11542
2025-09-20 18:00:00 - Kali Anyar - Kreteg Abang,85.98746
2025-09-21 06:00:00 - Kali Anyar - Kreteg Abang,86.06688
2025-09-21 12:00:00 - Kali Anyar - Kreteg Abang,86.07157
2025-09-21 18:00:00 - Kali Anyar - Kreteg Abang,86.07454
2025-09-22 06:00:00 - Kali Anyar - Kreteg Abang,86.17163
2025-09-22 12:00:00 - Kali Anyar - Kreteg Abang,86.21752
2025-09-22 18:00:00 - Kali Anyar - Kreteg Abang,85.80884
2025-09-23 06:00:00 - Kali Anyar - Kreteg Abang,86.19865
2025-09-23 12:00:00 - Kali Anyar - Kreteg Abang,86.1968
2025-09-23 18:00:00 - Kali Anyar - Kreteg Abang,84.80258
2025-09-24 06:00:00 - Kali Anyar - Kreteg Abang,86.22801
2025-09-24 12:00:00 - Kali Anyar - Kreteg Abang,86.257545
2025-09-24 18:00:00 - Kali Anyar - Kreteg Abang,85.53521
2025-09-25 06:00:00 - Kali Anyar - Kreteg Abang,86.217064
2025-09-25 12:00:00 - Kali Anyar - Kreteg Abang,85.57807
2025-09-25 18:00:00 - Kali Anyar - Kreteg Abang,84.72846
2025-09-26 06:00:00 - Kali Anyar - Kreteg Abang,86.326675
2025-09-26 12:00:00 - Kali Anyar - Kreteg Abang,86.16098
2025-09-26 18:00:00 - Kali Anyar - Kreteg Abang,86.05574
2025-09-27 06:00:00 - Kali Anyar - Kreteg Abang,86.25061
2025-09-27 12:00:00 - Kali Anyar - Kreteg Abang,84.756714
2025-09-27 18:00:00 - Kali Anyar - Kreteg Abang,84.629974
2025-09-28 06:00:00 - Kali Anyar - Kreteg Abang,86.161766
2025-09-28 12:00:00 - Kali Anyar - Kreteg Abang,85.395454
2025-09-28 18:00:00 - Kali Anyar - Kreteg Abang,86.4865
2025-09-29 06:00:00 - Kali Anyar - Kreteg Abang,86.18077
2025-09-29 12:00:00 - Kali Anyar - Kreteg Abang,86.37248
2025-09-29 18:00:00 - Kali Anyar - Kreteg Abang,86.06436
2025-09-30 06:00:00 - Kali Anyar - Kreteg Abang,86.00961
2025-09-30 12:00:00 - Kali Anyar - Kreteg Abang,85.996994
2025-09-30 18:00:00 - Kali Anyar - Kreteg Abang,86.21299
2025-10-01 06:00:00 - Kali Anyar - Kreteg Abang,86.02329
2025-10-01 12:00:00 - Kali Anyar - Kreteg Abang,85.97861
2025-10-01 18:00:00 - Kali Anyar - Kreteg Abang,86.54403
2025-10-02 06:00:00 - Kali Anyar - Kreteg Abang,86.0508
2025-10-02 12:00:00 - Kali Anyar - Kreteg Abang,86.029175
2025-10-02 18:00:00 - Kali Anyar - Kreteg Abang,86.04881
2025-10-03 06:00:00 - Kali Anyar - Kreteg Abang,86.06491
2025-10-03 12:00:00 - Kali Anyar - Kreteg Abang,86.027794
2025-10-03 18:00:00 - Kali Anyar - Kreteg Abang,86.09011
2025-10-04 06:00:00 - Kali Anyar - Kreteg Abang,86.20825
2025-10-04 12:00:00 - Kali Anyar - Kreteg Abang,86.14394
2025-10-04 18:00:00 - Kali Anyar - Kreteg Abang,84.73777
2025-10-05 06:00:00 - Kali Anyar - Kreteg Abang,86.13451
2025-10-05 12:00:00 - Kali Anyar - Kreteg Abang,86.10875
2025-10-05 18:00:00 - Kali Anyar - Kreteg Abang,85.244576
2025-10-06 06:00:00 - Kali Anyar - Kreteg Abang,86.15386
2025-10-06 12:00:00 - Kali Anyar - Kreteg Abang,86.26104
2025-10-06 18:00:00 - Kali Anyar - Kreteg Abang,84.484375
2025-10-07 06:00:00 - Kali Anyar - Kreteg Abang,86.058044
2025-10-07 12:00:00 - Kali Anyar - Kreteg Abang,84.123795
2025-10-07 18:00:00 - Kali Anyar - Kreteg Abang,84.00078
2025-10-08 06:00:00 - Kali Anyar - Kreteg Abang,85.94562
2025-10-08 12:00:00 - Kali Anyar - Kreteg Abang,85.418396
2025-10-08 18:00:00 - Kali Anyar - Kreteg Abang,85.04223
2025-10-09 06:00:00 - Kali Anyar - Kreteg Abang,85.996216
2025-10-09 12:00:00 - Kali Anyar - Kreteg Abang,85.906296
2025-10-09 18:00:00 - Kali Anyar - Kreteg Abang,85.21131
2025-10-10 06:00:00 - Kali Anyar - Kreteg Abang,85.95879
2025-10-10 12:00:00 - Kali Anyar - Kreteg Abang,85.82867
2025-10-10 18:00:00 - Kali Anyar - Kreteg Abang,85.704865
2025-10-11 06:00:00 - Kali Anyar - Kreteg Abang,85.967026
2025-10-11 12:00:00 - Kali Anyar - Kreteg Abang,85.96171
2025-10-11 18:00:00 - Kali Anyar - Kreteg Abang,84.418846
2025-10-12 06:00:00 - Kali Anyar - Kreteg Abang,85.92184
2025-10-12 12:00:00 - Kali Anyar - Kreteg Abang,85.571014
2025-10-12 18:00:00 - Kali Anyar - Kreteg Abang,84.48092
2025-10-13 06:00:00 - Kali Anyar - Kreteg Abang,85.883545
2025-10-13 12:00:00 - Kali Anyar - Kreteg Abang,85.176956
2025-10-13 18:00:00 - Kali Anyar - Kreteg Abang,85.10041
2025-10-14 06:00:00 - Kali Anyar - Kreteg Abang,85.902306
2025-10-14 12:00:00 - Kali Anyar - Kreteg Abang,85.832695
2025-10-14 18:00:00 - Kali Anyar - Kreteg Abang,85.080124
2025-10-15 06:00:00 - Kali Anyar - Kreteg Abang,85.881966
2025-10-15 12:00:00 - Kali Anyar - Kreteg Abang,85.22758
2025-10-15 18:00:00 - Kali Anyar - Kreteg Abang,86.125496
2025-10-16 06:00:00 - Kali Anyar - Kreteg Abang,85.98101
2025-10-16 12:00:00 - Kali Anyar - Kreteg Abang,85.144936
2025-10-16 18:00:00 - Kali Anyar - Kreteg Abang,85.34584
2025-10-17 06:00:00 - Kali Anyar - Kreteg Abang,85.98818
2025-10-17 12:00:00 - Kali Anyar - Kreteg Abang,85.93327
2025-10-17 18:00:00 - Kali Anyar - Kreteg Abang,86.06304
2025-10-18 06:00:00 - Kali Anyar - Kreteg Abang,85.95571
2025-10-18 12:00:00 - Kali Anyar - Kreteg Abang,85.92212
2025-10-18 18:00:00 - Kali Anyar - Kreteg Abang,85.110954
2025-10-19 06:00:00 - Kali Anyar - Kreteg Abang,86.00941
2025-10-19 12:00:00 - Kali Anyar - Kreteg Abang,85.91169
2025-10-19 18:00:00 - Kali Anyar - Kreteg Abang,85.89635
2025-10-20 06:00:00 - Kali Anyar - Kreteg Abang,85.96881
2025-10-20 12:00:00 - Kali Anyar - Kreteg Abang,85.90614
2025-10-20 18:00:00 - Kali Anyar - Kreteg Abang,85.90036
2025-10-21 06:00:00 - Kali Anyar - Kreteg Abang,86.14387
2025-10-21 12:00:00 - Kali Anyar - Kreteg Abang,86.140076
2025-10-21 18:00:00 - Kali Anyar - Kreteg Abang,86.4683
2025-10-22 06:00:00 - Kali Anyar - Kreteg Abang,86.29736
2025-10-22 12:00:00 - Kali Anyar - Kreteg Abang,86.1276
2025-10-22 18:00:00 - Kali Anyar - Kreteg Abang,86.158
2025-10-23 06:00:00 - Kali Anyar - Kreteg Abang,86.36039
2025-10-23 12:00:00 - Kali Anyar - Kreteg Abang,85.999695
2025-10-23 18:00:00 - Kali Anyar - Kreteg Abang,86.1351
2025-10-24 06:00:00 - Kali Anyar - Kreteg Abang,86.18322
2025-10-24 12:00:00 - Kali Anyar - Kreteg Abang,85.92704
2025-10-24 18:00:00 - Kali Anyar - Kreteg Abang,86.030815
2025-10-25 06:00:00 - Kali Anyar - Kreteg Abang,86.11718
2025-10-25 12:00:00 - Kali Anyar - Kreteg Abang,86.04784
2025-10-25 18:00:00 - Kali Anyar - Kreteg Abang,86.146774
2025-10-26 06:00:00 - Kali Anyar - Kreteg Abang,85.89842
2025-10-26 12:00:00 - Kali Anyar - Kreteg Abang,85.87782
2025-10-26 18:00:00 - Kali Anyar - Kreteg Abang,86.15539
2025-10-27 06:00:00 - Kali Anyar - Kreteg Abang,85.79668
2025-10-27 12:00:00 - Kali Anyar - Kreteg Abang,85.88457
2025-10-27 18:00:00 - Kali Anyar - Kreteg Abang,86.00246
2025-10-28 06:00:00 - Kali Anyar - Kreteg Abang,86.0011
2025-10-28 12:00:00 - Kali Anyar - Kreteg Abang,85.927505
2025-10-28 18:00:00 - Kali Anyar - Kreteg Abang,86.31323
2025-10-29 06:00:00 - Kali Anyar - Kreteg Abang,86.38864
2025-10-29 12:00:00 - Kali Anyar - Kreteg Abang,86.223175
2025-10-29 18:00:00 - Kali Anyar - Kreteg Abang,86.12091
2025-10-30 06:00:00 - Kali Anyar - Kreteg Abang,86.013245
2025-10-30 12:00:00 - Kali Anyar - Kreteg Abang,85.85144
2025-10-30 18:00:00 - Kali Anyar - Kreteg Abang,85.885
2025-10-31 06:00:00 - Kali Anyar - Kreteg Abang,85.94342
2025-10-31 12:00:00 - Kali Anyar - Kreteg Abang,85.75177
2025-10-31 18:00:00 - Kali Anyar - Kreteg Abang,86.21731
2025-11-01 06:00:00 - Kali Anyar - Kreteg Abang,85.95737
2025-11-01 12:00:00 - Kali Anyar - Kreteg Abang,85.93131
2025-11-01 18:00:00 - Kali Anyar - Kreteg Abang,86.19188
2025-11-02 06:00:00 - Kali Anyar - Kreteg Abang,85.98243
2025-11-02 12:00:00 - Kali Anyar - Kreteg Abang,85.6745
2025-11-02 18:00:00 - Kali Anyar - Kreteg Abang,85.99437
2025-11-03 06:00:00 - Kali Anyar - Kreteg Abang,86.01035
2025-11-03 12:00:00 - Kali Anyar - Kreteg Abang,85.73115
2025-11-03 18:00:00 - Kali Anyar - Kreteg Abang,86.07673
2025-11-04 06:00:00 - Kali Anyar - Kreteg Abang,86.14868
2025-11-04 12:00:00 - Kali Anyar - Kreteg Abang,86.21507
2025-11-04 18:00:00 - Kali Anyar - Kreteg Abang,86.38747
2025-11-05 06:00:00 - Kali Anyar - Kreteg Abang,86.04809
2025-11-05 12:00:00 - Kali Anyar - Kreteg Abang,85.99833
2025-11-05 18:00:00 - Kali Anyar - Kreteg Abang,86.42252
2025-11-06 06:00:00 - Kali Anyar - Kreteg Abang,86.34412
2025-11-06 12:00:00 - Kali Anyar - Kreteg Abang,86.16581
2025-11-06 18:00:00 - Kali Anyar - Kreteg Abang,86.23585
2025-11-07 06:00:00 - Kali Anyar - Kreteg Abang,86.30675
2025-11-07 12:00:00 - Kali Anyar - Kreteg Abang,86.05576
2025-11-07 18:00:00 - Kali Anyar - Kreteg Abang,86.1691
2025-11-08 06:00:00 - Kali Anyar - Kreteg Abang,86.196495
2025-11-08 12:00:00 - Kali Anyar - Kreteg Abang,86.19112
2025-11-08 18:00:00 - Kali Anyar - Kreteg Abang,86.43409
2025-11-09 06:00:00 - Kali Anyar - Kreteg Abang,86.3862
2025-11-09 12:00:00 - Kali Anyar - Kreteg Abang,86.50893
2025-11-09 18:00:00 - Kali Anyar - Kreteg Abang,86.3426
2025-11-10 06:00:00 - Kali Anyar - Kreteg Abang,86.5105
2025-11-10 12:00:00 - Kali Anyar - Kreteg Abang,86.269806
2025-11-10 18:00:00 - Kali Anyar - Kreteg Abang,86.52304
2025-11-11 06:00:00 - Kali Anyar - Kreteg Abang,86.64945
2025-11-11 12:00:00 - Kali Anyar - Kreteg Abang,86.19108
2025-11-11 18:00:00 - Kali Anyar - Kreteg Abang,86.2117
2025-11-12 06:00:00 - Kali Anyar - Kreteg Abang,86.353836
2025-11-12 12:00:00 - Kali Anyar - Kreteg Abang,86.40586
2025-11-12 18:00:00 - Kali Anyar - Kreteg Abang,86.38238
2025-11-13 06:00:00 - Kali Anyar - Kreteg Abang,86.3588
2025-11-13 12:00:00 - Kali Anyar - Kreteg Abang,86.169624
2025-11-13 18:00:00 - Kali Anyar - Kreteg Abang,86.42083
2025-11-14 06:00:00 - Kali Anyar - Kreteg Abang,86.323204
2025-11-14 12:00:00 - Kali Anyar - Kreteg Abang,86.21119
2025-11-14 18:00:00 - Kali Anyar - Kreteg Abang,86.178925
2025-11-15 06:00:00 - Kali Anyar - Kreteg Abang,87.21125
2025-11-15 12:00:00 - Kali Anyar - Kreteg Abang,87.292564
2025-11-15 18:00:00 - Kali Anyar - Kreteg Abang,86.18457
2025-11-16 06:00:00 - Kali Anyar - Kreteg Abang,86.07851
2025-11-16 12:00:00 - Kali Anyar - Kreteg Abang,85.96341
2025-11-16 18:00:00 - Kali Anyar - Kreteg Abang,86.12509
2025-11-17 06:00:00 - Kali Anyar - Kreteg Abang,86.08083
2025-11-17 12:00:00 - Kali Anyar - Kreteg Abang,86.010445
2025-11-17 18:00:00 - Kali Anyar - Kreteg Abang,85.96315
2025-11-18 06:00:00 - Kali Anyar - Kreteg Abang,86.09125
2025-11-18 12:00:00 - Kali Anyar - Kreteg Abang,85.890564
2025-11-18 18:00:00 - Kali Anyar - Kreteg Abang,85.99696
2025-11-19 06:00:00 - Kali Anyar - Kreteg Abang,86.350716
2025-11-19 12:00:00 - Kali Anyar - Kreteg Abang,86.208626
2025-11-19 18:00:00 - Kali Anyar - Kreteg Abang,86.19349
2025-11-20 06:00:00 - Kali Anyar - Kreteg Abang,86.03029
2025-11-20 12:00:00 - Kali Anyar - Kreteg Abang,85.880585
2025-11-20 18:00:00 - Kali Anyar - Kreteg Abang,86.15354
2025-11-21 06:00:00 - Kali Anyar - Kreteg Abang,86.29057
2025-11-21 12:00:00 - Kali Anyar - Kreteg Abang,85.87322
2025-11-21 18:00:00 - Kali Anyar - Kreteg Abang,86.31976
2025-11-22 06:00:00 - Kali Anyar - Kreteg Abang,86.33244
2025-11-22 12:00:00 - Kali Anyar - Kreteg Abang,86.09647
2025-11-22 18:00:00 - Kali Anyar - Kreteg Abang,85.83753
2025-11-23 06:00:00 - Kali Anyar - Kreteg Abang,85.883835
2025-11-23 12:00:00 - Kali Anyar - Kreteg Abang,85.92467
2025-11-23 18:00:00 - Kali Anyar - Kreteg Abang,86.13835
2025-11-24 06:00:00 - Kali Anyar - Kreteg Abang,86.161545
2025-11-24 12:00:00 - Kali Anyar - Kreteg Abang,86.062874
2025-11-24 18:00:00 - Kali Anyar - Kreteg Abang,85.925186
2025-11-25 06:00:00 - Kali Anyar - Kreteg Abang,85.96586
2025-11-25 12:00:00 - Kali Anyar - Kreteg Abang,85.93587
2025-11-25 18:00:00 - Kali Anyar - Kreteg Abang,86.062584
2025-11-26 06:00:00 - Kali Anyar - Kreteg Abang,86.02925
2025-11-26 12:00:00 - Kali Anyar - Kreteg Abang,85.98623
2025-11-26 18:00:00 - Kali Anyar - Kreteg Abang,86.20131
2025-11-27 06:00:00 - Kali Anyar - Kreteg Abang,86.216255
2025-11-27 12:00:00 - Kali Anyar - Kreteg Abang,86.24159
2025-11-27 18:00:00 - Kali Anyar - Kreteg Abang,86.26926
2025-11-28 06:00:00 - Kali Anyar - Kreteg Abang,86.32107
2025-11-28 12:00:00 - Kali Anyar - Kreteg Abang,86.11016
2025-11-28 18:00:00 - Kali Anyar - Kreteg Abang,86.03375
2025-11-29 06:00:00 - Kali Anyar - Kreteg Abang,86.125435
2025-11-29 12:00:00 - Kali Anyar - Kreteg Abang,86.17018
2025-11-29 18:00:00 - Kali Anyar - Kreteg Abang,86.842316
2025-11-30 06:00:00 - Kali Anyar - Kreteg Abang,86.17179
2025-11-30 12:00:00 - Kali Anyar - Kreteg Abang,86.01182
2025-11-30 18:00:00 - Kali Anyar - Kreteg Abang,85.96756
2025-12-01 06:00:00 - Kali Anyar - Kreteg Abang,85.99798
2025-12-01 12:00:00 - Kali Anyar - Kreteg Abang,86.24539
2025-12-01 18:00:00 - Kali Anyar - Kreteg Abang,86.980545
2025-12-02 06:00:00 - Kali Anyar - Kreteg Abang,86.74889
2025-12-02 12:00:00 - Kali Anyar - Kreteg Abang,86.897255
2025-12-02 18:00:00 - Kali Anyar - Kreteg Abang,87.43699
2025-12-03 06:00:00 - Kali Anyar - Kreteg Abang,87.156425
2025-12-03 12:00:00 - Kali Anyar - Kreteg Abang,86.67908
2025-12-03 18:00:00 - Kali Anyar - Kreteg Abang,87.3009
2025-12-04 06:00:00 - Kali Anyar - Kreteg Abang,87.330315
2025-12-04 12:00:00 - Kali Anyar - Kreteg Abang,87.35768
2025-12-04 18:00:00 - Kali Anyar - Kreteg Abang,86.60187
2025-12-05 06:00:00 - Kali Anyar - Kreteg Abang,86.59815
2025-12-05 12:00:00 - Kali Anyar - Kreteg Abang,86.517365
2025-12-05 18:00:00 - Kali Anyar - Kreteg Abang,86.96905
2025-12-06 06:00:00 - Kali Anyar - Kreteg Abang,86.640686
2025-12-06 12:00:00 - Kali Anyar - Kreteg Abang,86.377
2025-12-06 18:00:00 - Kali Anyar - Kreteg Abang,88.30289
2025-12-07 06:00:00 - Kali Anyar - Kreteg Abang,86.20627
2025-12-07 12:00:00 - Kali Anyar - Kreteg Abang,86.30273
2025-12-07 18:00:00 - Kali Anyar - Kreteg Abang,86.662735
2025-12-08 06:00:00 - Kali Anyar - Kreteg Abang,86.35292
2025-12-08 12:00:00 - Kali Anyar - Kreteg Abang,87.30628
2025-12-08 18:00:00 - Kali Anyar - Kreteg Abang,86.21344
2025-12-09 06:00:00 - Kali Anyar - Kreteg Abang,86.71177
2025-12-09 12:00:00 - Kali Anyar - Kreteg Abang,86.34479
2025-12-09 18:00:00 - Kali Anyar - Kreteg Abang,86.732574
2025-12-10 06:00:00 - Kali Anyar - Kreteg Abang,87.41129
2025-12-10 12:00:00 - Kali Anyar - Kreteg Abang,86.248856
2025-12-10 18:00:00 - Kali Anyar - Kreteg Abang,86.63666
2025-12-11 06:00:00 - Kali Anyar - Kreteg Abang,86.37065
2025-12-11 12:00:00 - Kali Anyar - Kreteg Abang,86.30919
2025-12-11 18:00:00 - Kali Anyar - Kreteg Abang,87.190735
2025-12-12 06:00:00 - Kali Anyar - Kreteg Abang,86.40116
2025-12-12 12:00:00 - Kali Anyar - Kreteg Abang,86.239784
2025-12-12 18:00:00 - Kali Anyar - Kreteg Abang,86.65225
2025-12-13 06:00:00 - Kali Anyar - Kreteg Abang,87.26887
2025-12-13 12:00:00 - Kali Anyar - Kreteg Abang,86.130516
2025-12-13 18:00:00 - Kali Anyar - Kreteg Abang,87.60357
2025-12-14 06:00:00 - Kali Anyar - Kreteg Abang,86.23687
2025-12-14 12:00:00 - Kali Anyar - Kreteg Abang,86.15533
2025-12-14 18:00:00 - Kali Anyar - Kreteg Abang,86.777176
2025-12-15 06:00:00 - Kali Anyar - Kreteg Abang,86.426796
2025-12-15 12:00:00 - Kali Anyar - Kreteg Abang,86.36239
2025-12-15 18:00:00 - Kali Anyar - Kreteg Abang,86.31498
2025-12-16 06:00:00 - Kali Anyar - Kreteg Abang,86.226555
2025-12-16 12:00:00 - Kali Anyar - Kreteg Abang,86.00011
2025-12-16 18:00:00 - Kali Anyar - Kreteg Abang,85.731445
2025-12-17 06:00:00 - Kali Anyar - Kreteg Abang,86.53502
2025-12-17 12:00:00 - Kali Anyar - Kreteg Abang,86.251656
2025-12-17 18:00:00 - Kali Anyar - Kreteg Abang,86.786255
2025-12-18 06:00:00 - Kali Anyar - Kreteg Abang,86.1442
2025-12-18 12:00:00 - Kali Anyar - Kreteg Abang,86.57425
2025-12-18 18:00:00 - Kali Anyar - Kreteg Abang,86.73226
2025-12-19 06:00:00 - Kali Anyar - Kreteg Abang,87.00629
2025-12-19 12:00:00 - Kali Anyar - Kreteg Abang,86.281075
2025-12-19 18:00:00 - Kali Anyar - Kreteg Abang,86.88799
2025-12-20 06:00:00 - Kali Anyar - Kreteg Abang,86.988304
2025-12-20 12:00:00 - Kali Anyar - Kreteg Abang,86.8363
2025-12-20 18:00:00 - Kali Anyar - Kreteg Abang,86.907524
2025-12-21 06:00:00 - Kali Anyar - Kreteg Abang,86.70294
2025-12-21 12:00:00 - Kali Anyar - Kreteg Abang,86.39659
2025-12-21 18:00:00 - Kali Anyar - Kreteg Abang,86.91521
2025-12-22 06:00:00 - Kali Anyar - Kreteg Abang,86.436165
2025-12-22 12:00:00 - Kali Anyar - Kreteg Abang,86.42043
2025-12-22 18:00:00 - Kali Anyar - Kreteg Abang,87.05311
2025-12-23 06:00:00 - Kali Anyar - Kreteg Abang,86.37058
2025-12-23 12:00:00 - Kali Anyar - Kreteg Abang,86.839806
2025-12-23 18:00:00 - Kali Anyar - Kreteg Abang,86.960106
2025-12-24 06:00:00 - Kali Anyar - Kreteg Abang,86.60207
2025-12-24 12:00:00 - Kali Anyar - Kreteg Abang,86.82322
2025-12-24 18:00:00 - Kali Anyar - Kreteg Abang,86.99863
2025-12-25 06:00:00 - Kali Anyar - Kreteg Abang,86.65093
2025-12-25 12:00:00 - Kali Anyar - Kreteg Abang,86.48633
2025-12-25 18:00:00 - Kali Anyar - Kreteg Abang,86.93019
2025-12-26 06:00:00 - Kali Anyar - Kreteg Abang,86.4754
2025-12-26 12:00:00 - Kali Anyar - Kreteg Abang,86.3431
2025-12-26 18:00:00 - Kali Anyar - Kreteg Abang,86.948906
2025-12-27 06:00:00 - Kali Anyar - Kreteg Abang,86.76254
2025-12-27 12:00:00 - Kali Anyar - Kreteg Abang,86.67173
2025-12-27 18:00:00 - Kali Anyar - Kreteg Abang,86.79214
2025-12-28 06:00:00 - Kali Anyar - Kreteg Abang,87.579506
2025-12-28 12:00:00 - Kali Anyar - Kreteg Abang,86.61329
2025-12-28 18:00:00 - Kali Anyar - Kreteg Abang,86.85594
2025-12-29 06:00:00 - Kali Anyar - Kreteg Abang,86.34971
2025-12-29 12:00:00 - Kali Anyar - Kreteg Abang,86.43622
2025-12-29 18:00:00 - Kali Anyar - Kreteg Abang,86.67564
2025-12-30 06:00:00 - Kali Anyar - Kreteg Abang,86.26433
2025-12-30 12:00:00 - Kali Anyar - Kreteg Abang,86.42832
2025-12-30 18:00:00 - Kali Anyar - Kreteg Abang,86.87308
2025-12-31 06:00:00 - Kali Anyar - Kreteg Abang,86.69238
2025-12-31 12:00:00 - Kali Anyar - Kreteg Abang,86.40108
2025-12-31 18:00:00 - Kali Anyar - Kreteg Abang,86.93933
2026-01-01 06:00:00 - Kali Anyar - Kreteg Abang,86.39084
2026-01-01 12:00:00 - Kali Anyar - Kreteg Abang,86.4576
2026-01-01 18:00:00 - Kali Anyar - Kreteg Abang,86.66673
2026-01-02 06:00:00 - Kali Anyar - Kreteg Abang,86.698685
2026-01-02 12:00:00 - Kali Anyar - Kreteg Abang,86.54501
2026-01-02 18:00:00 - Kali Anyar - Kreteg Abang,86.38249
2026-01-03 06:00:00 - Kali Anyar - Kreteg Abang,86.61765
2026-01-03 12:00:00 - Kali Anyar - Kreteg Abang,86.64286
2026-01-03 18:00:00 - Kali Anyar - Kreteg Abang,86.73941
2026-01-04 06:00:00 - Kali Anyar - Kreteg Abang,86.51093
2026-01-04 12:00:00 - Kali Anyar - Kreteg Abang,86.35841
2026-01-04 18:00:00 - Kali Anyar - Kreteg Abang,86.69733
2026-01-05 06:00:00 - Kali Anyar - Kreteg Abang,86.51574
2026-01-05 12:00:00 - Kali Anyar - Kreteg Abang,86.59534
2026-01-05 18:00:00 - Kali Anyar - Kreteg Abang,86.42579
2026-01-06 06:00:00 - Kali Anyar - Kreteg Abang,86.422646
2026-01-06 12:00:00 - Kali Anyar - Kreteg Abang,86.09372
2026-01-06 18:00:00 - Kali Anyar - Kreteg Abang,85.923836
2026-01-07 06:00:00 - Kali Anyar - Kreteg Abang,86.25253
2026-01-07 12:00:00 - Kali Anyar - Kreteg Abang,86.018105
2026-01-07 18:00:00 - Kali Anyar - Kreteg Abang,85.83642
2026-01-08 06:00:00 - Kali Anyar - Kreteg Abang,86.52288
2026-01-08 12:00:00 - Kali Anyar - Kreteg Abang,86.342834
2026-01-08 18:00:00 - Kali Anyar - Kreteg Abang,86.44606
2026-01-09 06:00:00 - Kali Anyar - Kreteg Abang,86.54337
2026-01-09 12:00:00 - Kali Anyar - Kreteg Abang,86.52798
2026-01-09 18:00:00 - Kali Anyar - Kreteg Abang,86.58344
2026-01-10 06:00:00 - Kali Anyar - Kreteg Abang,86.83528
2026-01-10 12:00:00 - Kali Anyar - Kreteg Abang,86.80375
2026-01-10 18:00:00 - Kali Anyar - Kreteg Abang,87.08323
2026-01-11 06:00:00 - Kali Anyar - Kreteg Abang,86.88162
2026-01-11 12:00:00 - Kali Anyar - Kreteg Abang,86.82143
2026-01-11 18:00:00 - Kali Anyar - Kreteg Abang,86.775795
2026-01-12 06:00:00 - Kali Anyar - Kreteg Abang,86.68917
2026-01-12 12:00:00 - Kali Anyar - Kreteg Abang,86.90675
2026-01-12 18:00:00 - Kali Anyar - Kreteg Abang,86.847824
2026-01-13 06:00:00 - Kali Anyar - Kreteg Abang,86.73035
2026-01-13 12:00:00 - Kali Anyar - Kreteg Abang,86.84743
2026-01-13 18:00:00 - Kali Anyar - Kreteg Abang,86.90513
2026-01-14 06:00:00 - Kali Anyar - Kreteg Abang,86.88236
2026-01-14 12:00:00 - Kali Anyar - Kreteg Abang,87.04332
2026-01-14 18:00:00 - Kali Anyar - Kreteg Abang,87.041664
2026-01-15 06:00:00 - Kali Anyar - Kreteg Abang,87.04661
2026-01-15 12:00:00 - Kali Anyar - Kreteg Abang,86.86683
2026-01-15 18:00:00 - Kali Anyar - Kreteg Abang,86.86092
2026-01-16 06:00:00 - Kali Anyar - Kreteg Abang,86.88063
2026-01-16 12:00:00 - Kali Anyar - Kreteg Abang,86.98344
2026-01-16 18:00:00 - Kali Anyar - Kreteg Abang,88.35726
2026-01-17 06:00:00 - Kali Anyar - Kreteg Abang,86.96283
2026-01-17 12:00:00 - Kali Anyar - Kreteg Abang,86.973236
2026-01-17 18:00:00 - Kali Anyar - Kreteg Abang,86.94099
2026-01-18 06:00:00 - Kali Anyar - Kreteg Abang,87.1455
2026-01-18 12:00:00 - Kali Anyar - Kreteg Abang,86.5245
2026-01-18 18:00:00 - Kali Anyar - Kreteg Abang,86.446655
2026-01-19 06:00:00 - Kali Anyar - Kreteg Abang,86.69813
2026-01-19 12:00:00 - Kali Anyar - Kreteg Abang,86.76182
2026-01-19 18:00:00 - Kali Anyar - Kreteg Abang,87.007744
2026-01-20 06:00:00 - Kali Anyar - Kreteg Abang,86.94537
2026-01-20 12:00:00 - Kali Anyar - Kreteg Abang,86.64109
2026-01-20 18:00:00 - Kali Anyar - Kreteg Abang,86.5404
2026-01-21 06:00:00 - Kali Anyar - Kreteg Abang,86.49007
2026-01-21 12:00:00 - Kali Anyar - Kreteg Abang,86.60122
2026-01-21 18:00:00 - Kali Anyar - Kreteg Abang,86.67489
2026-01-22 06:00:00 - Kali Anyar - Kreteg Abang,86.4836
2026-01-22 12:00:00 - Kali Anyar - Kreteg Abang,86.64782
2026-01-22 18:00:00 - Kali Anyar - Kreteg Abang,86.51003
2026-01-23 06:00:00 - Kali Anyar - Kreteg Abang,86.48041
2026-01-23 12:00:00 - Kali Anyar - Kreteg Abang,86.62477
2026-01-23 18:00:00 - Kali Anyar - Kreteg Abang,86.657616
2026-01-24 06:00:00 - Kali Anyar - Kreteg Abang,86.603096
2026-01-24 12:00:00 - Kali Anyar - Kreteg Abang,86.71617
2026-01-24 18:00:00 - Kali Anyar - Kreteg Abang,86.594086
2026-01-25 06:00:00 - Kali Anyar - Kreteg Abang,86.43212
2026-01-25 12:00:00 - Kali Anyar - Kreteg Abang,86.47177
2026-01-25 18:00:00 - Kali Anyar - Kreteg Abang,86.42237
2026-01-26 06:00:00 - Kali Anyar - Kreteg Abang,86.5005
2026-01-26 12:00:00 - Kali Anyar - Kreteg Abang,86.53127
2026-01-26 18:00:00 - Kali Anyar - Kreteg Abang,86.5875
2026-01-27 06:00:00 - Kali Anyar - Kreteg Abang,86.52648
2026-01-27 12:00:00 - Kali Anyar - Kreteg Abang,86.54451
2026-01-27 18:00:00 - Kali Anyar - Kreteg Abang,86.68991
2026-01-28 06:00:00 - Kali Anyar - Kreteg Abang,86.61674
2026-01-28 12:00:00 - Kali Anyar - Kreteg Abang,86.761314
2026-01-28 18:00:00 - Kali Anyar - Kreteg Abang,87.38243
2026-01-29 06:00:00 - Kali Anyar - Kreteg Abang,86.62768
2026-01-29 12:00:00 - Kali Anyar - Kreteg Abang,86.68517
2026-01-29 18:00:00 - Kali Anyar - Kreteg Abang,86.757195
2026-01-30 06:00:00 - Kali Anyar - Kreteg Abang,86.61491
2026-01-30 12:00:00 - Kali Anyar - Kreteg Abang,86.64495
2026-01-30 18:00:00 - Kali Anyar - Kreteg Abang,86.88278
2026-01-31 06:00:00 - Kali Anyar - Kreteg Abang,86.500404
2026-01-31 12:00:00 - Kali Anyar - Kreteg Abang,86.66313
2026-01-31 18:00:00 - Kali Anyar - Kreteg Abang,86.69924
2026-02-01 06:00:00 - Kali Anyar - Kreteg Abang,86.660355
2026-02-01 12:00:00 - Kali Anyar - Kreteg Abang,86.65761
2026-02-01 18:00:00 - Kali Anyar - Kreteg Abang,86.72776
2026-02-02 06:00:00 - Kali Anyar - Kreteg Abang,86.60123
2026-02-02 12:00:00 - Kali Anyar - Kreteg Abang,86.62384
2026-02-02 18:00:00 - Kali Anyar - Kreteg Abang,86.79059
2026-02-03 06:00:00 - Kali Anyar - Kreteg Abang,86.6242
2026-02-03 12:00:00 - Kali Anyar - Kreteg Abang,86.5949
2026-02-03 18:00:00 - Kali Anyar - Kreteg Abang,86.86664
2026-02-04 06:00:00 - Kali Anyar - Kreteg Abang,86.54434
2026-02-04 12:00:00 - Kali Anyar - Kreteg Abang,86.72381
2026-02-04 18:00:00 - Kali Anyar - Kreteg Abang,87.02756
2026-02-05 06:00:00 - Kali Anyar - Kreteg Abang,86.63889
2026-02-05 12:00:00 - Kali Anyar - Kreteg Abang,86.56318
2026-02-05 18:00:00 - Kali Anyar - Kreteg Abang,86.607086
2026-02-06 06:00:00 - Kali Anyar - Kreteg Abang,86.68512
2026-02-06 12:00:00 - Kali Anyar - Kreteg Abang,86.760765
2026-02-06 18:00:00 - Kali Anyar - Kreteg Abang,86.80031
2026-02-07 06:00:00 - Kali Anyar - Kreteg Abang,86.65628
2026-02-07 12:00:00 - Kali Anyar - Kreteg Abang,86.72669
2026-02-07 18:00:00 - Kali Anyar - Kreteg Abang,86.66222
2026-02-08 06:00:00 - Kali Anyar - Kreteg Abang,86.82601
2026-02-08 12:00:00 - Kali Anyar - Kreteg Abang,86.643326
2026-02-08 18:00:00 - Kali Anyar - Kreteg Abang,86.683945
2026-02-09 06:00:00 - Kali Anyar - Kreteg Abang,86.69705
2026-02-09 12:00:00 - Kali Anyar - Kreteg Abang,86.65854
2026-02-09 18:00:00 - Kali Anyar - Kreteg Abang,86.62697
2026-02-10 06:00:00 - Kali Anyar - Kreteg Abang,86.61632
2026-02-10 12:00:00 - Kali Anyar - Kreteg Abang,86.649025
2026-02-10 18:00:00 - Kali Anyar - Kreteg Abang,87.0023
2026-02-11 06:00:00 - Kali Anyar - Kreteg Abang,86.66624
2026-02-11 12:00:00 - Kali Anyar - Kreteg Abang,86.774826
2026-02-11 18:00:00 - Kali Anyar - Kreteg Abang,86.74428
2026-02-12 06:00:00 - Kali Anyar - Kreteg Abang,86.60066
2026-02-12 12:00:00 - Kali Anyar - Kreteg Abang,86.65443
2026-02-12 18:00:00 - Kali Anyar - Kreteg Abang,86.78743
2026-02-13 06:00:00 - Kali Anyar - Kreteg Abang,86.550156
2026-02-13 12:00:00 - Kali Anyar - Kreteg Abang,86.64709
2026-02-13 18:00:00 - Kali Anyar - Kreteg Abang,86.75195
2026-02-14 06:00:00 - Kali Anyar - Kreteg Abang,86.61649
2026-02-14 12:00:00 - Kali Anyar - Kreteg Abang,86.639336
2026-02-14 18:00:00 - Kali Anyar - Kreteg Abang,86.82799
2026-02-15 06:00:00 - Kali Anyar - Kreteg Abang,86.55704
2026-02-15 12:00:00 - Kali Anyar - Kreteg Abang,86.57439
2026-02-15 18:00:00 - Kali Anyar - Kreteg Abang,86.36653
2026-02-16 06:00:00 - Kali Anyar - Kreteg Abang,86.537155
2026-02-16 12:00:00 - Kali Anyar - Kreteg Abang,86.712944
2026-02-16 18:00:00 - Kali Anyar - Kreteg Abang,86.885475
2026-02-17 06:00:00 - Kali Anyar - Kreteg Abang,86.6176
2026-02-17 12:00:00 - Kali Anyar - Kreteg Abang,86.48106
2026-02-17 18:00:00 - Kali Anyar - Kreteg Abang,86.57732
2026-02-18 06:00:00 - Kali Anyar - Kreteg Abang,86.642784
2026-02-18 12:00:00 - Kali Anyar - Kreteg Abang,86.679214
2026-02-18 18:00:00 - Kali Anyar - Kreteg Abang,86.794235
2026-02-19 06:00:00 - Kali Anyar - Kreteg Abang,86.55137
2026-02-19 12:00:00 - Kali Anyar - Kreteg Abang,86.60656
2026-02-19 18:00:00 - Kali Anyar - Kreteg Abang,86.78518
2026-02-20 06:00:00 - Kali Anyar - Kreteg Abang,86.52776
2026-02-20 12:00:00 - Kali Anyar - Kreteg Abang,86.68862
2026-02-20 18:00:00 - Kali Anyar - Kreteg Abang,86.75968
2026-02-21 06:00:00 - Kali Anyar - Kreteg Abang,86.60673
2026-02-21 12:00:00 - Kali Anyar - Kreteg Abang,86.629005
2026-02-21 18:00:00 - Kali Anyar - Kreteg Abang,86.80014
2026-02-22 06:00:00 - Kali Anyar - Kreteg Abang,86.54971
2026-02-22 12:00:00 - Kali Anyar - Kreteg Abang,86.5425
2026-02-22 18:00:00 - Kali Anyar - Kreteg Abang,86.8483
2026-02-23 06:00:00 - Kali Anyar - Kreteg Abang,86.6708
2026-02-23 12:00:00 - Kali Anyar - Kreteg Abang,86.57057
2026-02-23 18:00:00 - Kali Anyar - Kreteg Abang,86.598366
2026-02-24 06:00:00 - Kali Anyar - Kreteg Abang,86.49507
2026-02-24 12:00:00 - Kali Anyar - Kreteg Abang,86.42467
2026-02-24 18:00:00 - Kali Anyar - Kreteg Abang,86.44309
2026-02-25 06:00:00 - Kali Anyar - Kreteg Abang,86.68098
2026-02-25 12:00:00 - Kali Anyar - Kreteg Abang,86.44824
2026-02-25 18:00:00 - Kali Anyar - Kreteg Abang,86.37338
2026-02-26 06:00:00 - Kali Anyar - Kreteg Abang,86.4853
2026-02-26 12:00:00 - Kali Anyar - Kreteg Abang,86.39486
2026-02-26 18:00:00 - Kali Anyar - Kreteg Abang,86.95876
2026-02-27 06:00:00 - Kali Anyar - Kreteg Abang,86.54199
2026-02-27 12:00:00 - Kali Anyar - Kreteg Abang,86.49191
2026-02-27 18:00:00 - Kali Anyar - Kreteg Abang,86.394485
2026-02-28 06:00:00 - Kali Anyar - Kreteg Abang,86.54357
2026-02-28 12:00:00 - Kali Anyar - Kreteg Abang,86.19459
2026-02-28 18:00:00 - Kali Anyar - Kreteg Abang,86.68248
2026-03-01 06:00:00 - Kali Anyar - Kreteg Abang,86.444496
2026-03-01 12:00:00 - Kali Anyar - Kreteg Abang,86.582535
2026-03-01 18:00:00 - Kali Anyar - Kreteg Abang,86.467285
2026-03-02 06:00:00 - Kali Anyar - Kreteg Abang,86.32694
2026-03-02 12:00:00 - Kali Anyar - Kreteg Abang,86.43814
2026-03-02 18:00:00 - Kali Anyar - Kreteg Abang,86.47181
2026-03-03 06:00:00 - Kali Anyar - Kreteg Abang,86.42056
2026-03-03 12:00:00 - Kali Anyar - Kreteg Abang,86.52854
2026-03-03 18:00:00 - Kali Anyar - Kreteg Abang,86.81392
2026-03-04 06:00:00 - Kali Anyar - Kreteg Abang,86.438515
2026-03-04 12:00:00 - Kali Anyar - Kreteg Abang,86.57372
2026-03-04 18:00:00 - Kali Anyar - Kreteg Abang,86.61978
2026-03-05 06:00:00 - Kali Anyar - Kreteg Abang,86.53738
2026-03-05 12:00:00 - Kali Anyar - Kreteg Abang,86.54652
2026-03-05 18:00:00 - Kali Anyar - Kreteg Abang,86.57979
2026-03-06 06:00:00 - Kali Anyar - Kreteg Abang,86.3076
2026-03-06 12:00:00 - Kali Anyar - Kreteg Abang,86.47151
2026-03-06 18:00:00 - Kali Anyar - Kreteg Abang,86.52292
2026-03-07 06:00:00 - Kali Anyar - Kreteg Abang,86.35711
2026-03-07 12:00:00 - Kali Anyar - Kreteg Abang,86.44126
2026-03-07 18:00:00 - Kali Anyar - Kreteg Abang,86.60909
2026-03-08 06:00:00 - Kali Anyar - Kreteg Abang,86.45799
2026-03-08 12:00:00 - Kali Anyar - Kreteg Abang,86.3863
2026-03-08 18:00:00 - Kali Anyar - Kreteg Abang,86.46957
2026-03-09 06:00:00 - Kali Anyar - Kreteg Abang,86.46955
2026-03-09 12:00:00 - Kali Anyar - Kreteg Abang,86.54682
2026-03-09 18:00:00 - Kali Anyar - Kreteg Abang,86.65164
2026-03-10 06:00:00 - Kali Anyar - Kreteg Abang,86.62929
2026-03-10 12:00:00 - Kali Anyar - Kreteg Abang,86.61651
2026-03-10 18:00:00 - Kali Anyar - Kreteg Abang,86.50253
2026-03-11 06:00:00 - Kali Anyar - Kreteg Abang,86.573074
2026-03-11 12:00:00 - Kali Anyar - Kreteg Abang,86.52104
2026-03-11 18:00:00 - Kali Anyar - Kreteg Abang,86.35936
2026-03-12 06:00:00 - Kali Anyar - Kreteg Abang,86.39411
2026-03-12 12:00:00 - Kali Anyar - Kreteg Abang,86.452644
2026-03-12 18:00:00 - Kali Anyar - Kreteg Abang,85.27967
2026-03-13 06:00:00 - Kali Anyar - Kreteg Abang,86.39278
2026-03-13 12:00:00 - Kali Anyar - Kreteg Abang,86.5772
2026-03-13 18:00:00 - Kali Anyar - Kreteg Abang,86.44315
2026-03-14 06:00:00 - Kali Anyar - Kreteg Abang,86.30535
2026-03-14 12:00:00 - Kali Anyar - Kreteg Abang,86.383835
2026-03-14 18:00:00 - Kali Anyar - Kreteg Abang,86.25879
2026-03-15 06:00:00 - Kali Anyar - Kreteg Abang,86.486336
2026-03-15 12:00:00 - Kali Anyar - Kreteg Abang,86.5235
2026-03-15 18:00:00 - Kali Anyar - Kreteg Abang,86.72824
2026-03-16 06:00:00 - Kali Anyar - Kreteg Abang,86.67598
2026-03-16 12:00:00 - Kali Anyar - Kreteg Abang,86.75511
2026-03-16 18:00:00 - Kali Anyar - Kreteg Abang,86.78022
2026-03-17 06:00:00 - Kali Anyar - Kreteg Abang,86.63096
2026-03-17 12:00:00 - Kali Anyar - Kreteg Abang,86.71694
2026-03-17 18:00:00 - Kali Anyar - Kreteg Abang,86.67105
2026-03-18 06:00:00 - Kali Anyar - Kreteg Abang,86.699165
2026-03-18 12:00:00 - Kali Anyar - Kreteg Abang,86.69369
2026-03-18 18:00:00 - Kali Anyar - Kreteg Abang,86.16478
2026-03-19 06:00:00 - Kali Anyar - Kreteg Abang,86.465385
2026-03-19 12:00:00 - Kali Anyar - Kreteg Abang,86.551765
2026-03-19 18:00:00 - Kali Anyar - Kreteg Abang,86.17889
2026-03-20 06:00:00 - Kali Anyar - Kreteg Abang,86.59022
2026-03-20 12:00:00 - Kali Anyar - Kreteg Abang,86.59789
2026-03-20 18:00:00 - Kali Anyar - Kreteg Abang,86.707634
2026-03-21 06:00:00 - Kali Anyar - Kreteg Abang,86.68386
2026-03-21 12:00:00 - Kali Anyar - Kreteg Abang,86.846695
2026-03-21 18:00:00 - Kali Anyar - Kreteg Abang,86.638054
2026-03-22 06:00:00 - Kali Anyar - Kreteg Abang,86.60253
2026-03-22 12:00:00 - Kali Anyar - Kreteg Abang,86.62893
2026-03-22 18:00:00 - Kali Anyar - Kreteg Abang,86.50914
2026-03-23 06:00:00 - Kali Anyar - Kreteg Abang,86.6339
2026-03-23 12:00:00 - Kali Anyar - Kreteg Abang,86.528435
2026-03-23 18:00:00 - Kali Anyar - Kreteg Abang,86.511314
2026-03-24 06:00:00 - Kali Anyar - Kreteg Abang,86.280716
2026-03-24 12:00:00 - Kali Anyar - Kreteg Abang,86.51858
2026-03-24 18:00:00 - Kali Anyar - Kreteg Abang,86.542885
2026-03-25 06:00:00 - Kali Anyar - Kreteg Abang,86.5687
2026-03-25 12:00:00 - Kali Anyar - Kreteg Abang,86.413704
2026-03-25 18:00:00 - Kali Anyar - Kreteg Abang,86.50291
2026-03-26 06:00:00 - Kali Anyar - Kreteg Abang,86.406364
2026-03-26 12:00:00 - Kali Anyar - Kreteg Abang,86.48597
2026-03-26 18:00:00 - Kali Anyar - Kreteg Abang,86.53549
2026-03-27 06:00:00 - Kali Anyar - Kreteg Abang,86.59028
2026-03-27 12:00:00 - Kali Anyar - Kreteg Abang,86.61684
2026-03-27 18:00:00 - Kali Anyar - Kreteg Abang,86.52823
2026-03-28 06:00:00 - Kali Anyar - Kreteg Abang,87.009636
2026-03-28 12:00:00 - Kali Anyar - Kreteg Abang,86.49208
2026-03-28 18:00:00 - Kali Anyar - Kreteg Abang,86.50124
2026-03-29 06:00:00 - Kali Anyar - Kreteg Abang,86.31505
2026-03-29 12:00:00 - Kali Anyar - Kreteg Abang,86.28666
2026-03-29 18:00:00 - Kali Anyar - Kreteg Abang,86.304886
2026-03-30 06:00:00 - Kali Anyar - Kreteg Abang,86.20536
2026-03-30 12:00:00 - Kali Anyar - Kreteg Abang,86.19336
2026-03-30 18:00:00 - Kali Anyar - Kreteg Abang,86.50447
2026-03-31 06:00:00 - Kali Anyar - Kreteg Abang,86.306725
2026-03-31 12:00:00 - Kali Anyar - Kreteg Abang,86.17901
2026-03-31 18:00:00 - Kali Anyar - Kreteg Abang,86.233505
2026-04-01 06:00:00 - Kali Anyar - Kreteg Abang,86.25489
2026-04-01 12:00:00 - Kali Anyar - Kreteg Abang,86.24942
2026-04-01 18:00:00 - Kali Anyar - Kreteg Abang,86.258675
2026-04-02 06:00:00 - Kali Anyar - Kreteg Abang,86.24272
2026-04-02 12:00:00 - Kali Anyar - Kreteg Abang,86.19466
2026-04-02 18:00:00 - Kali Anyar - Kreteg Abang,86.47294
2026-04-03 06:00:00 - Kali Anyar - Kreteg Abang,85.96315
2026-04-03 12:00:00 - Kali Anyar - Kreteg Abang,85.954765
2026-04-03 18:00:00 - Kali Anyar - Kreteg Abang,86.09248
2026-04-04 06:00:00 - Kali Anyar - Kreteg Abang,86.079666
2026-04-04 12:00:00 - Kali Anyar - Kreteg Abang,86.04517
2026-04-04 18:00:00 - Kali Anyar - Kreteg Abang,86.37888
2026-04-05 06:00:00 - Kali Anyar - Kreteg Abang,86.27906
2026-04-05 12:00:00 - Kali Anyar - Kreteg Abang,86.145386
2026-04-05 18:00:00 - Kali Anyar - Kreteg Abang,86.250145
2026-04-06 06:00:00 - Kali Anyar - Kreteg Abang,86.21208
2026-04-06 12:00:00 - Kali Anyar - Kreteg Abang,86.17435
2026-04-06 18:00:00 - Kali Anyar - Kreteg Abang,86.31465
2026-04-07 06:00:00 - Kali Anyar - Kreteg Abang,86.254845
2026-04-07 12:00:00 - Kali Anyar - Kreteg Abang,86.316284
2026-04-07 18:00:00 - Kali Anyar - Kreteg Abang,86.561455
2026-04-08 06:00:00 - Kali Anyar - Kreteg Abang,86.4131
2026-04-08 12:00:00 - Kali Anyar - Kreteg Abang,86.405205
2026-04-08 18:00:00 - Kali Anyar - Kreteg Abang,86.4542
2026-04-09 06:00:00 - Kali Anyar - Kreteg Abang,86.41795
2026-04-09 12:00:00 - Kali Anyar - Kreteg Abang,86.38277
2026-04-09 18:00:00 - Kali Anyar - Kreteg Abang,86.668625
2026-04-10 06:00:00 - Kali Anyar - Kreteg Abang,86.39162
2026-04-10 12:00:00 - Kali Anyar - Kreteg Abang,86.3801
2026-04-10 18:00:00 - Kali Anyar - Kreteg Abang,86.48454
2026-04-11 06:00:00 - Kali Anyar - Kreteg Abang,86.30078
2026-04-11 12:00:00 - Kali Anyar - Kreteg Abang,86.270836
2026-04-11 18:00:00 - Kali Anyar - Kreteg Abang,86.64363
2026-04-12 06:00:00 - Kali Anyar - Kreteg Abang,86.401855
2026-04-12 12:00:00 - Kali Anyar - Kreteg Abang,86.32176
2026-04-12 18:00:00 - Kali Anyar - Kreteg Abang,86.67004
2026-04-13 06:00:00 - Kali Anyar - Kreteg Abang,86.22637
2026-04-13 12:00:00 - Kali Anyar - Kreteg Abang,86.18864
2026-04-13 18:00:00 - Kali Anyar - Kreteg Abang,86.128456
2026-04-14 06:00:00 - Kali Anyar - Kreteg Abang,86.21471
2026-04-14 12:00:00 - Kali Anyar - Kreteg Abang,86.24942
2026-04-14 18:00:00 - Kali Anyar - Kreteg Abang,86.13318
2026-04-15 06:00:00 - Kali Anyar - Kreteg Abang,86.39505
2026-04-15 12:00:00 - Kali Anyar - Kreteg Abang,86.36539
2026-04-15 18:00:00 - Kali Anyar - Kreteg Abang,86.412506
2026-04-16 06:00:00 - Kali Anyar - Kreteg Abang,86.31964
2026-04-16 12:00:00 - Kali Anyar - Kreteg Abang,86.56587
2026-04-16 18:00:00 - Kali Anyar - Kreteg Abang,86.337524
2026-04-17 06:00:00 - Kali Anyar - Kreteg Abang,86.365326
2026-04-17 12:00:00 - Kali Anyar - Kreteg Abang,86.359184
2026-04-17 18:00:00 - Kali Anyar - Kreteg Abang,86.62936
2026-04-18 06:00:00 - Kali Anyar - Kreteg Abang,86.29314
2026-04-18 12:00:00 - Kali Anyar - Kreteg Abang,86.39743
2026-04-18 18:00:00 - Kali Anyar - Kreteg Abang,86.2748
2026-04-19 06:00:00 - Kali Anyar - Kreteg Abang,86.20665
2026-04-19 12:00:00 - Kali Anyar - Kreteg Abang,86.36018
2026-04-19 18:00:00 - Kali Anyar - Kreteg Abang,86.40971
2026-04-20 06:00:00 - Kali Anyar - Kreteg Abang,86.35794
2026-04-20 12:00:00 - Kali Anyar - Kreteg Abang,86.27457
2026-04-20 18:00:00 - Kali Anyar - Kreteg Abang,86.19876
2026-04-21 06:00:00 - Kali Anyar - Kreteg Abang,86.313644
2026-04-21 12:00:00 - Kali Anyar - Kreteg Abang,86.362495
2026-04-21 18:00:00 - Kali Anyar - Kreteg Abang,86.82174
2026-04-22 06:00:00 - Kali Anyar - Kreteg Abang,86.15588
2026-04-22 12:00:00 - Kali Anyar - Kreteg Abang,86.28844
2026-04-22 18:00:00 - Kali Anyar - Kreteg Abang,86.26834
2026-04-23 06:00:00 - Kali Anyar - Kreteg Abang,86.18342
2026-04-23 12:00:00 - Kali Anyar - Kreteg Abang,86.33919
2026-04-23 18:00:00 - Kali Anyar - Kreteg Abang,86.513985
2026-04-24 06:00:00 - Kali Anyar - Kreteg Abang,86.257935
2026-04-24 12:00:00 - Kali Anyar - Kreteg Abang,86.22141
2026-04-24 18:00:00 - Kali Anyar - Kreteg Abang,86.145164
2026-04-25 06:00:00 - Kali Anyar - Kreteg Abang,86.25039
2026-04-25 12:00:00 - Kali Anyar - Kreteg Abang,86.221535
2026-04-25 18:00:00 - Kali Anyar - Kreteg Abang,86.16838
2026-04-26 06:00:00 - Kali Anyar - Kreteg Abang,86.05721
2026-04-26 12:00:00 - Kali Anyar - Kreteg Abang,86.14645
2026-04-26 18:00:00 - Kali Anyar - Kreteg Abang,87.175896
2026-04-27 06:00:00 - Kali Anyar - Kreteg Abang,86.13684
2026-04-27 12:00:00 - Kali Anyar - Kreteg Abang,86.06491
2026-04-27 18:00:00 - Kali Anyar - Kreteg Abang,86.12981
2026-04-28 06:00:00 - Kali Anyar - Kreteg Abang,86.181
2026-04-28 12:00:00 - Kali Anyar - Kreteg Abang,86.29597
2026-04-28 18:00:00 - Kali Anyar - Kreteg Abang,86.562454
2026-04-29 06:00:00 - Kali Anyar - Kreteg Abang,86.16131
2026-04-29 12:00:00 - Kali Anyar - Kreteg Abang,86.27183
2026-04-29 18:00:00 - Kali Anyar - Kreteg Abang,86.305595
2026-04-30 06:00:00 - Kali Anyar - Kreteg Abang,86.1913
2026-04-30 12:00:00 - Kali Anyar - Kreteg Abang,86.16078
2026-04-30 18:00:00 - Kali Anyar - Kreteg Abang,86.11304
2026-05-01 06:00:00 - Kali Anyar - Kreteg Abang,86.242966
2026-05-01 12:00:00 - Kali Anyar - Kreteg Abang,86.193085
2026-05-01 18:00:00 - Kali Anyar - Kreteg Abang,92.29978
2026-05-02 06:00:00 - Kali Anyar - Kreteg Abang,86.002625
2026-05-02 12:00:00 - Kali Anyar - Kreteg Abang,86.1103
2026-05-02 18:00:00 - Kali Anyar - Kreteg Abang,85.93515
2026-05-03 06:00:00 - Kali Anyar - Kreteg Abang,85.993515
2026-05-03 12:00:00 - Kali Anyar - Kreteg Abang,86.09867
2026-05-03 18:00:00 - Kali Anyar - Kreteg Abang,85.76656
2026-05-04 06:00:00 - Kali Anyar - Kreteg Abang,86.05904
2026-05-04 12:00:00 - Kali Anyar - Kreteg Abang,86.12791
2026-05-04 18:00:00 - Kali Anyar - Kreteg Abang,85.81502
2026-05-05 06:00:00 - Kali Anyar - Kreteg Abang,85.9954
2026-05-05 12:00:00 - Kali Anyar - Kreteg Abang,86.043076
2026-05-05 18:00:00 - Kali Anyar - Kreteg Abang,85.99757
2026-05-06 06:00:00 - Kali Anyar - Kreteg Abang,85.99068
2026-05-06 12:00:00 - Kali Anyar - Kreteg Abang,86.03408
2026-05-06 18:00:00 - Kali Anyar - Kreteg Abang,85.95979
2026-05-07 06:00:00 - Kali Anyar - Kreteg Abang,86.02667
2026-05-07 12:00:00 - Kali Anyar - Kreteg Abang,86.02486
2026-05-07 18:00:00 - Kali Anyar - Kreteg Abang,85.75818
2026-05-08 06:00:00 - Kali Anyar - Kreteg Abang,86.015175
2026-05-08 12:00:00 - Kali Anyar - Kreteg Abang,86.04712
2026-05-08 18:00:00 - Kali Anyar - Kreteg Abang,86.13204
2026-05-09 06:00:00 - Kali Anyar - Kreteg Abang,85.97044
2026-05-09 12:00:00 - Kali Anyar - Kreteg Abang,86.04895
2026-05-09 18:00:00 - Kali Anyar - Kreteg Abang,86.03545
2026-05-10 06:00:00 - Kali Anyar - Kreteg Abang,86.01198
2026-05-10 12:00:00 - Kali Anyar - Kreteg Abang,85.964134
2026-05-10 18:00:00 - Kali Anyar - Kreteg Abang,86.083
2026-05-11 06:00:00 - Kali Anyar - Kreteg Abang,86.03585
2026-05-11 12:00:00 - Kali Anyar - Kreteg Abang,86.05285
2026-05-11 18:00:00 - Kali Anyar - Kreteg Abang,86.02111
2026-05-12 06:00:00 - Kali Anyar - Kreteg Abang,86.05997
2026-05-12 12:00:00 - Kali Anyar - Kreteg Abang,86.090164
2026-05-12 18:00:00 - Kali Anyar - Kreteg Abang,87.32193
2026-05-13 06:00:00 - Kali Anyar - Kreteg Abang,86.03919
2026-05-13 12:00:00 - Kali Anyar - Kreteg Abang,85.996155
2026-05-13 18:00:00 - Kali Anyar - Kreteg Abang,85.97136
2026-05-14 06:00:00 - Kali Anyar - Kreteg Abang,86.00776
2026-05-14 12:00:00 - Kali Anyar - Kreteg Abang,86.10219
2026-05-14 18:00:00 - Kali Anyar - Kreteg Abang,85.92054
2026-05-15 06:00:00 - Kali Anyar - Kreteg Abang,86.045006
2026-05-15 12:00:00 - Kali Anyar - Kreteg Abang,86.53596
2026-05-15 18:00:00 - Kali Anyar - Kreteg Abang,86.01171
2026-05-16 06:00:00 - Kali Anyar - Kreteg Abang,86.04124
2026-05-16 12:00:00 - Kali Anyar - Kreteg Abang,86.0487
2026-05-16 18:00:00 - Kali Anyar - Kreteg Abang,86.05635
2026-05-17 06:00:00 - Kali Anyar - Kreteg Abang,86.0827
2026-05-17 12:00:00 - Kali Anyar - Kreteg Abang,86.01759
2026-05-17 18:00:00 - Kali Anyar - Kreteg Abang,86.11799
2026-05-18 06:00:00 - Kali Anyar - Kreteg Abang,86.0261
2026-05-18 12:00:00 - Kali Anyar - Kreteg Abang,85.99735
2026-05-18 18:00:00 - Kali Anyar - Kreteg Abang,85.99721
2025-09-19 06:00:00 - Kali Pepe - PTPN,82.59389
2025-09-19 12:00:00 - Kali Pepe - PTPN,82.68702
2025-09-19 18:00:00 - Kali Pepe - PTPN,82.706856
2025-09-20 06:00:00 - Kali Pepe - PTPN,82.457924
2025-09-20 12:00:00 - Kali Pepe - PTPN,82.73014
2025-09-20 18:00:00 - Kali Pepe - PTPN,82.56577
2025-09-21 06:00:00 - Kali Pepe - PTPN,82.84491
2025-09-21 12:00:00 - Kali Pepe - PTPN,82.85706
2025-09-21 18:00:00 - Kali Pepe - PTPN,82.82447
2025-09-22 06:00:00 - Kali Pepe - PTPN,82.79528
2025-09-22 12:00:00 - Kali Pepe - PTPN,84.63604
2025-09-22 18:00:00 - Kali Pepe - PTPN,82.87452
2025-09-23 06:00:00 - Kali Pepe - PTPN,83.74353
2025-09-23 12:00:00 - Kali Pepe - PTPN,84.60782
2025-09-23 18:00:00 - Kali Pepe - PTPN,82.91344
2025-09-24 06:00:00 - Kali Pepe - PTPN,82.80253
2025-09-24 12:00:00 - Kali Pepe - PTPN,84.21602
2025-09-24 18:00:00 - Kali Pepe - PTPN,82.56354
2025-09-25 06:00:00 - Kali Pepe - PTPN,82.83469
2025-09-25 12:00:00 - Kali Pepe - PTPN,84.546425
2025-09-25 18:00:00 - Kali Pepe - PTPN,82.30198
2025-09-26 06:00:00 - Kali Pepe - PTPN,82.854904
2025-09-26 12:00:00 - Kali Pepe - PTPN,83.51098
2025-09-26 18:00:00 - Kali Pepe - PTPN,83.48367
2025-09-27 06:00:00 - Kali Pepe - PTPN,82.7805
2025-09-27 12:00:00 - Kali Pepe - PTPN,83.2039
2025-09-27 18:00:00 - Kali Pepe - PTPN,83.35314
2025-09-28 06:00:00 - Kali Pepe - PTPN,82.784294
2025-09-28 12:00:00 - Kali Pepe - PTPN,84.23031
2025-09-28 18:00:00 - Kali Pepe - PTPN,83.027054
2025-09-29 06:00:00 - Kali Pepe - PTPN,82.783676
2025-09-29 12:00:00 - Kali Pepe - PTPN,83.11276
2025-09-29 18:00:00 - Kali Pepe - PTPN,82.79357
2025-09-30 06:00:00 - Kali Pepe - PTPN,82.76605
2025-09-30 12:00:00 - Kali Pepe - PTPN,82.7826
2025-09-30 18:00:00 - Kali Pepe - PTPN,82.78176
2025-10-01 06:00:00 - Kali Pepe - PTPN,82.788506
2025-10-01 12:00:00 - Kali Pepe - PTPN,82.840546
2025-10-01 18:00:00 - Kali Pepe - PTPN,83.25335
2025-10-02 06:00:00 - Kali Pepe - PTPN,82.99122
2025-10-02 12:00:00 - Kali Pepe - PTPN,84.69837
2025-10-02 18:00:00 - Kali Pepe - PTPN,82.542
2025-10-03 06:00:00 - Kali Pepe - PTPN,82.61251
2025-10-03 12:00:00 - Kali Pepe - PTPN,83.52889
2025-10-03 18:00:00 - Kali Pepe - PTPN,83.57336
2025-10-04 06:00:00 - Kali Pepe - PTPN,83.56188
2025-10-04 12:00:00 - Kali Pepe - PTPN,83.58555
2025-10-04 18:00:00 - Kali Pepe - PTPN,82.565994
2025-10-05 06:00:00 - Kali Pepe - PTPN,82.66606
2025-10-05 12:00:00 - Kali Pepe - PTPN,85.3159
2025-10-05 18:00:00 - Kali Pepe - PTPN,82.15819
2025-10-06 06:00:00 - Kali Pepe - PTPN,82.569374
2025-10-06 12:00:00 - Kali Pepe - PTPN,82.4711
2025-10-06 18:00:00 - Kali Pepe - PTPN,81.548805
2025-10-07 06:00:00 - Kali Pepe - PTPN,82.727646
2025-10-07 12:00:00 - Kali Pepe - PTPN,84.22263
2025-10-07 18:00:00 - Kali Pepe - PTPN,81.6244
2025-10-08 06:00:00 - Kali Pepe - PTPN,83.32879
2025-10-08 12:00:00 - Kali Pepe - PTPN,85.126656
2025-10-08 18:00:00 - Kali Pepe - PTPN,82.87994
2025-10-09 06:00:00 - Kali Pepe - PTPN,82.492516
2025-10-09 12:00:00 - Kali Pepe - PTPN,84.98468
2025-10-09 18:00:00 - Kali Pepe - PTPN,84.650375
2025-10-10 06:00:00 - Kali Pepe - PTPN,82.41728
2025-10-10 12:00:00 - Kali Pepe - PTPN,82.165474
2025-10-10 18:00:00 - Kali Pepe - PTPN,83.115746
2025-10-11 06:00:00 - Kali Pepe - PTPN,82.51453
2025-10-11 12:00:00 - Kali Pepe - PTPN,84.26871
2025-10-11 18:00:00 - Kali Pepe - PTPN,82.10705
2025-10-12 06:00:00 - Kali Pepe - PTPN,82.52625
2025-10-12 12:00:00 - Kali Pepe - PTPN,82.5015
2025-10-12 18:00:00 - Kali Pepe - PTPN,82.20183
2025-10-13 06:00:00 - Kali Pepe - PTPN,82.454636
2025-10-13 12:00:00 - Kali Pepe - PTPN,82.26461
2025-10-13 18:00:00 - Kali Pepe - PTPN,82.24784
2025-10-14 06:00:00 - Kali Pepe - PTPN,82.37351
2025-10-14 12:00:00 - Kali Pepe - PTPN,84.18847
2025-10-14 18:00:00 - Kali Pepe - PTPN,81.6696
2025-10-15 06:00:00 - Kali Pepe - PTPN,82.45677
2025-10-15 12:00:00 - Kali Pepe - PTPN,84.05675
2025-10-15 18:00:00 - Kali Pepe - PTPN,80.9769
2025-10-16 06:00:00 - Kali Pepe - PTPN,82.48322
2025-10-16 12:00:00 - Kali Pepe - PTPN,84.05094
2025-10-16 18:00:00 - Kali Pepe - PTPN,82.14479
2025-10-17 06:00:00 - Kali Pepe - PTPN,82.496254
2025-10-17 12:00:00 - Kali Pepe - PTPN,84.65558
2025-10-17 18:00:00 - Kali Pepe - PTPN,82.446884
2025-10-18 06:00:00 - Kali Pepe - PTPN,82.462616
2025-10-18 12:00:00 - Kali Pepe - PTPN,82.28835
2025-10-18 18:00:00 - Kali Pepe - PTPN,82.27698
2025-10-19 06:00:00 - Kali Pepe - PTPN,82.5811
2025-10-19 12:00:00 - Kali Pepe - PTPN,82.62056
2025-10-19 18:00:00 - Kali Pepe - PTPN,83.26145
2025-10-20 06:00:00 - Kali Pepe - PTPN,82.48699
2025-10-20 12:00:00 - Kali Pepe - PTPN,82.41407
2025-10-20 18:00:00 - Kali Pepe - PTPN,82.534935
2025-10-21 06:00:00 - Kali Pepe - PTPN,82.46219
2025-10-21 12:00:00 - Kali Pepe - PTPN,82.626366
2025-10-21 18:00:00 - Kali Pepe - PTPN,82.77252
2025-10-22 06:00:00 - Kali Pepe - PTPN,82.525665
2025-10-22 12:00:00 - Kali Pepe - PTPN,82.54622
2025-10-22 18:00:00 - Kali Pepe - PTPN,82.35372
2025-10-23 06:00:00 - Kali Pepe - PTPN,82.727684
2025-10-23 12:00:00 - Kali Pepe - PTPN,82.44996
2025-10-23 18:00:00 - Kali Pepe - PTPN,83.40596
2025-10-24 06:00:00 - Kali Pepe - PTPN,82.63316
2025-10-24 12:00:00 - Kali Pepe - PTPN,83.44596
2025-10-24 18:00:00 - Kali Pepe - PTPN,83.47485
2025-10-25 06:00:00 - Kali Pepe - PTPN,82.62406
2025-10-25 12:00:00 - Kali Pepe - PTPN,82.58751
2025-10-25 18:00:00 - Kali Pepe - PTPN,82.63847
2025-10-26 06:00:00 - Kali Pepe - PTPN,82.5048
2025-10-26 12:00:00 - Kali Pepe - PTPN,82.47584
2025-10-26 18:00:00 - Kali Pepe - PTPN,82.631966
2025-10-27 06:00:00 - Kali Pepe - PTPN,82.46475
2025-10-27 12:00:00 - Kali Pepe - PTPN,82.420616
2025-10-27 18:00:00 - Kali Pepe - PTPN,82.56392
2025-10-28 06:00:00 - Kali Pepe - PTPN,82.59526
2025-10-28 12:00:00 - Kali Pepe - PTPN,82.482315
2025-10-28 18:00:00 - Kali Pepe - PTPN,82.68058
2025-10-29 06:00:00 - Kali Pepe - PTPN,82.864365
2025-10-29 12:00:00 - Kali Pepe - PTPN,82.738686
2025-10-29 18:00:00 - Kali Pepe - PTPN,82.64693
2025-10-30 06:00:00 - Kali Pepe - PTPN,82.5488
2025-10-30 12:00:00 - Kali Pepe - PTPN,82.52938
2025-10-30 18:00:00 - Kali Pepe - PTPN,82.45371
2025-10-31 06:00:00 - Kali Pepe - PTPN,82.502304
2025-10-31 12:00:00 - Kali Pepe - PTPN,82.39457
2025-10-31 18:00:00 - Kali Pepe - PTPN,82.82324
2025-11-01 06:00:00 - Kali Pepe - PTPN,82.35368
2025-11-01 12:00:00 - Kali Pepe - PTPN,82.43353
2025-11-01 18:00:00 - Kali Pepe - PTPN,82.553474
2025-11-02 06:00:00 - Kali Pepe - PTPN,82.446754
2025-11-02 12:00:00 - Kali Pepe - PTPN,82.31382
2025-11-02 18:00:00 - Kali Pepe - PTPN,82.46453
2025-11-03 06:00:00 - Kali Pepe - PTPN,82.48506
2025-11-03 12:00:00 - Kali Pepe - PTPN,82.46442
2025-11-03 18:00:00 - Kali Pepe - PTPN,82.47149
2025-11-04 06:00:00 - Kali Pepe - PTPN,82.31754
2025-11-04 12:00:00 - Kali Pepe - PTPN,82.583466
2025-11-04 18:00:00 - Kali Pepe - PTPN,82.581955
2025-11-05 06:00:00 - Kali Pepe - PTPN,82.44809
2025-11-05 12:00:00 - Kali Pepe - PTPN,82.483894
2025-11-05 18:00:00 - Kali Pepe - PTPN,82.60102
2025-11-06 06:00:00 - Kali Pepe - PTPN,82.76397
2025-11-06 12:00:00 - Kali Pepe - PTPN,82.57449
2025-11-06 18:00:00 - Kali Pepe - PTPN,82.5105
2025-11-07 06:00:00 - Kali Pepe - PTPN,82.63967
2025-11-07 12:00:00 - Kali Pepe - PTPN,82.300735
2025-11-07 18:00:00 - Kali Pepe - PTPN,82.329124
2025-11-08 06:00:00 - Kali Pepe - PTPN,82.44023
2025-11-08 12:00:00 - Kali Pepe - PTPN,82.415115
2025-11-08 18:00:00 - Kali Pepe - PTPN,82.494675
2025-11-09 06:00:00 - Kali Pepe - PTPN,82.56395
2025-11-09 12:00:00 - Kali Pepe - PTPN,82.83369
2025-11-09 18:00:00 - Kali Pepe - PTPN,82.68588
2025-11-10 06:00:00 - Kali Pepe - PTPN,82.79732
2025-11-10 12:00:00 - Kali Pepe - PTPN,82.65362
2025-11-10 18:00:00 - Kali Pepe - PTPN,82.71147
2025-11-11 06:00:00 - Kali Pepe - PTPN,82.790535
2025-11-11 12:00:00 - Kali Pepe - PTPN,82.55437
2025-11-11 18:00:00 - Kali Pepe - PTPN,82.452675
2025-11-12 06:00:00 - Kali Pepe - PTPN,82.71672
2025-11-12 12:00:00 - Kali Pepe - PTPN,82.77253
2025-11-12 18:00:00 - Kali Pepe - PTPN,82.82262
2025-11-13 06:00:00 - Kali Pepe - PTPN,82.72575
2025-11-13 12:00:00 - Kali Pepe - PTPN,82.66378
2025-11-13 18:00:00 - Kali Pepe - PTPN,82.82747
2025-11-14 06:00:00 - Kali Pepe - PTPN,82.69926
2025-11-14 12:00:00 - Kali Pepe - PTPN,82.70506
2025-11-14 18:00:00 - Kali Pepe - PTPN,82.71902
2025-11-15 06:00:00 - Kali Pepe - PTPN,83.53706
2025-11-15 12:00:00 - Kali Pepe - PTPN,83.67767
2025-11-15 18:00:00 - Kali Pepe - PTPN,82.622375
2025-11-16 06:00:00 - Kali Pepe - PTPN,82.49395
2025-11-16 12:00:00 - Kali Pepe - PTPN,82.48823
2025-11-16 18:00:00 - Kali Pepe - PTPN,82.62453
2025-11-17 06:00:00 - Kali Pepe - PTPN,82.592766
2025-11-17 12:00:00 - Kali Pepe - PTPN,82.58683
2025-11-17 18:00:00 - Kali Pepe - PTPN,82.58178
2025-11-18 06:00:00 - Kali Pepe - PTPN,82.51118
2025-11-18 12:00:00 - Kali Pepe - PTPN,82.383995
2025-11-18 18:00:00 - Kali Pepe - PTPN,82.56096
2025-11-19 06:00:00 - Kali Pepe - PTPN,82.7477
2025-11-19 12:00:00 - Kali Pepe - PTPN,82.6192
2025-11-19 18:00:00 - Kali Pepe - PTPN,81.76048
2025-11-20 06:00:00 - Kali Pepe - PTPN,82.57308
2025-11-20 12:00:00 - Kali Pepe - PTPN,82.52885
2025-11-20 18:00:00 - Kali Pepe - PTPN,82.71859
2025-11-21 06:00:00 - Kali Pepe - PTPN,82.781265
2025-11-21 12:00:00 - Kali Pepe - PTPN,82.519295
2025-11-21 18:00:00 - Kali Pepe - PTPN,82.71165
2025-11-22 06:00:00 - Kali Pepe - PTPN,82.73377
2025-11-22 12:00:00 - Kali Pepe - PTPN,82.67063
2025-11-22 18:00:00 - Kali Pepe - PTPN,82.48172
2025-11-23 06:00:00 - Kali Pepe - PTPN,82.552925
2025-11-23 12:00:00 - Kali Pepe - PTPN,82.61072
2025-11-23 18:00:00 - Kali Pepe - PTPN,82.745804
2025-11-24 06:00:00 - Kali Pepe - PTPN,82.72369
2025-11-24 12:00:00 - Kali Pepe - PTPN,82.74116
2025-11-24 18:00:00 - Kali Pepe - PTPN,82.6691
2025-11-25 06:00:00 - Kali Pepe - PTPN,82.597435
2025-11-25 12:00:00 - Kali Pepe - PTPN,82.583
2025-11-25 18:00:00 - Kali Pepe - PTPN,82.68221
2025-11-26 06:00:00 - Kali Pepe - PTPN,82.84435
2025-11-26 12:00:00 - Kali Pepe - PTPN,82.78542
2025-11-26 18:00:00 - Kali Pepe - PTPN,82.92469
2025-11-27 06:00:00 - Kali Pepe - PTPN,84.52949
2025-11-27 12:00:00 - Kali Pepe - PTPN,82.98311
2025-11-27 18:00:00 - Kali Pepe - PTPN,82.963036
2025-11-28 06:00:00 - Kali Pepe - PTPN,83.183586
2025-11-28 12:00:00 - Kali Pepe - PTPN,82.93937
2025-11-28 18:00:00 - Kali Pepe - PTPN,82.56477
2025-11-29 06:00:00 - Kali Pepe - PTPN,82.89248
2025-11-29 12:00:00 - Kali Pepe - PTPN,82.86839
2025-11-29 18:00:00 - Kali Pepe - PTPN,83.37269
2025-11-30 06:00:00 - Kali Pepe - PTPN,83.21038
2025-11-30 12:00:00 - Kali Pepe - PTPN,83.33998
2025-11-30 18:00:00 - Kali Pepe - PTPN,83.16927
2025-12-01 06:00:00 - Kali Pepe - PTPN,85.28549
2025-12-01 12:00:00 - Kali Pepe - PTPN,83.84539
2025-12-01 18:00:00 - Kali Pepe - PTPN,84.32904
2025-12-02 06:00:00 - Kali Pepe - PTPN,83.93757
2025-12-02 12:00:00 - Kali Pepe - PTPN,84.315994
2025-12-02 18:00:00 - Kali Pepe - PTPN,84.49358
2025-12-03 06:00:00 - Kali Pepe - PTPN,83.71798
2025-12-03 12:00:00 - Kali Pepe - PTPN,82.83958
2025-12-03 18:00:00 - Kali Pepe - PTPN,83.52244
2025-12-04 06:00:00 - Kali Pepe - PTPN,83.84306
2025-12-04 12:00:00 - Kali Pepe - PTPN,83.73487
2025-12-04 18:00:00 - Kali Pepe - PTPN,83.19576
2025-12-05 06:00:00 - Kali Pepe - PTPN,82.94527
2025-12-05 12:00:00 - Kali Pepe - PTPN,83.018265
2025-12-05 18:00:00 - Kali Pepe - PTPN,83.1622
2025-12-06 06:00:00 - Kali Pepe - PTPN,82.79096
2025-12-06 12:00:00 - Kali Pepe - PTPN,82.74133
2025-12-06 18:00:00 - Kali Pepe - PTPN,84.355064
2025-12-07 06:00:00 - Kali Pepe - PTPN,82.55488
2025-12-07 12:00:00 - Kali Pepe - PTPN,82.71065
2025-12-07 18:00:00 - Kali Pepe - PTPN,82.87788
2025-12-08 06:00:00 - Kali Pepe - PTPN,82.57283
2025-12-08 12:00:00 - Kali Pepe - PTPN,83.629814
2025-12-08 18:00:00 - Kali Pepe - PTPN,82.277145
2025-12-09 06:00:00 - Kali Pepe - PTPN,82.98006
2025-12-09 12:00:00 - Kali Pepe - PTPN,82.6847
2025-12-09 18:00:00 - Kali Pepe - PTPN,82.83182
2025-12-10 06:00:00 - Kali Pepe - PTPN,83.80337
2025-12-10 12:00:00 - Kali Pepe - PTPN,82.79049
2025-12-10 18:00:00 - Kali Pepe - PTPN,82.76396
2025-12-11 06:00:00 - Kali Pepe - PTPN,82.85571
2025-12-11 12:00:00 - Kali Pepe - PTPN,82.7255
2025-12-11 18:00:00 - Kali Pepe - PTPN,83.75209
2025-12-12 06:00:00 - Kali Pepe - PTPN,82.66685
2025-12-12 12:00:00 - Kali Pepe - PTPN,82.67937
2025-12-12 18:00:00 - Kali Pepe - PTPN,82.500694
2025-12-13 06:00:00 - Kali Pepe - PTPN,83.51197
2025-12-13 12:00:00 - Kali Pepe - PTPN,82.57008
2025-12-13 18:00:00 - Kali Pepe - PTPN,83.52435
2025-12-14 06:00:00 - Kali Pepe - PTPN,82.72669
2025-12-14 12:00:00 - Kali Pepe - PTPN,82.761505
2025-12-14 18:00:00 - Kali Pepe - PTPN,82.701004
2025-12-15 06:00:00 - Kali Pepe - PTPN,82.82208
2025-12-15 12:00:00 - Kali Pepe - PTPN,82.80051
2025-12-15 18:00:00 - Kali Pepe - PTPN,82.7554
2025-12-16 06:00:00 - Kali Pepe - PTPN,82.67782
2025-12-16 12:00:00 - Kali Pepe - PTPN,82.750946
2025-12-16 18:00:00 - Kali Pepe - PTPN,82.36037
2025-12-17 06:00:00 - Kali Pepe - PTPN,83.209206
2025-12-17 12:00:00 - Kali Pepe - PTPN,82.935875
2025-12-17 18:00:00 - Kali Pepe - PTPN,83.315094
2025-12-18 06:00:00 - Kali Pepe - PTPN,82.84502
2025-12-18 12:00:00 - Kali Pepe - PTPN,83.14768
2025-12-18 18:00:00 - Kali Pepe - PTPN,83.14017
2025-12-19 06:00:00 - Kali Pepe - PTPN,83.17594
2025-12-19 12:00:00 - Kali Pepe - PTPN,83.571815
2025-12-19 18:00:00 - Kali Pepe - PTPN,83.144554
2025-12-20 06:00:00 - Kali Pepe - PTPN,83.47239
2025-12-20 12:00:00 - Kali Pepe - PTPN,83.34472
2025-12-20 18:00:00 - Kali Pepe - PTPN,82.93563
2025-12-21 06:00:00 - Kali Pepe - PTPN,82.839966
2025-12-21 12:00:00 - Kali Pepe - PTPN,83.30009
2025-12-21 18:00:00 - Kali Pepe - PTPN,83.32179
2025-12-22 06:00:00 - Kali Pepe - PTPN,83.20319
2025-12-22 12:00:00 - Kali Pepe - PTPN,83.29552
2025-12-22 18:00:00 - Kali Pepe - PTPN,83.35354
2025-12-23 06:00:00 - Kali Pepe - PTPN,82.67095
2025-12-23 12:00:00 - Kali Pepe - PTPN,83.04978
2025-12-23 18:00:00 - Kali Pepe - PTPN,83.22295
2025-12-24 06:00:00 - Kali Pepe - PTPN,83.21856
2025-12-24 12:00:00 - Kali Pepe - PTPN,83.086876
2025-12-24 18:00:00 - Kali Pepe - PTPN,83.301544
2025-12-25 06:00:00 - Kali Pepe - PTPN,83.33181
2025-12-25 12:00:00 - Kali Pepe - PTPN,82.80543
2025-12-25 18:00:00 - Kali Pepe - PTPN,83.39046
2025-12-26 06:00:00 - Kali Pepe - PTPN,83.2336
2025-12-26 12:00:00 - Kali Pepe - PTPN,83.684746
2025-12-26 18:00:00 - Kali Pepe - PTPN,83.7852
2025-12-27 06:00:00 - Kali Pepe - PTPN,83.90405
2025-12-27 12:00:00 - Kali Pepe - PTPN,83.78243
2025-12-27 18:00:00 - Kali Pepe - PTPN,82.785774
2025-12-28 06:00:00 - Kali Pepe - PTPN,84.47723
2025-12-28 12:00:00 - Kali Pepe - PTPN,83.33089
2025-12-28 18:00:00 - Kali Pepe - PTPN,84.02262
2025-12-29 06:00:00 - Kali Pepe - PTPN,84.06567
2025-12-29 12:00:00 - Kali Pepe - PTPN,84.085236
2025-12-29 18:00:00 - Kali Pepe - PTPN,83.1319
2025-12-30 06:00:00 - Kali Pepe - PTPN,82.58002
2025-12-30 12:00:00 - Kali Pepe - PTPN,83.2696
2025-12-30 18:00:00 - Kali Pepe - PTPN,83.2567
2025-12-31 06:00:00 - Kali Pepe - PTPN,83.009476
2025-12-31 12:00:00 - Kali Pepe - PTPN,82.65609
2025-12-31 18:00:00 - Kali Pepe - PTPN,82.66447
2026-01-01 06:00:00 - Kali Pepe - PTPN,82.58469
2026-01-01 12:00:00 - Kali Pepe - PTPN,82.84447
2026-01-01 18:00:00 - Kali Pepe - PTPN,82.8495
2026-01-02 06:00:00 - Kali Pepe - PTPN,82.6505
2026-01-02 12:00:00 - Kali Pepe - PTPN,83.02428
2026-01-02 18:00:00 - Kali Pepe - PTPN,82.99965
2026-01-03 06:00:00 - Kali Pepe - PTPN,82.49174
2026-01-03 12:00:00 - Kali Pepe - PTPN,82.51749
2026-01-03 18:00:00 - Kali Pepe - PTPN,82.64563
2026-01-04 06:00:00 - Kali Pepe - PTPN,82.951965
2026-01-04 12:00:00 - Kali Pepe - PTPN,82.60986
2026-01-04 18:00:00 - Kali Pepe - PTPN,82.78312
2026-01-05 06:00:00 - Kali Pepe - PTPN,82.6421
2026-01-05 12:00:00 - Kali Pepe - PTPN,83.16191
2026-01-05 18:00:00 - Kali Pepe - PTPN,82.573074
2026-01-06 06:00:00 - Kali Pepe - PTPN,83.02539
2026-01-06 12:00:00 - Kali Pepe - PTPN,82.50405
2026-01-06 18:00:00 - Kali Pepe - PTPN,82.86691
2026-01-07 06:00:00 - Kali Pepe - PTPN,82.5871
2026-01-07 12:00:00 - Kali Pepe - PTPN,82.40294
2026-01-07 18:00:00 - Kali Pepe - PTPN,82.69542
2026-01-08 06:00:00 - Kali Pepe - PTPN,83.22388
2026-01-08 12:00:00 - Kali Pepe - PTPN,83.16296
2026-01-08 18:00:00 - Kali Pepe - PTPN,83.478325
2026-01-09 06:00:00 - Kali Pepe - PTPN,83.23964
2026-01-09 12:00:00 - Kali Pepe - PTPN,83.29057
2026-01-09 18:00:00 - Kali Pepe - PTPN,82.95538
2026-01-10 06:00:00 - Kali Pepe - PTPN,82.90333
2026-01-10 12:00:00 - Kali Pepe - PTPN,83.424194
2026-01-10 18:00:00 - Kali Pepe - PTPN,83.141556
2026-01-11 06:00:00 - Kali Pepe - PTPN,84.73925
2026-01-11 12:00:00 - Kali Pepe - PTPN,84.63481
2026-01-11 18:00:00 - Kali Pepe - PTPN,84.32989
2026-01-12 06:00:00 - Kali Pepe - PTPN,84.12532
2026-01-12 12:00:00 - Kali Pepe - PTPN,84.30313
2026-01-12 18:00:00 - Kali Pepe - PTPN,84.696556
2026-01-13 06:00:00 - Kali Pepe - PTPN,84.58558
2026-01-13 12:00:00 - Kali Pepe - PTPN,84.633156
2026-01-13 18:00:00 - Kali Pepe - PTPN,84.78605
2026-01-14 06:00:00 - Kali Pepe - PTPN,84.258286
2026-01-14 12:00:00 - Kali Pepe - PTPN,84.763596
2026-01-14 18:00:00 - Kali Pepe - PTPN,84.91449
2026-01-15 06:00:00 - Kali Pepe - PTPN,84.47308
2026-01-15 12:00:00 - Kali Pepe - PTPN,84.279076
2026-01-15 18:00:00 - Kali Pepe - PTPN,84.33939
2026-01-16 06:00:00 - Kali Pepe - PTPN,84.6319
2026-01-16 12:00:00 - Kali Pepe - PTPN,85.00142
2026-01-16 18:00:00 - Kali Pepe - PTPN,86.39561
2026-01-17 06:00:00 - Kali Pepe - PTPN,84.46861
2026-01-17 12:00:00 - Kali Pepe - PTPN,84.96732
2026-01-17 18:00:00 - Kali Pepe - PTPN,84.71026
2026-01-18 06:00:00 - Kali Pepe - PTPN,84.62891
2026-01-18 12:00:00 - Kali Pepe - PTPN,83.990974
2026-01-18 18:00:00 - Kali Pepe - PTPN,84.59549
2026-01-19 06:00:00 - Kali Pepe - PTPN,84.155136
2026-01-19 12:00:00 - Kali Pepe - PTPN,83.94272
2026-01-19 18:00:00 - Kali Pepe - PTPN,82.74359
2026-01-20 06:00:00 - Kali Pepe - PTPN,82.55827
2026-01-20 12:00:00 - Kali Pepe - PTPN,82.42728
2026-01-20 18:00:00 - Kali Pepe - PTPN,82.43071
2026-01-21 06:00:00 - Kali Pepe - PTPN,82.49631
2026-01-21 12:00:00 - Kali Pepe - PTPN,82.59003
2026-01-21 18:00:00 - Kali Pepe - PTPN,82.68212
2026-01-22 06:00:00 - Kali Pepe - PTPN,82.49617
2026-01-22 12:00:00 - Kali Pepe - PTPN,82.6017
2026-01-22 18:00:00 - Kali Pepe - PTPN,82.52387
2026-01-23 06:00:00 - Kali Pepe - PTPN,82.49719
2026-01-23 12:00:00 - Kali Pepe - PTPN,82.59372
2026-01-23 18:00:00 - Kali Pepe - PTPN,82.587395
2026-01-24 06:00:00 - Kali Pepe - PTPN,82.66235
2026-01-24 12:00:00 - Kali Pepe - PTPN,82.59585
2026-01-24 18:00:00 - Kali Pepe - PTPN,83.07259
2026-01-25 06:00:00 - Kali Pepe - PTPN,82.59464
2026-01-25 12:00:00 - Kali Pepe - PTPN,82.28658
2026-01-25 18:00:00 - Kali Pepe - PTPN,82.57296
2026-01-26 06:00:00 - Kali Pepe - PTPN,82.58009
2026-01-26 12:00:00 - Kali Pepe - PTPN,83.003525
2026-01-26 18:00:00 - Kali Pepe - PTPN,82.68025
2026-01-27 06:00:00 - Kali Pepe - PTPN,82.51689
2026-01-27 12:00:00 - Kali Pepe - PTPN,82.52444
2026-01-27 18:00:00 - Kali Pepe - PTPN,82.826096
2026-01-28 06:00:00 - Kali Pepe - PTPN,82.38662
2026-01-28 12:00:00 - Kali Pepe - PTPN,83.02108
2026-01-28 18:00:00 - Kali Pepe - PTPN,83.44686
2026-01-29 06:00:00 - Kali Pepe - PTPN,82.96927
2026-01-29 12:00:00 - Kali Pepe - PTPN,83.05617
2026-01-29 18:00:00 - Kali Pepe - PTPN,83.11578
2026-01-30 06:00:00 - Kali Pepe - PTPN,83.03062
2026-01-30 12:00:00 - Kali Pepe - PTPN,83.17163
2026-01-30 18:00:00 - Kali Pepe - PTPN,83.31934
2026-01-31 06:00:00 - Kali Pepe - PTPN,82.82681
2026-01-31 12:00:00 - Kali Pepe - PTPN,82.983986
2026-01-31 18:00:00 - Kali Pepe - PTPN,83.22082
2026-02-01 06:00:00 - Kali Pepe - PTPN,82.93388
2026-02-01 12:00:00 - Kali Pepe - PTPN,82.979256
2026-02-01 18:00:00 - Kali Pepe - PTPN,83.16382
2026-02-02 06:00:00 - Kali Pepe - PTPN,83.01082
2026-02-02 12:00:00 - Kali Pepe - PTPN,82.97232
2026-02-02 18:00:00 - Kali Pepe - PTPN,83.139725
2026-02-03 06:00:00 - Kali Pepe - PTPN,82.94603
2026-02-03 12:00:00 - Kali Pepe - PTPN,82.948456
2026-02-03 18:00:00 - Kali Pepe - PTPN,83.287796
2026-02-04 06:00:00 - Kali Pepe - PTPN,82.91305
2026-02-04 12:00:00 - Kali Pepe - PTPN,82.99334
2026-02-04 18:00:00 - Kali Pepe - PTPN,83.37831
2026-02-05 06:00:00 - Kali Pepe - PTPN,82.55584
2026-02-05 12:00:00 - Kali Pepe - PTPN,82.58294
2026-02-05 18:00:00 - Kali Pepe - PTPN,82.694984
2026-02-06 06:00:00 - Kali Pepe - PTPN,83.04557
2026-02-06 12:00:00 - Kali Pepe - PTPN,83.07329
2026-02-06 18:00:00 - Kali Pepe - PTPN,83.24482
2026-02-07 06:00:00 - Kali Pepe - PTPN,82.68717
2026-02-07 12:00:00 - Kali Pepe - PTPN,82.69045
2026-02-07 18:00:00 - Kali Pepe - PTPN,82.69739
2026-02-08 06:00:00 - Kali Pepe - PTPN,82.60633
2026-02-08 12:00:00 - Kali Pepe - PTPN,82.73623
2026-02-08 18:00:00 - Kali Pepe - PTPN,82.696335
2026-02-09 06:00:00 - Kali Pepe - PTPN,82.66858
2026-02-09 12:00:00 - Kali Pepe - PTPN,82.67579
2026-02-09 18:00:00 - Kali Pepe - PTPN,82.69299
2026-02-10 06:00:00 - Kali Pepe - PTPN,82.58123
2026-02-10 12:00:00 - Kali Pepe - PTPN,82.644135
2026-02-10 18:00:00 - Kali Pepe - PTPN,82.91224
2026-02-11 06:00:00 - Kali Pepe - PTPN,82.60844
2026-02-11 12:00:00 - Kali Pepe - PTPN,82.69658
2026-02-11 18:00:00 - Kali Pepe - PTPN,82.71094
2026-02-12 06:00:00 - Kali Pepe - PTPN,82.53984
2026-02-12 12:00:00 - Kali Pepe - PTPN,82.61728
2026-02-12 18:00:00 - Kali Pepe - PTPN,82.7953
2026-02-13 06:00:00 - Kali Pepe - PTPN,82.57241
2026-02-13 12:00:00 - Kali Pepe - PTPN,82.55218
2026-02-13 18:00:00 - Kali Pepe - PTPN,82.70846
2026-02-14 06:00:00 - Kali Pepe - PTPN,82.65431
2026-02-14 12:00:00 - Kali Pepe - PTPN,82.69951
2026-02-14 18:00:00 - Kali Pepe - PTPN,82.81072
2026-02-15 06:00:00 - Kali Pepe - PTPN,82.599396
2026-02-15 12:00:00 - Kali Pepe - PTPN,82.620605
2026-02-15 18:00:00 - Kali Pepe - PTPN,82.605774
2026-02-16 06:00:00 - Kali Pepe - PTPN,82.29639
2026-02-16 12:00:00 - Kali Pepe - PTPN,82.678955
2026-02-16 18:00:00 - Kali Pepe - PTPN,83.00597
2026-02-17 06:00:00 - Kali Pepe - PTPN,82.53005
2026-02-17 12:00:00 - Kali Pepe - PTPN,82.61346
2026-02-17 18:00:00 - Kali Pepe - PTPN,82.61166
2026-02-18 06:00:00 - Kali Pepe - PTPN,82.72309
2026-02-18 12:00:00 - Kali Pepe - PTPN,82.75275
2026-02-18 18:00:00 - Kali Pepe - PTPN,82.71187
2026-02-19 06:00:00 - Kali Pepe - PTPN,82.5348
2026-02-19 12:00:00 - Kali Pepe - PTPN,82.60172
2026-02-19 18:00:00 - Kali Pepe - PTPN,82.66402
2026-02-20 06:00:00 - Kali Pepe - PTPN,82.41634
2026-02-20 12:00:00 - Kali Pepe - PTPN,82.66782
2026-02-20 18:00:00 - Kali Pepe - PTPN,82.80834
2026-02-21 06:00:00 - Kali Pepe - PTPN,82.62226
2026-02-21 12:00:00 - Kali Pepe - PTPN,82.70825
2026-02-21 18:00:00 - Kali Pepe - PTPN,82.76156
2026-02-22 06:00:00 - Kali Pepe - PTPN,82.53402
2026-02-22 12:00:00 - Kali Pepe - PTPN,82.62612
2026-02-22 18:00:00 - Kali Pepe - PTPN,82.825935
2026-02-23 06:00:00 - Kali Pepe - PTPN,82.65513
2026-02-23 12:00:00 - Kali Pepe - PTPN,82.601006
2026-02-23 18:00:00 - Kali Pepe - PTPN,82.579926
2026-02-24 06:00:00 - Kali Pepe - PTPN,82.52743
2026-02-24 12:00:00 - Kali Pepe - PTPN,82.52074
2026-02-24 18:00:00 - Kali Pepe - PTPN,82.52921
2026-02-25 06:00:00 - Kali Pepe - PTPN,82.602745
2026-02-25 12:00:00 - Kali Pepe - PTPN,82.43759
2026-02-25 18:00:00 - Kali Pepe - PTPN,82.476585
2026-02-26 06:00:00 - Kali Pepe - PTPN,82.565346
2026-02-26 12:00:00 - Kali Pepe - PTPN,82.498314
2026-02-26 18:00:00 - Kali Pepe - PTPN,83.108315
2026-02-27 06:00:00 - Kali Pepe - PTPN,82.67711
2026-02-27 12:00:00 - Kali Pepe - PTPN,82.62104
2026-02-27 18:00:00 - Kali Pepe - PTPN,82.52022
2026-02-28 06:00:00 - Kali Pepe - PTPN,82.5702
2026-02-28 12:00:00 - Kali Pepe - PTPN,82.26716
2026-02-28 18:00:00 - Kali Pepe - PTPN,82.610344
2026-03-01 06:00:00 - Kali Pepe - PTPN,82.52975
2026-03-01 12:00:00 - Kali Pepe - PTPN,82.63134
2026-03-01 18:00:00 - Kali Pepe - PTPN,82.65319
2026-03-02 06:00:00 - Kali Pepe - PTPN,82.41497
2026-03-02 12:00:00 - Kali Pepe - PTPN,82.50842
2026-03-02 18:00:00 - Kali Pepe - PTPN,82.57226
2026-03-03 06:00:00 - Kali Pepe - PTPN,82.32665
2026-03-03 12:00:00 - Kali Pepe - PTPN,82.56974
2026-03-03 18:00:00 - Kali Pepe - PTPN,82.71341
2026-03-04 06:00:00 - Kali Pepe - PTPN,82.49339
2026-03-04 12:00:00 - Kali Pepe - PTPN,82.57833
2026-03-04 18:00:00 - Kali Pepe - PTPN,82.77834
2026-03-05 06:00:00 - Kali Pepe - PTPN,82.57236
2026-03-05 12:00:00 - Kali Pepe - PTPN,82.590126
2026-03-05 18:00:00 - Kali Pepe - PTPN,82.66071
2026-03-06 06:00:00 - Kali Pepe - PTPN,82.448784
2026-03-06 12:00:00 - Kali Pepe - PTPN,82.640564
2026-03-06 18:00:00 - Kali Pepe - PTPN,82.67343
2026-03-07 06:00:00 - Kali Pepe - PTPN,82.42549
2026-03-07 12:00:00 - Kali Pepe - PTPN,82.53911
2026-03-07 18:00:00 - Kali Pepe - PTPN,82.74005
2026-03-08 06:00:00 - Kali Pepe - PTPN,82.63915
2026-03-08 12:00:00 - Kali Pepe - PTPN,82.648636
2026-03-08 18:00:00 - Kali Pepe - PTPN,82.56716
2026-03-09 06:00:00 - Kali Pepe - PTPN,82.62116
2026-03-09 12:00:00 - Kali Pepe - PTPN,82.60122
2026-03-09 18:00:00 - Kali Pepe - PTPN,82.66636
2026-03-10 06:00:00 - Kali Pepe - PTPN,82.656876
2026-03-10 12:00:00 - Kali Pepe - PTPN,82.61353
2026-03-10 18:00:00 - Kali Pepe - PTPN,82.65673
2026-03-11 06:00:00 - Kali Pepe - PTPN,82.609344
2026-03-11 12:00:00 - Kali Pepe - PTPN,82.578705
2026-03-11 18:00:00 - Kali Pepe - PTPN,82.552376
2026-03-12 06:00:00 - Kali Pepe - PTPN,82.49863
2026-03-12 12:00:00 - Kali Pepe - PTPN,82.50498
2026-03-12 18:00:00 - Kali Pepe - PTPN,82.59594
2026-03-13 06:00:00 - Kali Pepe - PTPN,82.56571
2026-03-13 12:00:00 - Kali Pepe - PTPN,82.72562
2026-03-13 18:00:00 - Kali Pepe - PTPN,82.691345
2026-03-14 06:00:00 - Kali Pepe - PTPN,82.50322
2026-03-14 12:00:00 - Kali Pepe - PTPN,82.50661
2026-03-14 18:00:00 - Kali Pepe - PTPN,82.475204
2026-03-15 06:00:00 - Kali Pepe - PTPN,82.63963
2026-03-15 12:00:00 - Kali Pepe - PTPN,82.16889
2026-03-15 18:00:00 - Kali Pepe - PTPN,82.88287
2026-03-16 06:00:00 - Kali Pepe - PTPN,82.86961
2026-03-16 12:00:00 - Kali Pepe - PTPN,82.9022
2026-03-16 18:00:00 - Kali Pepe - PTPN,82.97254
2026-03-17 06:00:00 - Kali Pepe - PTPN,82.762215
2026-03-17 12:00:00 - Kali Pepe - PTPN,82.8683
2026-03-17 18:00:00 - Kali Pepe - PTPN,82.83506
2026-03-18 06:00:00 - Kali Pepe - PTPN,82.76087
2026-03-18 12:00:00 - Kali Pepe - PTPN,82.781876
2026-03-18 18:00:00 - Kali Pepe - PTPN,82.39229
2026-03-19 06:00:00 - Kali Pepe - PTPN,82.71312
2026-03-19 12:00:00 - Kali Pepe - PTPN,82.76161
2026-03-19 18:00:00 - Kali Pepe - PTPN,82.800224
2026-03-20 06:00:00 - Kali Pepe - PTPN,82.76447
2026-03-20 12:00:00 - Kali Pepe - PTPN,82.78295
2026-03-20 18:00:00 - Kali Pepe - PTPN,82.8537
2026-03-21 06:00:00 - Kali Pepe - PTPN,82.68657
2026-03-21 12:00:00 - Kali Pepe - PTPN,82.721275
2026-03-21 18:00:00 - Kali Pepe - PTPN,81.37637
2026-03-22 06:00:00 - Kali Pepe - PTPN,82.522514
2026-03-22 12:00:00 - Kali Pepe - PTPN,82.60815
2026-03-22 18:00:00 - Kali Pepe - PTPN,82.58169
2026-03-23 06:00:00 - Kali Pepe - PTPN,82.52321
2026-03-23 12:00:00 - Kali Pepe - PTPN,82.42801
2026-03-23 18:00:00 - Kali Pepe - PTPN,82.48048
2026-03-24 06:00:00 - Kali Pepe - PTPN,82.268
2026-03-24 12:00:00 - Kali Pepe - PTPN,82.39472
2026-03-24 18:00:00 - Kali Pepe - PTPN,82.53085
2026-03-25 06:00:00 - Kali Pepe - PTPN,82.41856
2026-03-25 12:00:00 - Kali Pepe - PTPN,82.48254
2026-03-25 18:00:00 - Kali Pepe - PTPN,82.58704
2026-03-26 06:00:00 - Kali Pepe - PTPN,82.46187
2026-03-26 12:00:00 - Kali Pepe - PTPN,82.49724
2026-03-26 18:00:00 - Kali Pepe - PTPN,82.59292
2026-03-27 06:00:00 - Kali Pepe - PTPN,82.61107
2026-03-27 12:00:00 - Kali Pepe - PTPN,82.58086
2026-03-27 18:00:00 - Kali Pepe - PTPN,82.726746
2026-03-28 06:00:00 - Kali Pepe - PTPN,82.96041
2026-03-28 12:00:00 - Kali Pepe - PTPN,82.5196
2026-03-28 18:00:00 - Kali Pepe - PTPN,82.80072
2026-03-29 06:00:00 - Kali Pepe - PTPN,82.746284
2026-03-29 12:00:00 - Kali Pepe - PTPN,82.69648
2026-03-29 18:00:00 - Kali Pepe - PTPN,82.64779
2026-03-30 06:00:00 - Kali Pepe - PTPN,82.68428
2026-03-30 12:00:00 - Kali Pepe - PTPN,82.71971
2026-03-30 18:00:00 - Kali Pepe - PTPN,82.82801
2026-03-31 06:00:00 - Kali Pepe - PTPN,82.5759
2026-03-31 12:00:00 - Kali Pepe - PTPN,82.47203
2026-03-31 18:00:00 - Kali Pepe - PTPN,82.171
2026-04-01 06:00:00 - Kali Pepe - PTPN,82.69359
2026-04-01 12:00:00 - Kali Pepe - PTPN,82.572716
2026-04-01 18:00:00 - Kali Pepe - PTPN,82.70415
2026-04-02 06:00:00 - Kali Pepe - PTPN,82.72272
2026-04-02 12:00:00 - Kali Pepe - PTPN,82.55767
2026-04-02 18:00:00 - Kali Pepe - PTPN,83.13047
2026-04-03 06:00:00 - Kali Pepe - PTPN,82.50438
2026-04-03 12:00:00 - Kali Pepe - PTPN,82.485504
2026-04-03 18:00:00 - Kali Pepe - PTPN,82.51049
2026-04-04 06:00:00 - Kali Pepe - PTPN,82.51819
2026-04-04 12:00:00 - Kali Pepe - PTPN,82.356606
2026-04-04 18:00:00 - Kali Pepe - PTPN,82.66376
2026-04-05 06:00:00 - Kali Pepe - PTPN,82.5145
2026-04-05 12:00:00 - Kali Pepe - PTPN,82.44937
2026-04-05 18:00:00 - Kali Pepe - PTPN,82.56546
2026-04-06 06:00:00 - Kali Pepe - PTPN,82.50157
2026-04-06 12:00:00 - Kali Pepe - PTPN,82.54484
2026-04-06 18:00:00 - Kali Pepe - PTPN,82.72332
2026-04-07 06:00:00 - Kali Pepe - PTPN,82.67639
2026-04-07 12:00:00 - Kali Pepe - PTPN,82.691154
2026-04-07 18:00:00 - Kali Pepe - PTPN,82.87013
2026-04-08 06:00:00 - Kali Pepe - PTPN,82.74164
2026-04-08 12:00:00 - Kali Pepe - PTPN,82.7479
2026-04-08 18:00:00 - Kali Pepe - PTPN,82.82307
2026-04-09 06:00:00 - Kali Pepe - PTPN,82.71022
2026-04-09 12:00:00 - Kali Pepe - PTPN,82.727936
2026-04-09 18:00:00 - Kali Pepe - PTPN,83.01263
2026-04-10 06:00:00 - Kali Pepe - PTPN,82.57168
2026-04-10 12:00:00 - Kali Pepe - PTPN,82.626366
2026-04-10 18:00:00 - Kali Pepe - PTPN,82.610725
2026-04-11 06:00:00 - Kali Pepe - PTPN,82.5306
2026-04-11 12:00:00 - Kali Pepe - PTPN,82.590485
2026-04-11 18:00:00 - Kali Pepe - PTPN,82.80288
2026-04-12 06:00:00 - Kali Pepe - PTPN,82.62225
2026-04-12 12:00:00 - Kali Pepe - PTPN,82.66466
2026-04-12 18:00:00 - Kali Pepe - PTPN,82.82133
2026-04-13 06:00:00 - Kali Pepe - PTPN,82.475815
2026-04-13 12:00:00 - Kali Pepe - PTPN,82.49108
2026-04-13 18:00:00 - Kali Pepe - PTPN,82.43036
2026-04-14 06:00:00 - Kali Pepe - PTPN,82.59118
2026-04-14 12:00:00 - Kali Pepe - PTPN,82.653015
2026-04-14 18:00:00 - Kali Pepe - PTPN,82.68221
2026-04-15 06:00:00 - Kali Pepe - PTPN,82.91881
2026-04-15 12:00:00 - Kali Pepe - PTPN,82.74541
2026-04-15 18:00:00 - Kali Pepe - PTPN,82.694824
2026-04-16 06:00:00 - Kali Pepe - PTPN,82.556015
2026-04-16 12:00:00 - Kali Pepe - PTPN,82.77579
2026-04-16 18:00:00 - Kali Pepe - PTPN,82.53934
2026-04-17 06:00:00 - Kali Pepe - PTPN,82.560776
2026-04-17 12:00:00 - Kali Pepe - PTPN,82.67282
2026-04-17 18:00:00 - Kali Pepe - PTPN,82.64043
2026-04-18 06:00:00 - Kali Pepe - PTPN,82.6992
2026-04-18 12:00:00 - Kali Pepe - PTPN,82.66597
2026-04-18 18:00:00 - Kali Pepe - PTPN,82.715805
2026-04-19 06:00:00 - Kali Pepe - PTPN,82.58199
2026-04-19 12:00:00 - Kali Pepe - PTPN,82.702385
2026-04-19 18:00:00 - Kali Pepe - PTPN,82.845055
2026-04-20 06:00:00 - Kali Pepe - PTPN,82.71568
2026-04-20 12:00:00 - Kali Pepe - PTPN,82.59605
2026-04-20 18:00:00 - Kali Pepe - PTPN,82.843185
2026-04-21 06:00:00 - Kali Pepe - PTPN,82.70573
2026-04-21 12:00:00 - Kali Pepe - PTPN,82.704025
2026-04-21 18:00:00 - Kali Pepe - PTPN,83.3335
2026-04-22 06:00:00 - Kali Pepe - PTPN,82.55733
2026-04-22 12:00:00 - Kali Pepe - PTPN,82.543365
2026-04-22 18:00:00 - Kali Pepe - PTPN,82.38324
2026-04-23 06:00:00 - Kali Pepe - PTPN,82.37178
2026-04-23 12:00:00 - Kali Pepe - PTPN,82.43756
2026-04-23 18:00:00 - Kali Pepe - PTPN,82.42425
2026-04-24 06:00:00 - Kali Pepe - PTPN,82.44722
2026-04-24 12:00:00 - Kali Pepe - PTPN,82.4097
2026-04-24 18:00:00 - Kali Pepe - PTPN,82.69529
2026-04-25 06:00:00 - Kali Pepe - PTPN,82.51218
2026-04-25 12:00:00 - Kali Pepe - PTPN,82.81239
2026-04-25 18:00:00 - Kali Pepe - PTPN,82.559425
2026-04-26 06:00:00 - Kali Pepe - PTPN,82.48483
2026-04-26 12:00:00 - Kali Pepe - PTPN,82.54502
2026-04-26 18:00:00 - Kali Pepe - PTPN,82.573006
2026-04-27 06:00:00 - Kali Pepe - PTPN,82.39899
2026-04-27 12:00:00 - Kali Pepe - PTPN,82.35788
2026-04-27 18:00:00 - Kali Pepe - PTPN,82.34826
2026-04-28 06:00:00 - Kali Pepe - PTPN,82.437546
2026-04-28 12:00:00 - Kali Pepe - PTPN,82.52643
2026-04-28 18:00:00 - Kali Pepe - PTPN,80.227036
2026-04-29 06:00:00 - Kali Pepe - PTPN,82.26639
2026-04-29 12:00:00 - Kali Pepe - PTPN,82.47264
2026-04-29 18:00:00 - Kali Pepe - PTPN,82.51043
2026-04-30 06:00:00 - Kali Pepe - PTPN,82.44649
2026-04-30 12:00:00 - Kali Pepe - PTPN,82.46278
2026-04-30 18:00:00 - Kali Pepe - PTPN,82.54409
2026-05-01 06:00:00 - Kali Pepe - PTPN,82.46912
2026-05-01 12:00:00 - Kali Pepe - PTPN,82.47661
2026-05-01 18:00:00 - Kali Pepe - PTPN,82.257225
2026-05-02 06:00:00 - Kali Pepe - PTPN,82.38893
2026-05-02 12:00:00 - Kali Pepe - PTPN,82.42468
2026-05-02 18:00:00 - Kali Pepe - PTPN,82.357956
2026-05-03 06:00:00 - Kali Pepe - PTPN,82.35237
2026-05-03 12:00:00 - Kali Pepe - PTPN,82.477196
2026-05-03 18:00:00 - Kali Pepe - PTPN,81.51059
2026-05-04 06:00:00 - Kali Pepe - PTPN,82.404175
2026-05-04 12:00:00 - Kali Pepe - PTPN,82.51222
2026-05-04 18:00:00 - Kali Pepe - PTPN,82.19412
2026-05-05 06:00:00 - Kali Pepe - PTPN,82.38867
2026-05-05 12:00:00 - Kali Pepe - PTPN,82.53136
2026-05-05 18:00:00 - Kali Pepe - PTPN,82.43238
2026-05-06 06:00:00 - Kali Pepe - PTPN,82.345
2026-05-06 12:00:00 - Kali Pepe - PTPN,82.387024
2026-05-06 18:00:00 - Kali Pepe - PTPN,82.351456
2026-05-07 06:00:00 - Kali Pepe - PTPN,82.37558
2026-05-07 12:00:00 - Kali Pepe - PTPN,82.40446
2026-05-07 18:00:00 - Kali Pepe - PTPN,82.463585
2026-05-08 06:00:00 - Kali Pepe - PTPN,82.43613
2026-05-08 12:00:00 - Kali Pepe - PTPN,82.38152
2026-05-08 18:00:00 - Kali Pepe - PTPN,82.530075
2026-05-09 06:00:00 - Kali Pepe - PTPN,82.29205
2026-05-09 12:00:00 - Kali Pepe - PTPN,82.45419
2026-05-09 18:00:00 - Kali Pepe - PTPN,82.55914
2026-05-10 06:00:00 - Kali Pepe - PTPN,82.48139
2026-05-10 12:00:00 - Kali Pepe - PTPN,82.572525
2026-05-10 18:00:00 - Kali Pepe - PTPN,82.65327
2026-05-11 06:00:00 - Kali Pepe - PTPN,82.43808
2026-05-11 12:00:00 - Kali Pepe - PTPN,82.55246
2026-05-11 18:00:00 - Kali Pepe - PTPN,82.56841
2026-05-12 06:00:00 - Kali Pepe - PTPN,82.57704
2026-05-12 12:00:00 - Kali Pepe - PTPN,82.58715
2026-05-12 18:00:00 - Kali Pepe - PTPN,83.00314
2026-05-13 06:00:00 - Kali Pepe - PTPN,82.55698
2026-05-13 12:00:00 - Kali Pepe - PTPN,82.51661
2026-05-13 18:00:00 - Kali Pepe - PTPN,82.53554
2026-05-14 06:00:00 - Kali Pepe - PTPN,82.55985
2026-05-14 12:00:00 - Kali Pepe - PTPN,82.625565
2026-05-14 18:00:00 - Kali Pepe - PTPN,82.55211
2026-05-15 06:00:00 - Kali Pepe - PTPN,82.58047
2026-05-15 12:00:00 - Kali Pepe - PTPN,82.68172
2026-05-15 18:00:00 - Kali Pepe - PTPN,82.65982
2026-05-16 06:00:00 - Kali Pepe - PTPN,82.3608
2026-05-16 12:00:00 - Kali Pepe - PTPN,82.66227
2026-05-16 18:00:00 - Kali Pepe - PTPN,82.279
2026-05-17 06:00:00 - Kali Pepe - PTPN,82.57802
2026-05-17 12:00:00 - Kali Pepe - PTPN,82.55563
2026-05-17 18:00:00 - Kali Pepe - PTPN,82.44406
2026-05-18 06:00:00 - Kali Pepe - PTPN,82.54149
2026-05-18 12:00:00 - Kali Pepe - PTPN,84.05823
2026-05-18 18:00:00 - Kali Pepe - PTPN,82.54797
2025-09-19 06:00:00 - Kali Pepe - Tugu Boto,94.62461
2025-09-19 12:00:00 - Kali Pepe - Tugu Boto,94.68394
2025-09-19 18:00:00 - Kali Pepe - Tugu Boto,95.01448
2025-09-20 06:00:00 - Kali Pepe - Tugu Boto,94.72806
2025-09-20 12:00:00 - Kali Pepe - Tugu Boto,94.77476
2025-09-20 18:00:00 - Kali Pepe - Tugu Boto,94.69323
2025-09-21 06:00:00 - Kali Pepe - Tugu Boto,94.977104
2025-09-21 12:00:00 - Kali Pepe - Tugu Boto,95.04203
2025-09-21 18:00:00 - Kali Pepe - Tugu Boto,94.938
2025-09-22 06:00:00 - Kali Pepe - Tugu Boto,95.07741
2025-09-22 12:00:00 - Kali Pepe - Tugu Boto,94.96564
2025-09-22 18:00:00 - Kali Pepe - Tugu Boto,94.99462
2025-09-23 06:00:00 - Kali Pepe - Tugu Boto,95.03016
2025-09-23 12:00:00 - Kali Pepe - Tugu Boto,94.965965
2025-09-23 18:00:00 - Kali Pepe - Tugu Boto,94.097595
2025-09-24 06:00:00 - Kali Pepe - Tugu Boto,95.02016
2025-09-24 12:00:00 - Kali Pepe - Tugu Boto,94.731514
2025-09-24 18:00:00 - Kali Pepe - Tugu Boto,94.59657
2025-09-25 06:00:00 - Kali Pepe - Tugu Boto,95.05113
2025-09-25 12:00:00 - Kali Pepe - Tugu Boto,94.641754
2025-09-25 18:00:00 - Kali Pepe - Tugu Boto,94.02486
2025-09-26 06:00:00 - Kali Pepe - Tugu Boto,95.19435
2025-09-26 12:00:00 - Kali Pepe - Tugu Boto,95.115364
2025-09-26 18:00:00 - Kali Pepe - Tugu Boto,94.88308
2025-09-27 06:00:00 - Kali Pepe - Tugu Boto,95.113144
2025-09-27 12:00:00 - Kali Pepe - Tugu Boto,94.15825
2025-09-27 18:00:00 - Kali Pepe - Tugu Boto,94.03087
2025-09-28 06:00:00 - Kali Pepe - Tugu Boto,95.04915
2025-09-28 12:00:00 - Kali Pepe - Tugu Boto,93.99982
2025-09-28 18:00:00 - Kali Pepe - Tugu Boto,95.09747
2025-09-29 06:00:00 - Kali Pepe - Tugu Boto,95.02205
2025-09-29 12:00:00 - Kali Pepe - Tugu Boto,95.22083
2025-09-29 18:00:00 - Kali Pepe - Tugu Boto,94.974335
2025-09-30 06:00:00 - Kali Pepe - Tugu Boto,95.08148
2025-09-30 12:00:00 - Kali Pepe - Tugu Boto,94.93203
2025-09-30 18:00:00 - Kali Pepe - Tugu Boto,94.98081
2025-10-01 06:00:00 - Kali Pepe - Tugu Boto,95.12803
2025-10-01 12:00:00 - Kali Pepe - Tugu Boto,94.87666
2025-10-01 18:00:00 - Kali Pepe - Tugu Boto,95.507835
2025-10-02 06:00:00 - Kali Pepe - Tugu Boto,95.19134
2025-10-02 12:00:00 - Kali Pepe - Tugu Boto,94.877945
2025-10-02 18:00:00 - Kali Pepe - Tugu Boto,94.70668
2025-10-03 06:00:00 - Kali Pepe - Tugu Boto,94.780106
2025-10-03 12:00:00 - Kali Pepe - Tugu Boto,94.72682
2025-10-03 18:00:00 - Kali Pepe - Tugu Boto,94.78045
2025-10-04 06:00:00 - Kali Pepe - Tugu Boto,94.83218
2025-10-04 12:00:00 - Kali Pepe - Tugu Boto,94.79176
2025-10-04 18:00:00 - Kali Pepe - Tugu Boto,94.1515
2025-10-05 06:00:00 - Kali Pepe - Tugu Boto,94.81625
2025-10-05 12:00:00 - Kali Pepe - Tugu Boto,94.785965
2025-10-05 18:00:00 - Kali Pepe - Tugu Boto,96.01177
2025-10-06 06:00:00 - Kali Pepe - Tugu Boto,94.9056
2025-10-06 12:00:00 - Kali Pepe - Tugu Boto,94.807686
2025-10-06 18:00:00 - Kali Pepe - Tugu Boto,94.786606
2025-10-07 06:00:00 - Kali Pepe - Tugu Boto,94.91847
2025-10-07 12:00:00 - Kali Pepe - Tugu Boto,94.20843
2025-10-07 18:00:00 - Kali Pepe - Tugu Boto,93.94504
2025-10-08 06:00:00 - Kali Pepe - Tugu Boto,94.602165
2025-10-08 12:00:00 - Kali Pepe - Tugu Boto,94.51048
2025-10-08 18:00:00 - Kali Pepe - Tugu Boto,94.2799
2025-10-09 06:00:00 - Kali Pepe - Tugu Boto,94.69437
2025-10-09 12:00:00 - Kali Pepe - Tugu Boto,94.632545
2025-10-09 18:00:00 - Kali Pepe - Tugu Boto,94.46257
2025-10-10 06:00:00 - Kali Pepe - Tugu Boto,94.70867
2025-10-10 12:00:00 - Kali Pepe - Tugu Boto,94.64399
2025-10-10 18:00:00 - Kali Pepe - Tugu Boto,94.88235
2025-10-11 06:00:00 - Kali Pepe - Tugu Boto,94.74256
2025-10-11 12:00:00 - Kali Pepe - Tugu Boto,94.70972
2025-10-11 18:00:00 - Kali Pepe - Tugu Boto,94.16483
2025-10-12 06:00:00 - Kali Pepe - Tugu Boto,94.67995
2025-10-12 12:00:00 - Kali Pepe - Tugu Boto,94.244774
2025-10-12 18:00:00 - Kali Pepe - Tugu Boto,93.959656
2025-10-13 06:00:00 - Kali Pepe - Tugu Boto,94.6804
2025-10-13 12:00:00 - Kali Pepe - Tugu Boto,94.18253
2025-10-13 18:00:00 - Kali Pepe - Tugu Boto,94.237335
2025-10-14 06:00:00 - Kali Pepe - Tugu Boto,94.68672
2025-10-14 12:00:00 - Kali Pepe - Tugu Boto,94.05785
2025-10-14 18:00:00 - Kali Pepe - Tugu Boto,93.73893
2025-10-15 06:00:00 - Kali Pepe - Tugu Boto,94.69229
2025-10-15 12:00:00 - Kali Pepe - Tugu Boto,93.845085
2025-10-15 18:00:00 - Kali Pepe - Tugu Boto,94.924866
2025-10-16 06:00:00 - Kali Pepe - Tugu Boto,94.71082
2025-10-16 12:00:00 - Kali Pepe - Tugu Boto,94.172165
2025-10-16 18:00:00 - Kali Pepe - Tugu Boto,94.327034
2025-10-17 06:00:00 - Kali Pepe - Tugu Boto,94.6714
2025-10-17 12:00:00 - Kali Pepe - Tugu Boto,94.67139
2025-10-17 18:00:00 - Kali Pepe - Tugu Boto,94.72887
2025-10-18 06:00:00 - Kali Pepe - Tugu Boto,94.66455
2025-10-18 12:00:00 - Kali Pepe - Tugu Boto,94.66044
2025-10-18 18:00:00 - Kali Pepe - Tugu Boto,94.13849
2025-10-19 06:00:00 - Kali Pepe - Tugu Boto,94.75455
2025-10-19 12:00:00 - Kali Pepe - Tugu Boto,94.654495
2025-10-19 18:00:00 - Kali Pepe - Tugu Boto,94.58706
2025-10-20 06:00:00 - Kali Pepe - Tugu Boto,94.57739
2025-10-20 12:00:00 - Kali Pepe - Tugu Boto,94.57627
2025-10-20 18:00:00 - Kali Pepe - Tugu Boto,94.73143
2025-10-21 06:00:00 - Kali Pepe - Tugu Boto,94.72287
2025-10-21 12:00:00 - Kali Pepe - Tugu Boto,94.703285
2025-10-21 18:00:00 - Kali Pepe - Tugu Boto,95.327934
2025-10-22 06:00:00 - Kali Pepe - Tugu Boto,95.108826
2025-10-22 12:00:00 - Kali Pepe - Tugu Boto,94.93187
2025-10-22 18:00:00 - Kali Pepe - Tugu Boto,94.952126
2025-10-23 06:00:00 - Kali Pepe - Tugu Boto,95.25184
2025-10-23 12:00:00 - Kali Pepe - Tugu Boto,94.84398
2025-10-23 18:00:00 - Kali Pepe - Tugu Boto,94.89419
2025-10-24 06:00:00 - Kali Pepe - Tugu Boto,95.01547
2025-10-24 12:00:00 - Kali Pepe - Tugu Boto,94.83374
2025-10-24 18:00:00 - Kali Pepe - Tugu Boto,95.17086
2025-10-25 06:00:00 - Kali Pepe - Tugu Boto,95.12468
2025-10-25 12:00:00 - Kali Pepe - Tugu Boto,95.02127
2025-10-25 18:00:00 - Kali Pepe - Tugu Boto,95.13047
2025-10-26 06:00:00 - Kali Pepe - Tugu Boto,94.859985
2025-10-26 12:00:00 - Kali Pepe - Tugu Boto,94.778885
2025-10-26 18:00:00 - Kali Pepe - Tugu Boto,95.03168
2025-10-27 06:00:00 - Kali Pepe - Tugu Boto,94.903595
2025-10-27 12:00:00 - Kali Pepe - Tugu Boto,94.77682
2025-10-27 18:00:00 - Kali Pepe - Tugu Boto,94.8951
2025-10-28 06:00:00 - Kali Pepe - Tugu Boto,94.98656
2025-10-28 12:00:00 - Kali Pepe - Tugu Boto,94.799995
2025-10-28 18:00:00 - Kali Pepe - Tugu Boto,95.25861
2025-10-29 06:00:00 - Kali Pepe - Tugu Boto,95.33695
2025-10-29 12:00:00 - Kali Pepe - Tugu Boto,95.050995
2025-10-29 18:00:00 - Kali Pepe - Tugu Boto,94.89034
2025-10-30 06:00:00 - Kali Pepe - Tugu Boto,94.95001
2025-10-30 12:00:00 - Kali Pepe - Tugu Boto,94.78696
2025-10-30 18:00:00 - Kali Pepe - Tugu Boto,94.778076
2025-10-31 06:00:00 - Kali Pepe - Tugu Boto,94.924126
2025-10-31 12:00:00 - Kali Pepe - Tugu Boto,94.71385
2025-10-31 18:00:00 - Kali Pepe - Tugu Boto,95.04022
2025-11-01 06:00:00 - Kali Pepe - Tugu Boto,94.967766
2025-11-01 12:00:00 - Kali Pepe - Tugu Boto,94.86763
2025-11-01 18:00:00 - Kali Pepe - Tugu Boto,94.95031
2025-11-02 06:00:00 - Kali Pepe - Tugu Boto,94.916794
2025-11-02 12:00:00 - Kali Pepe - Tugu Boto,94.69606
2025-11-02 18:00:00 - Kali Pepe - Tugu Boto,94.75526
2025-11-03 06:00:00 - Kali Pepe - Tugu Boto,94.88386
2025-11-03 12:00:00 - Kali Pepe - Tugu Boto,94.7287
2025-11-03 18:00:00 - Kali Pepe - Tugu Boto,95.06029
2025-11-04 06:00:00 - Kali Pepe - Tugu Boto,95.10886
2025-11-04 12:00:00 - Kali Pepe - Tugu Boto,95.11663
2025-11-04 18:00:00 - Kali Pepe - Tugu Boto,95.32486
2025-11-05 06:00:00 - Kali Pepe - Tugu Boto,94.8999
2025-11-05 12:00:00 - Kali Pepe - Tugu Boto,94.749
2025-11-05 18:00:00 - Kali Pepe - Tugu Boto,95.08291
2025-11-06 06:00:00 - Kali Pepe - Tugu Boto,95.22869
2025-11-06 12:00:00 - Kali Pepe - Tugu Boto,94.920876
2025-11-06 18:00:00 - Kali Pepe - Tugu Boto,95.10123
2025-11-07 06:00:00 - Kali Pepe - Tugu Boto,95.0891
2025-11-07 12:00:00 - Kali Pepe - Tugu Boto,94.76923
2025-11-07 18:00:00 - Kali Pepe - Tugu Boto,94.88679
2025-11-08 06:00:00 - Kali Pepe - Tugu Boto,94.81629
2025-11-08 12:00:00 - Kali Pepe - Tugu Boto,94.796196
2025-11-08 18:00:00 - Kali Pepe - Tugu Boto,95.07848
2025-11-09 06:00:00 - Kali Pepe - Tugu Boto,95.037285
2025-11-09 12:00:00 - Kali Pepe - Tugu Boto,95.22456
2025-11-09 18:00:00 - Kali Pepe - Tugu Boto,95.30932
2025-11-10 06:00:00 - Kali Pepe - Tugu Boto,95.21128
2025-11-10 12:00:00 - Kali Pepe - Tugu Boto,94.984764
2025-11-10 18:00:00 - Kali Pepe - Tugu Boto,95.396355
2025-11-11 06:00:00 - Kali Pepe - Tugu Boto,95.33731
2025-11-11 12:00:00 - Kali Pepe - Tugu Boto,94.92988
2025-11-11 18:00:00 - Kali Pepe - Tugu Boto,95.3023
2025-11-12 06:00:00 - Kali Pepe - Tugu Boto,95.159355
2025-11-12 12:00:00 - Kali Pepe - Tugu Boto,95.11487
2025-11-12 18:00:00 - Kali Pepe - Tugu Boto,95.0593
2025-11-13 06:00:00 - Kali Pepe - Tugu Boto,95.05351
2025-11-13 12:00:00 - Kali Pepe - Tugu Boto,94.87307
2025-11-13 18:00:00 - Kali Pepe - Tugu Boto,95.172325
2025-11-14 06:00:00 - Kali Pepe - Tugu Boto,95.097404
2025-11-14 12:00:00 - Kali Pepe - Tugu Boto,94.96742
2025-11-14 18:00:00 - Kali Pepe - Tugu Boto,95.17886
2025-11-15 06:00:00 - Kali Pepe - Tugu Boto,94.96522
2025-11-15 12:00:00 - Kali Pepe - Tugu Boto,95.04321
2025-11-15 18:00:00 - Kali Pepe - Tugu Boto,94.95492
2025-11-16 06:00:00 - Kali Pepe - Tugu Boto,94.84013
2025-11-16 12:00:00 - Kali Pepe - Tugu Boto,94.81821
2025-11-16 18:00:00 - Kali Pepe - Tugu Boto,95.17856
2025-11-17 06:00:00 - Kali Pepe - Tugu Boto,95.07018
2025-11-17 12:00:00 - Kali Pepe - Tugu Boto,94.92689
2025-11-17 18:00:00 - Kali Pepe - Tugu Boto,94.98075
2025-11-18 06:00:00 - Kali Pepe - Tugu Boto,94.826706
2025-11-18 12:00:00 - Kali Pepe - Tugu Boto,94.76444
2025-11-18 18:00:00 - Kali Pepe - Tugu Boto,95.740746
2025-11-19 06:00:00 - Kali Pepe - Tugu Boto,95.06771
2025-11-19 12:00:00 - Kali Pepe - Tugu Boto,95.09869
2025-11-19 18:00:00 - Kali Pepe - Tugu Boto,95.006355
2025-11-20 06:00:00 - Kali Pepe - Tugu Boto,94.90395
2025-11-20 12:00:00 - Kali Pepe - Tugu Boto,94.71965
2025-11-20 18:00:00 - Kali Pepe - Tugu Boto,95.105774
2025-11-21 06:00:00 - Kali Pepe - Tugu Boto,95.22436
2025-11-21 12:00:00 - Kali Pepe - Tugu Boto,94.821266
2025-11-21 18:00:00 - Kali Pepe - Tugu Boto,95.21178
2025-11-22 06:00:00 - Kali Pepe - Tugu Boto,95.074905
2025-11-22 12:00:00 - Kali Pepe - Tugu Boto,94.95799
2025-11-22 18:00:00 - Kali Pepe - Tugu Boto,94.655754
2025-11-23 06:00:00 - Kali Pepe - Tugu Boto,94.68401
2025-11-23 12:00:00 - Kali Pepe - Tugu Boto,94.80398
2025-11-23 18:00:00 - Kali Pepe - Tugu Boto,95.305786
2025-11-24 06:00:00 - Kali Pepe - Tugu Boto,95.18562
2025-11-24 12:00:00 - Kali Pepe - Tugu Boto,95.04929
2025-11-24 18:00:00 - Kali Pepe - Tugu Boto,94.94813
2025-11-25 06:00:00 - Kali Pepe - Tugu Boto,94.80518
2025-11-25 12:00:00 - Kali Pepe - Tugu Boto,94.76862
2025-11-25 18:00:00 - Kali Pepe - Tugu Boto,94.85364
2025-11-26 06:00:00 - Kali Pepe - Tugu Boto,94.93645
2025-11-26 12:00:00 - Kali Pepe - Tugu Boto,94.82916
2025-11-26 18:00:00 - Kali Pepe - Tugu Boto,95.121376
2025-11-27 06:00:00 - Kali Pepe - Tugu Boto,95.07627
2025-11-27 12:00:00 - Kali Pepe - Tugu Boto,95.205
2025-11-27 18:00:00 - Kali Pepe - Tugu Boto,95.25006
2025-11-28 06:00:00 - Kali Pepe - Tugu Boto,95.33897
2025-11-28 12:00:00 - Kali Pepe - Tugu Boto,95.086235
2025-11-28 18:00:00 - Kali Pepe - Tugu Boto,94.96134
2025-11-29 06:00:00 - Kali Pepe - Tugu Boto,95.16576
2025-11-29 12:00:00 - Kali Pepe - Tugu Boto,95.01218
2025-11-29 18:00:00 - Kali Pepe - Tugu Boto,95.21129
2025-11-30 06:00:00 - Kali Pepe - Tugu Boto,94.99936
2025-11-30 12:00:00 - Kali Pepe - Tugu Boto,95.07349
2025-11-30 18:00:00 - Kali Pepe - Tugu Boto,94.90936
2025-12-01 06:00:00 - Kali Pepe - Tugu Boto,94.88289
2025-12-01 12:00:00 - Kali Pepe - Tugu Boto,95.13747
2025-12-01 18:00:00 - Kali Pepe - Tugu Boto,94.51017
2025-12-02 06:00:00 - Kali Pepe - Tugu Boto,95.823006
2025-12-02 12:00:00 - Kali Pepe - Tugu Boto,96.10421
2025-12-02 18:00:00 - Kali Pepe - Tugu Boto,96.69873
2025-12-03 06:00:00 - Kali Pepe - Tugu Boto,96.28831
2025-12-03 12:00:00 - Kali Pepe - Tugu Boto,95.16509
2025-12-03 18:00:00 - Kali Pepe - Tugu Boto,96.14924
2025-12-04 06:00:00 - Kali Pepe - Tugu Boto,96.32291
2025-12-04 12:00:00 - Kali Pepe - Tugu Boto,96.661995
2025-12-04 18:00:00 - Kali Pepe - Tugu Boto,95.315575
2025-12-05 06:00:00 - Kali Pepe - Tugu Boto,95.281425
2025-12-05 12:00:00 - Kali Pepe - Tugu Boto,95.06827
2025-12-05 18:00:00 - Kali Pepe - Tugu Boto,95.58902
2025-12-06 06:00:00 - Kali Pepe - Tugu Boto,95.2816
2025-12-06 12:00:00 - Kali Pepe - Tugu Boto,94.98229
2025-12-06 18:00:00 - Kali Pepe - Tugu Boto,97.06189
2025-12-07 06:00:00 - Kali Pepe - Tugu Boto,95.072525
2025-12-07 12:00:00 - Kali Pepe - Tugu Boto,94.82873
2025-12-07 18:00:00 - Kali Pepe - Tugu Boto,95.04976
2025-12-08 06:00:00 - Kali Pepe - Tugu Boto,94.858536
2025-12-08 12:00:00 - Kali Pepe - Tugu Boto,95.776474
2025-12-08 18:00:00 - Kali Pepe - Tugu Boto,94.7794
2025-12-09 06:00:00 - Kali Pepe - Tugu Boto,95.360054
2025-12-09 12:00:00 - Kali Pepe - Tugu Boto,94.97606
2025-12-09 18:00:00 - Kali Pepe - Tugu Boto,95.38795
2025-12-10 06:00:00 - Kali Pepe - Tugu Boto,95.98952
2025-12-10 12:00:00 - Kali Pepe - Tugu Boto,95.00322
2025-12-10 18:00:00 - Kali Pepe - Tugu Boto,95.490135
2025-12-11 06:00:00 - Kali Pepe - Tugu Boto,95.111084
2025-12-11 12:00:00 - Kali Pepe - Tugu Boto,95.058395
2025-12-11 18:00:00 - Kali Pepe - Tugu Boto,95.99797
2025-12-12 06:00:00 - Kali Pepe - Tugu Boto,95.09266
2025-12-12 12:00:00 - Kali Pepe - Tugu Boto,95.09945
2025-12-12 18:00:00 - Kali Pepe - Tugu Boto,95.25707
2025-12-13 06:00:00 - Kali Pepe - Tugu Boto,96.003136
2025-12-13 12:00:00 - Kali Pepe - Tugu Boto,94.847115
2025-12-13 18:00:00 - Kali Pepe - Tugu Boto,95.03286
2025-12-14 06:00:00 - Kali Pepe - Tugu Boto,94.93547
2025-12-14 12:00:00 - Kali Pepe - Tugu Boto,94.88732
2025-12-14 18:00:00 - Kali Pepe - Tugu Boto,95.4355
2025-12-15 06:00:00 - Kali Pepe - Tugu Boto,95.02108
2025-12-15 12:00:00 - Kali Pepe - Tugu Boto,94.97439
2025-12-15 18:00:00 - Kali Pepe - Tugu Boto,94.72801
2025-12-16 06:00:00 - Kali Pepe - Tugu Boto,94.568
2025-12-16 12:00:00 - Kali Pepe - Tugu Boto,94.43067
2025-12-16 18:00:00 - Kali Pepe - Tugu Boto,94.05562
2025-12-17 06:00:00 - Kali Pepe - Tugu Boto,95.05863
2025-12-17 12:00:00 - Kali Pepe - Tugu Boto,94.66662
2025-12-17 18:00:00 - Kali Pepe - Tugu Boto,95.6754
2025-12-18 06:00:00 - Kali Pepe - Tugu Boto,94.7476
2025-12-18 12:00:00 - Kali Pepe - Tugu Boto,95.39773
2025-12-18 18:00:00 - Kali Pepe - Tugu Boto,95.48246
2025-12-19 06:00:00 - Kali Pepe - Tugu Boto,95.68424
2025-12-19 12:00:00 - Kali Pepe - Tugu Boto,95.00436
2025-12-19 18:00:00 - Kali Pepe - Tugu Boto,95.63098
2025-12-20 06:00:00 - Kali Pepe - Tugu Boto,95.34936
2025-12-20 12:00:00 - Kali Pepe - Tugu Boto,95.2152
2025-12-20 18:00:00 - Kali Pepe - Tugu Boto,95.48093
2025-12-21 06:00:00 - Kali Pepe - Tugu Boto,94.63125
2025-12-21 12:00:00 - Kali Pepe - Tugu Boto,94.79171
2025-12-21 18:00:00 - Kali Pepe - Tugu Boto,95.209496
2025-12-22 06:00:00 - Kali Pepe - Tugu Boto,94.74936
2025-12-22 12:00:00 - Kali Pepe - Tugu Boto,94.74647
2025-12-22 18:00:00 - Kali Pepe - Tugu Boto,95.36663
2025-12-23 06:00:00 - Kali Pepe - Tugu Boto,94.8037
2025-12-23 12:00:00 - Kali Pepe - Tugu Boto,95.299736
2025-12-23 18:00:00 - Kali Pepe - Tugu Boto,95.297874
2025-12-24 06:00:00 - Kali Pepe - Tugu Boto,94.91063
2025-12-24 12:00:00 - Kali Pepe - Tugu Boto,95.232124
2025-12-24 18:00:00 - Kali Pepe - Tugu Boto,95.197556
2025-12-25 06:00:00 - Kali Pepe - Tugu Boto,94.96806
2025-12-25 12:00:00 - Kali Pepe - Tugu Boto,94.84173
2025-12-25 18:00:00 - Kali Pepe - Tugu Boto,95.21619
2025-12-26 06:00:00 - Kali Pepe - Tugu Boto,94.788826
2025-12-26 12:00:00 - Kali Pepe - Tugu Boto,94.719124
2025-12-26 18:00:00 - Kali Pepe - Tugu Boto,95.33687
2025-12-27 06:00:00 - Kali Pepe - Tugu Boto,95.07144
2025-12-27 12:00:00 - Kali Pepe - Tugu Boto,95.0031
2025-12-27 18:00:00 - Kali Pepe - Tugu Boto,95.24891
2025-12-28 06:00:00 - Kali Pepe - Tugu Boto,95.84584
2025-12-28 12:00:00 - Kali Pepe - Tugu Boto,94.87476
2025-12-28 18:00:00 - Kali Pepe - Tugu Boto,95.10117
2025-12-29 06:00:00 - Kali Pepe - Tugu Boto,94.71686
2025-12-29 12:00:00 - Kali Pepe - Tugu Boto,94.890526
2025-12-29 18:00:00 - Kali Pepe - Tugu Boto,95.21852
2025-12-30 06:00:00 - Kali Pepe - Tugu Boto,94.68834
2025-12-30 12:00:00 - Kali Pepe - Tugu Boto,94.79242
2025-12-30 18:00:00 - Kali Pepe - Tugu Boto,95.43485
2025-12-31 06:00:00 - Kali Pepe - Tugu Boto,95.27468
2025-12-31 12:00:00 - Kali Pepe - Tugu Boto,94.838646
2025-12-31 18:00:00 - Kali Pepe - Tugu Boto,95.379295
2026-01-01 06:00:00 - Kali Pepe - Tugu Boto,94.737755
2026-01-01 12:00:00 - Kali Pepe - Tugu Boto,94.71712
2026-01-01 18:00:00 - Kali Pepe - Tugu Boto,95.07328
2026-01-02 06:00:00 - Kali Pepe - Tugu Boto,96.39794
2026-01-02 12:00:00 - Kali Pepe - Tugu Boto,94.91512
2026-01-02 18:00:00 - Kali Pepe - Tugu Boto,94.92173
2026-01-03 06:00:00 - Kali Pepe - Tugu Boto,95.15769
2026-01-03 12:00:00 - Kali Pepe - Tugu Boto,95.12859
2026-01-03 18:00:00 - Kali Pepe - Tugu Boto,95.226074
2026-01-04 06:00:00 - Kali Pepe - Tugu Boto,95.083176
2026-01-04 12:00:00 - Kali Pepe - Tugu Boto,95.133415
2026-01-04 18:00:00 - Kali Pepe - Tugu Boto,95.39816
2026-01-05 06:00:00 - Kali Pepe - Tugu Boto,95.116234
2026-01-05 12:00:00 - Kali Pepe - Tugu Boto,95.18504
2026-01-05 18:00:00 - Kali Pepe - Tugu Boto,94.92417
2026-01-06 06:00:00 - Kali Pepe - Tugu Boto,94.844315
2026-01-06 12:00:00 - Kali Pepe - Tugu Boto,94.67494
2026-01-06 18:00:00 - Kali Pepe - Tugu Boto,94.43161
2026-01-07 06:00:00 - Kali Pepe - Tugu Boto,94.69192
2026-01-07 12:00:00 - Kali Pepe - Tugu Boto,94.61844
2026-01-07 18:00:00 - Kali Pepe - Tugu Boto,94.31292
2026-01-08 06:00:00 - Kali Pepe - Tugu Boto,95.014915
2026-01-08 12:00:00 - Kali Pepe - Tugu Boto,95.00026
2026-01-08 18:00:00 - Kali Pepe - Tugu Boto,95.30769
2026-01-09 06:00:00 - Kali Pepe - Tugu Boto,95.05114
2026-01-09 12:00:00 - Kali Pepe - Tugu Boto,95.08228
2026-01-09 18:00:00 - Kali Pepe - Tugu Boto,95.22098
2026-01-10 06:00:00 - Kali Pepe - Tugu Boto,95.17311
2026-01-10 12:00:00 - Kali Pepe - Tugu Boto,95.100815
2026-01-10 18:00:00 - Kali Pepe - Tugu Boto,95.59402
2026-01-11 06:00:00 - Kali Pepe - Tugu Boto,95.0311
2026-01-11 12:00:00 - Kali Pepe - Tugu Boto,95.00956
2026-01-11 18:00:00 - Kali Pepe - Tugu Boto,95.46537
2026-01-12 06:00:00 - Kali Pepe - Tugu Boto,95.08891
2026-01-12 12:00:00 - Kali Pepe - Tugu Boto,95.24277
2026-01-12 18:00:00 - Kali Pepe - Tugu Boto,95.20734
2026-01-13 06:00:00 - Kali Pepe - Tugu Boto,95.105125
2026-01-13 12:00:00 - Kali Pepe - Tugu Boto,95.29924
2026-01-13 18:00:00 - Kali Pepe - Tugu Boto,95.27226
2026-01-14 06:00:00 - Kali Pepe - Tugu Boto,95.27957
2026-01-14 12:00:00 - Kali Pepe - Tugu Boto,95.358025
2026-01-14 18:00:00 - Kali Pepe - Tugu Boto,95.60721
2026-01-15 06:00:00 - Kali Pepe - Tugu Boto,95.423645
2026-01-15 12:00:00 - Kali Pepe - Tugu Boto,95.3492
2026-01-15 18:00:00 - Kali Pepe - Tugu Boto,95.32908
2026-01-16 06:00:00 - Kali Pepe - Tugu Boto,95.15466
2026-01-16 12:00:00 - Kali Pepe - Tugu Boto,95.22205
2026-01-16 18:00:00 - Kali Pepe - Tugu Boto,96.85993
2026-01-17 06:00:00 - Kali Pepe - Tugu Boto,95.14744
2026-01-17 12:00:00 - Kali Pepe - Tugu Boto,95.10147
2026-01-17 18:00:00 - Kali Pepe - Tugu Boto,95.364456
2026-01-18 06:00:00 - Kali Pepe - Tugu Boto,97.27088
2026-01-18 12:00:00 - Kali Pepe - Tugu Boto,95.073524
2026-01-18 18:00:00 - Kali Pepe - Tugu Boto,94.98844
2026-01-19 06:00:00 - Kali Pepe - Tugu Boto,95.18003
2026-01-19 12:00:00 - Kali Pepe - Tugu Boto,95.222374
2026-01-19 18:00:00 - Kali Pepe - Tugu Boto,95.29857
2026-01-20 06:00:00 - Kali Pepe - Tugu Boto,95.15238
2026-01-20 12:00:00 - Kali Pepe - Tugu Boto,95.005646
2026-01-20 18:00:00 - Kali Pepe - Tugu Boto,94.978485
2026-01-21 06:00:00 - Kali Pepe - Tugu Boto,94.89885
2026-01-21 12:00:00 - Kali Pepe - Tugu Boto,95.01295
2026-01-21 18:00:00 - Kali Pepe - Tugu Boto,95.25035
2026-01-22 06:00:00 - Kali Pepe - Tugu Boto,95.046715
2026-01-22 12:00:00 - Kali Pepe - Tugu Boto,95.19128
2026-01-22 18:00:00 - Kali Pepe - Tugu Boto,95.14393
2026-01-23 06:00:00 - Kali Pepe - Tugu Boto,95.12726
2026-01-23 12:00:00 - Kali Pepe - Tugu Boto,95.25246
2026-01-23 18:00:00 - Kali Pepe - Tugu Boto,95.21841
2026-01-24 06:00:00 - Kali Pepe - Tugu Boto,95.04681
2026-01-24 12:00:00 - Kali Pepe - Tugu Boto,95.02065
2026-01-24 18:00:00 - Kali Pepe - Tugu Boto,94.84618
2026-01-25 06:00:00 - Kali Pepe - Tugu Boto,94.826
2026-01-25 12:00:00 - Kali Pepe - Tugu Boto,94.75443
2026-01-25 18:00:00 - Kali Pepe - Tugu Boto,94.952545
2026-01-26 06:00:00 - Kali Pepe - Tugu Boto,94.9579
2026-01-26 12:00:00 - Kali Pepe - Tugu Boto,94.95006
2026-01-26 18:00:00 - Kali Pepe - Tugu Boto,95.1419
2026-01-27 06:00:00 - Kali Pepe - Tugu Boto,94.969536
2026-01-27 12:00:00 - Kali Pepe - Tugu Boto,94.985664
2026-01-27 18:00:00 - Kali Pepe - Tugu Boto,96.44848
2026-01-28 06:00:00 - Kali Pepe - Tugu Boto,95.25382
2026-01-28 12:00:00 - Kali Pepe - Tugu Boto,95.18139
2026-01-28 18:00:00 - Kali Pepe - Tugu Boto,97.74837
2026-01-29 06:00:00 - Kali Pepe - Tugu Boto,95.0542
2026-01-29 12:00:00 - Kali Pepe - Tugu Boto,95.54677
2026-01-29 18:00:00 - Kali Pepe - Tugu Boto,95.13921
2026-01-30 06:00:00 - Kali Pepe - Tugu Boto,94.93444
2026-01-30 12:00:00 - Kali Pepe - Tugu Boto,95.00328
2026-01-30 18:00:00 - Kali Pepe - Tugu Boto,95.35236
2026-01-31 06:00:00 - Kali Pepe - Tugu Boto,95.01894
2026-01-31 12:00:00 - Kali Pepe - Tugu Boto,95.06705
2026-01-31 18:00:00 - Kali Pepe - Tugu Boto,95.26392
2026-02-01 06:00:00 - Kali Pepe - Tugu Boto,95.16205
2026-02-01 12:00:00 - Kali Pepe - Tugu Boto,95.16413
2026-02-01 18:00:00 - Kali Pepe - Tugu Boto,95.10995
2026-02-02 06:00:00 - Kali Pepe - Tugu Boto,95.1098
2026-02-02 12:00:00 - Kali Pepe - Tugu Boto,95.36607
2026-02-02 18:00:00 - Kali Pepe - Tugu Boto,95.453865
2026-02-03 06:00:00 - Kali Pepe - Tugu Boto,95.40826
2026-02-03 12:00:00 - Kali Pepe - Tugu Boto,96.33171
2026-02-03 18:00:00 - Kali Pepe - Tugu Boto,96.80784
2026-02-04 06:00:00 - Kali Pepe - Tugu Boto,96.467926
2026-02-04 12:00:00 - Kali Pepe - Tugu Boto,95.41442
2026-02-04 18:00:00 - Kali Pepe - Tugu Boto,95.73897
2026-02-05 06:00:00 - Kali Pepe - Tugu Boto,95.182144
2026-02-05 12:00:00 - Kali Pepe - Tugu Boto,95.074814
2026-02-05 18:00:00 - Kali Pepe - Tugu Boto,95.06959
2026-02-06 06:00:00 - Kali Pepe - Tugu Boto,95.111786
2026-02-06 12:00:00 - Kali Pepe - Tugu Boto,95.114235
2026-02-06 18:00:00 - Kali Pepe - Tugu Boto,95.21492
2026-02-07 06:00:00 - Kali Pepe - Tugu Boto,95.067406
2026-02-07 12:00:00 - Kali Pepe - Tugu Boto,95.16461
2026-02-07 18:00:00 - Kali Pepe - Tugu Boto,95.218925
2026-02-08 06:00:00 - Kali Pepe - Tugu Boto,95.260254
2026-02-08 12:00:00 - Kali Pepe - Tugu Boto,95.05306
2026-02-08 18:00:00 - Kali Pepe - Tugu Boto,95.10068
2026-02-09 06:00:00 - Kali Pepe - Tugu Boto,95.21459
2026-02-09 12:00:00 - Kali Pepe - Tugu Boto,95.24099
2026-02-09 18:00:00 - Kali Pepe - Tugu Boto,95.15854
2026-02-10 06:00:00 - Kali Pepe - Tugu Boto,95.15875
2026-02-10 12:00:00 - Kali Pepe - Tugu Boto,95.112656
2026-02-10 18:00:00 - Kali Pepe - Tugu Boto,95.365036
2026-02-11 06:00:00 - Kali Pepe - Tugu Boto,95.15276
2026-02-11 12:00:00 - Kali Pepe - Tugu Boto,95.2801
2026-02-11 18:00:00 - Kali Pepe - Tugu Boto,95.29815
2026-02-12 06:00:00 - Kali Pepe - Tugu Boto,95.12469
2026-02-12 12:00:00 - Kali Pepe - Tugu Boto,95.22487
2026-02-12 18:00:00 - Kali Pepe - Tugu Boto,95.63644
2026-02-13 06:00:00 - Kali Pepe - Tugu Boto,95.178894
2026-02-13 12:00:00 - Kali Pepe - Tugu Boto,95.16298
2026-02-13 18:00:00 - Kali Pepe - Tugu Boto,95.27889
2026-02-14 06:00:00 - Kali Pepe - Tugu Boto,95.06488
2026-02-14 12:00:00 - Kali Pepe - Tugu Boto,95.15149
2026-02-14 18:00:00 - Kali Pepe - Tugu Boto,95.45698
2026-02-15 06:00:00 - Kali Pepe - Tugu Boto,95.1397
2026-02-15 12:00:00 - Kali Pepe - Tugu Boto,95.29355
2026-02-15 18:00:00 - Kali Pepe - Tugu Boto,95.12998
2026-02-16 06:00:00 - Kali Pepe - Tugu Boto,95.2747
2026-02-16 12:00:00 - Kali Pepe - Tugu Boto,95.412346
2026-02-16 18:00:00 - Kali Pepe - Tugu Boto,96.38046
2026-02-17 06:00:00 - Kali Pepe - Tugu Boto,95.2207
2026-02-17 12:00:00 - Kali Pepe - Tugu Boto,95.21981
2026-02-17 18:00:00 - Kali Pepe - Tugu Boto,95.351166
2026-02-18 06:00:00 - Kali Pepe - Tugu Boto,95.27575
2026-02-18 12:00:00 - Kali Pepe - Tugu Boto,95.435875
2026-02-18 18:00:00 - Kali Pepe - Tugu Boto,95.45395
2026-02-19 06:00:00 - Kali Pepe - Tugu Boto,95.126396
2026-02-19 12:00:00 - Kali Pepe - Tugu Boto,95.06942
2026-02-19 18:00:00 - Kali Pepe - Tugu Boto,95.27469
2026-02-20 06:00:00 - Kali Pepe - Tugu Boto,95.38612
2026-02-20 12:00:00 - Kali Pepe - Tugu Boto,95.20192
2026-02-20 18:00:00 - Kali Pepe - Tugu Boto,95.27521
2026-02-21 06:00:00 - Kali Pepe - Tugu Boto,95.21324
2026-02-21 12:00:00 - Kali Pepe - Tugu Boto,95.113304
2026-02-21 18:00:00 - Kali Pepe - Tugu Boto,95.33817
2026-02-22 06:00:00 - Kali Pepe - Tugu Boto,95.31828
2026-02-22 12:00:00 - Kali Pepe - Tugu Boto,95.064
2026-02-22 18:00:00 - Kali Pepe - Tugu Boto,96.19242
2026-02-23 06:00:00 - Kali Pepe - Tugu Boto,95.43624
2026-02-23 12:00:00 - Kali Pepe - Tugu Boto,95.25154
2026-02-23 18:00:00 - Kali Pepe - Tugu Boto,95.24913
2026-02-24 06:00:00 - Kali Pepe - Tugu Boto,95.214455
2026-02-24 12:00:00 - Kali Pepe - Tugu Boto,95.054405
2026-02-24 18:00:00 - Kali Pepe - Tugu Boto,95.09349
2026-02-25 06:00:00 - Kali Pepe - Tugu Boto,95.15671
2026-02-25 12:00:00 - Kali Pepe - Tugu Boto,94.99592
2026-02-25 18:00:00 - Kali Pepe - Tugu Boto,94.89372
2026-02-26 06:00:00 - Kali Pepe - Tugu Boto,94.98649
2026-02-26 12:00:00 - Kali Pepe - Tugu Boto,94.94904
2026-02-26 18:00:00 - Kali Pepe - Tugu Boto,95.50238
2026-02-27 06:00:00 - Kali Pepe - Tugu Boto,95.0865
2026-02-27 12:00:00 - Kali Pepe - Tugu Boto,95.10953
2026-02-27 18:00:00 - Kali Pepe - Tugu Boto,94.98226
2026-02-28 06:00:00 - Kali Pepe - Tugu Boto,95.11056
2026-02-28 12:00:00 - Kali Pepe - Tugu Boto,95.08908
2026-02-28 18:00:00 - Kali Pepe - Tugu Boto,96.088165
2026-03-01 06:00:00 - Kali Pepe - Tugu Boto,95.35678
2026-03-01 12:00:00 - Kali Pepe - Tugu Boto,95.233955
2026-03-01 18:00:00 - Kali Pepe - Tugu Boto,95.22868
2026-03-02 06:00:00 - Kali Pepe - Tugu Boto,95.06734
2026-03-02 12:00:00 - Kali Pepe - Tugu Boto,95.1297
2026-03-02 18:00:00 - Kali Pepe - Tugu Boto,95.50299
2026-03-03 06:00:00 - Kali Pepe - Tugu Boto,95.27041
2026-03-03 12:00:00 - Kali Pepe - Tugu Boto,95.308815
2026-03-03 18:00:00 - Kali Pepe - Tugu Boto,95.616936
2026-03-04 06:00:00 - Kali Pepe - Tugu Boto,95.261826
2026-03-04 12:00:00 - Kali Pepe - Tugu Boto,95.29274
2026-03-04 18:00:00 - Kali Pepe - Tugu Boto,95.39745
2026-03-05 06:00:00 - Kali Pepe - Tugu Boto,95.25742
2026-03-05 12:00:00 - Kali Pepe - Tugu Boto,95.21093
2026-03-05 18:00:00 - Kali Pepe - Tugu Boto,95.13121
2026-03-06 06:00:00 - Kali Pepe - Tugu Boto,95.086395
2026-03-06 12:00:00 - Kali Pepe - Tugu Boto,95.11894
2026-03-06 18:00:00 - Kali Pepe - Tugu Boto,95.12441
2026-03-07 06:00:00 - Kali Pepe - Tugu Boto,95.106766
2026-03-07 12:00:00 - Kali Pepe - Tugu Boto,95.11283
2026-03-07 18:00:00 - Kali Pepe - Tugu Boto,95.41515
2026-03-08 06:00:00 - Kali Pepe - Tugu Boto,95.22228
2026-03-08 12:00:00 - Kali Pepe - Tugu Boto,95.11086
2026-03-08 18:00:00 - Kali Pepe - Tugu Boto,95.113754
2026-03-09 06:00:00 - Kali Pepe - Tugu Boto,95.184944
2026-03-09 12:00:00 - Kali Pepe - Tugu Boto,95.17323
2026-03-09 18:00:00 - Kali Pepe - Tugu Boto,95.39162
2026-03-10 06:00:00 - Kali Pepe - Tugu Boto,95.22027
2026-03-10 12:00:00 - Kali Pepe - Tugu Boto,95.32419
2026-03-10 18:00:00 - Kali Pepe - Tugu Boto,95.176315
2026-03-11 06:00:00 - Kali Pepe - Tugu Boto,95.13432
2026-03-11 12:00:00 - Kali Pepe - Tugu Boto,95.1399
2026-03-11 18:00:00 - Kali Pepe - Tugu Boto,95.16238
2026-03-12 06:00:00 - Kali Pepe - Tugu Boto,95.06215
2026-03-12 12:00:00 - Kali Pepe - Tugu Boto,95.049255
2026-03-12 18:00:00 - Kali Pepe - Tugu Boto,94.798485
2026-03-13 06:00:00 - Kali Pepe - Tugu Boto,95.2931
2026-03-13 12:00:00 - Kali Pepe - Tugu Boto,95.262665
2026-03-13 18:00:00 - Kali Pepe - Tugu Boto,95.26387
2026-03-14 06:00:00 - Kali Pepe - Tugu Boto,95.22248
2026-03-14 12:00:00 - Kali Pepe - Tugu Boto,95.26403
2026-03-14 18:00:00 - Kali Pepe - Tugu Boto,95.132904
2026-03-15 06:00:00 - Kali Pepe - Tugu Boto,95.201866
2026-03-15 12:00:00 - Kali Pepe - Tugu Boto,95.27308
2026-03-15 18:00:00 - Kali Pepe - Tugu Boto,95.433464
2026-03-16 06:00:00 - Kali Pepe - Tugu Boto,95.453316
2026-03-16 12:00:00 - Kali Pepe - Tugu Boto,95.28826
2026-03-16 18:00:00 - Kali Pepe - Tugu Boto,95.34168
2026-03-17 06:00:00 - Kali Pepe - Tugu Boto,95.26765
2026-03-17 12:00:00 - Kali Pepe - Tugu Boto,95.34757
2026-03-17 18:00:00 - Kali Pepe - Tugu Boto,95.29516
2026-03-18 06:00:00 - Kali Pepe - Tugu Boto,95.29849
2026-03-18 12:00:00 - Kali Pepe - Tugu Boto,95.301125
2026-03-18 18:00:00 - Kali Pepe - Tugu Boto,95.157585
2026-03-19 06:00:00 - Kali Pepe - Tugu Boto,95.16751
2026-03-19 12:00:00 - Kali Pepe - Tugu Boto,95.23711
2026-03-19 18:00:00 - Kali Pepe - Tugu Boto,95.18378
2026-03-20 06:00:00 - Kali Pepe - Tugu Boto,95.22084
2026-03-20 12:00:00 - Kali Pepe - Tugu Boto,95.23743
2026-03-20 18:00:00 - Kali Pepe - Tugu Boto,95.23681
2026-03-21 06:00:00 - Kali Pepe - Tugu Boto,95.14692
2026-03-21 12:00:00 - Kali Pepe - Tugu Boto,95.21649
2026-03-21 18:00:00 - Kali Pepe - Tugu Boto,95.130196
2026-03-22 06:00:00 - Kali Pepe - Tugu Boto,95.245926
2026-03-22 12:00:00 - Kali Pepe - Tugu Boto,95.2492
2026-03-22 18:00:00 - Kali Pepe - Tugu Boto,95.07277
2026-03-23 06:00:00 - Kali Pepe - Tugu Boto,95.21159
2026-03-23 12:00:00 - Kali Pepe - Tugu Boto,94.98618
2026-03-23 18:00:00 - Kali Pepe - Tugu Boto,94.9131
2026-03-24 06:00:00 - Kali Pepe - Tugu Boto,94.875984
2026-03-24 12:00:00 - Kali Pepe - Tugu Boto,94.99625
2026-03-24 18:00:00 - Kali Pepe - Tugu Boto,95.0617
2026-03-25 06:00:00 - Kali Pepe - Tugu Boto,95.20091
2026-03-25 12:00:00 - Kali Pepe - Tugu Boto,94.92691
2026-03-25 18:00:00 - Kali Pepe - Tugu Boto,95.06289
2026-03-26 06:00:00 - Kali Pepe - Tugu Boto,95.069984
2026-03-26 12:00:00 - Kali Pepe - Tugu Boto,95.12876
2026-03-26 18:00:00 - Kali Pepe - Tugu Boto,95.31273
2026-03-27 06:00:00 - Kali Pepe - Tugu Boto,95.334625
2026-03-27 12:00:00 - Kali Pepe - Tugu Boto,95.355286
2026-03-27 18:00:00 - Kali Pepe - Tugu Boto,95.352196
2026-03-28 06:00:00 - Kali Pepe - Tugu Boto,95.634384
2026-03-28 12:00:00 - Kali Pepe - Tugu Boto,95.16958
2026-03-28 18:00:00 - Kali Pepe - Tugu Boto,95.332596
2026-03-29 06:00:00 - Kali Pepe - Tugu Boto,95.341705
2026-03-29 12:00:00 - Kali Pepe - Tugu Boto,95.2274
2026-03-29 18:00:00 - Kali Pepe - Tugu Boto,95.27086
2026-03-30 06:00:00 - Kali Pepe - Tugu Boto,95.22366
2026-03-30 12:00:00 - Kali Pepe - Tugu Boto,95.12086
2026-03-30 18:00:00 - Kali Pepe - Tugu Boto,95.78696
2026-03-31 06:00:00 - Kali Pepe - Tugu Boto,95.37886
2026-03-31 12:00:00 - Kali Pepe - Tugu Boto,95.19159
2026-03-31 18:00:00 - Kali Pepe - Tugu Boto,95.42026
2026-04-01 06:00:00 - Kali Pepe - Tugu Boto,95.20681
2026-04-01 12:00:00 - Kali Pepe - Tugu Boto,95.16489
2026-04-01 18:00:00 - Kali Pepe - Tugu Boto,95.30714
2026-04-02 06:00:00 - Kali Pepe - Tugu Boto,95.24847
2026-04-02 12:00:00 - Kali Pepe - Tugu Boto,95.04842
2026-04-02 18:00:00 - Kali Pepe - Tugu Boto,95.88354
2026-04-03 06:00:00 - Kali Pepe - Tugu Boto,95.1248
2026-04-03 12:00:00 - Kali Pepe - Tugu Boto,95.004776
2026-04-03 18:00:00 - Kali Pepe - Tugu Boto,95.518616
2026-04-04 06:00:00 - Kali Pepe - Tugu Boto,95.23504
2026-04-04 12:00:00 - Kali Pepe - Tugu Boto,95.00372
2026-04-04 18:00:00 - Kali Pepe - Tugu Boto,95.29869
2026-04-05 06:00:00 - Kali Pepe - Tugu Boto,95.29036
2026-04-05 12:00:00 - Kali Pepe - Tugu Boto,95.136925
2026-04-05 18:00:00 - Kali Pepe - Tugu Boto,95.30023
2026-04-06 06:00:00 - Kali Pepe - Tugu Boto,95.15651
2026-04-06 12:00:00 - Kali Pepe - Tugu Boto,95.044685
2026-04-06 18:00:00 - Kali Pepe - Tugu Boto,95.22414
2026-04-07 06:00:00 - Kali Pepe - Tugu Boto,95.2332
2026-04-07 12:00:00 - Kali Pepe - Tugu Boto,95.19212
2026-04-07 18:00:00 - Kali Pepe - Tugu Boto,95.31245
2026-04-08 06:00:00 - Kali Pepe - Tugu Boto,95.32665
2026-04-08 12:00:00 - Kali Pepe - Tugu Boto,95.278824
2026-04-08 18:00:00 - Kali Pepe - Tugu Boto,95.22618
2026-04-09 06:00:00 - Kali Pepe - Tugu Boto,95.25179
2026-04-09 12:00:00 - Kali Pepe - Tugu Boto,95.22807
2026-04-09 18:00:00 - Kali Pepe - Tugu Boto,95.43864
2026-04-10 06:00:00 - Kali Pepe - Tugu Boto,95.24192
2026-04-10 12:00:00 - Kali Pepe - Tugu Boto,95.14371
2026-04-10 18:00:00 - Kali Pepe - Tugu Boto,95.38799
2026-04-11 06:00:00 - Kali Pepe - Tugu Boto,95.18917
2026-04-11 12:00:00 - Kali Pepe - Tugu Boto,95.102554
2026-04-11 18:00:00 - Kali Pepe - Tugu Boto,95.507675
2026-04-12 06:00:00 - Kali Pepe - Tugu Boto,95.19348
2026-04-12 12:00:00 - Kali Pepe - Tugu Boto,95.14915
2026-04-12 18:00:00 - Kali Pepe - Tugu Boto,95.543
2026-04-13 06:00:00 - Kali Pepe - Tugu Boto,95.057236
2026-04-13 12:00:00 - Kali Pepe - Tugu Boto,94.964874
2026-04-13 18:00:00 - Kali Pepe - Tugu Boto,94.97808
2026-04-14 06:00:00 - Kali Pepe - Tugu Boto,94.99582
2026-04-14 12:00:00 - Kali Pepe - Tugu Boto,95.016594
2026-04-14 18:00:00 - Kali Pepe - Tugu Boto,94.974464
2026-04-15 06:00:00 - Kali Pepe - Tugu Boto,95.2737
2026-04-15 12:00:00 - Kali Pepe - Tugu Boto,95.1838
2026-04-15 18:00:00 - Kali Pepe - Tugu Boto,95.069
2026-04-16 06:00:00 - Kali Pepe - Tugu Boto,95.160324
2026-04-16 12:00:00 - Kali Pepe - Tugu Boto,95.36212
2026-04-16 18:00:00 - Kali Pepe - Tugu Boto,95.116165
2026-04-17 06:00:00 - Kali Pepe - Tugu Boto,95.15822
2026-04-17 12:00:00 - Kali Pepe - Tugu Boto,95.13905
2026-04-17 18:00:00 - Kali Pepe - Tugu Boto,95.14484
2026-04-18 06:00:00 - Kali Pepe - Tugu Boto,95.12201
2026-04-18 12:00:00 - Kali Pepe - Tugu Boto,95.09629
2026-04-18 18:00:00 - Kali Pepe - Tugu Boto,94.975334
2026-04-19 06:00:00 - Kali Pepe - Tugu Boto,95.07055
2026-04-19 12:00:00 - Kali Pepe - Tugu Boto,95.35363
2026-04-19 18:00:00 - Kali Pepe - Tugu Boto,95.145035
2026-04-20 06:00:00 - Kali Pepe - Tugu Boto,95.15905
2026-04-20 12:00:00 - Kali Pepe - Tugu Boto,94.98643
2026-04-20 18:00:00 - Kali Pepe - Tugu Boto,94.82588
2026-04-21 06:00:00 - Kali Pepe - Tugu Boto,95.034134
2026-04-21 12:00:00 - Kali Pepe - Tugu Boto,94.98857
2026-04-21 18:00:00 - Kali Pepe - Tugu Boto,95.01936
2026-04-22 06:00:00 - Kali Pepe - Tugu Boto,95.00561
2026-04-22 12:00:00 - Kali Pepe - Tugu Boto,95.08763
2026-04-22 18:00:00 - Kali Pepe - Tugu Boto,94.97162
2026-04-23 06:00:00 - Kali Pepe - Tugu Boto,95.123436
2026-04-23 12:00:00 - Kali Pepe - Tugu Boto,95.06347
2026-04-23 18:00:00 - Kali Pepe - Tugu Boto,94.97268
2026-04-24 06:00:00 - Kali Pepe - Tugu Boto,94.98049
2026-04-24 12:00:00 - Kali Pepe - Tugu Boto,94.90826
2026-04-24 18:00:00 - Kali Pepe - Tugu Boto,94.86463
2026-04-25 06:00:00 - Kali Pepe - Tugu Boto,95.0041
2026-04-25 12:00:00 - Kali Pepe - Tugu Boto,94.950096
2026-04-25 18:00:00 - Kali Pepe - Tugu Boto,94.914345
2026-04-26 06:00:00 - Kali Pepe - Tugu Boto,94.84795
2026-04-26 12:00:00 - Kali Pepe - Tugu Boto,94.87804
2026-04-26 18:00:00 - Kali Pepe - Tugu Boto,94.89408
2026-04-27 06:00:00 - Kali Pepe - Tugu Boto,94.84324
2026-04-27 12:00:00 - Kali Pepe - Tugu Boto,94.75657
2026-04-27 18:00:00 - Kali Pepe - Tugu Boto,94.7812
2026-04-28 06:00:00 - Kali Pepe - Tugu Boto,94.85587
2026-04-28 12:00:00 - Kali Pepe - Tugu Boto,94.94023
2026-04-28 18:00:00 - Kali Pepe - Tugu Boto,95.715065
2026-04-29 06:00:00 - Kali Pepe - Tugu Boto,94.80259
2026-04-29 12:00:00 - Kali Pepe - Tugu Boto,94.92988
2026-04-29 18:00:00 - Kali Pepe - Tugu Boto,94.961296
2026-04-30 06:00:00 - Kali Pepe - Tugu Boto,94.89514
2026-04-30 12:00:00 - Kali Pepe - Tugu Boto,94.8474
2026-04-30 18:00:00 - Kali Pepe - Tugu Boto,94.819595
2026-05-01 06:00:00 - Kali Pepe - Tugu Boto,95.084
2026-05-01 12:00:00 - Kali Pepe - Tugu Boto,95.08458
2026-05-01 18:00:00 - Kali Pepe - Tugu Boto,95.45619
2026-05-02 06:00:00 - Kali Pepe - Tugu Boto,94.85736
2026-05-02 12:00:00 - Kali Pepe - Tugu Boto,94.89131
2026-05-02 18:00:00 - Kali Pepe - Tugu Boto,95.02223
2026-05-03 06:00:00 - Kali Pepe - Tugu Boto,94.83114
2026-05-03 12:00:00 - Kali Pepe - Tugu Boto,94.93893
2026-05-03 18:00:00 - Kali Pepe - Tugu Boto,94.90218
2026-05-04 06:00:00 - Kali Pepe - Tugu Boto,94.88545
2026-05-04 12:00:00 - Kali Pepe - Tugu Boto,94.93857
2026-05-04 18:00:00 - Kali Pepe - Tugu Boto,94.89614
2026-05-05 06:00:00 - Kali Pepe - Tugu Boto,94.83973
2026-05-05 12:00:00 - Kali Pepe - Tugu Boto,94.851036
2026-05-05 18:00:00 - Kali Pepe - Tugu Boto,94.84878
2026-05-06 06:00:00 - Kali Pepe - Tugu Boto,94.83723
2026-05-06 12:00:00 - Kali Pepe - Tugu Boto,94.813225
2026-05-06 18:00:00 - Kali Pepe - Tugu Boto,94.754326
2026-05-07 06:00:00 - Kali Pepe - Tugu Boto,94.84301
2026-05-07 12:00:00 - Kali Pepe - Tugu Boto,94.83342
2026-05-07 18:00:00 - Kali Pepe - Tugu Boto,94.87828
2026-05-08 06:00:00 - Kali Pepe - Tugu Boto,94.876884
2026-05-08 12:00:00 - Kali Pepe - Tugu Boto,94.81246
2026-05-08 18:00:00 - Kali Pepe - Tugu Boto,94.89314
2026-05-09 06:00:00 - Kali Pepe - Tugu Boto,94.72703
2026-05-09 12:00:00 - Kali Pepe - Tugu Boto,94.85998
2026-05-09 18:00:00 - Kali Pepe - Tugu Boto,94.83572
2026-05-10 06:00:00 - Kali Pepe - Tugu Boto,94.80906
2026-05-10 12:00:00 - Kali Pepe - Tugu Boto,94.76486
2026-05-10 18:00:00 - Kali Pepe - Tugu Boto,94.843796
2026-05-11 06:00:00 - Kali Pepe - Tugu Boto,94.77656
2026-05-11 12:00:00 - Kali Pepe - Tugu Boto,94.92469
2026-05-11 18:00:00 - Kali Pepe - Tugu Boto,94.82194
2026-05-12 06:00:00 - Kali Pepe - Tugu Boto,94.83772
2026-05-12 12:00:00 - Kali Pepe - Tugu Boto,94.873184
2026-05-12 18:00:00 - Kali Pepe - Tugu Boto,95.004585
2026-05-13 06:00:00 - Kali Pepe - Tugu Boto,94.758354
2026-05-13 12:00:00 - Kali Pepe - Tugu Boto,94.76469
2026-05-13 18:00:00 - Kali Pepe - Tugu Boto,94.95984
2026-05-14 06:00:00 - Kali Pepe - Tugu Boto,94.87607
2026-05-14 12:00:00 - Kali Pepe - Tugu Boto,94.93568
2026-05-14 18:00:00 - Kali Pepe - Tugu Boto,94.91883
2026-05-15 06:00:00 - Kali Pepe - Tugu Boto,94.96595
2026-05-15 12:00:00 - Kali Pepe - Tugu Boto,94.97535
2026-05-15 18:00:00 - Kali Pepe - Tugu Boto,95.075424
2026-05-16 06:00:00 - Kali Pepe - Tugu Boto,94.89119
2026-05-16 12:00:00 - Kali Pepe - Tugu Boto,94.94807
2026-05-16 18:00:00 - Kali Pepe - Tugu Boto,94.89025
2026-05-17 06:00:00 - Kali Pepe - Tugu Boto,94.90456
2026-05-17 12:00:00 - Kali Pepe - Tugu Boto,94.87747
2026-05-17 18:00:00 - Kali Pepe - Tugu Boto,94.920364
2026-05-18 06:00:00 - Kali Pepe - Tugu Boto,94.83691
2026-05-18 12:00:00 - Kali Pepe - Tugu Boto,94.74821
2026-05-18 18:00:00 - Kali Pepe - Tugu Boto,94.73811
2025-09-19 06:00:00 - Karanggeneng,1.7905369
2025-09-19 12:00:00 - Karanggeneng,1.6797284
2025-09-19 18:00:00 - Karanggeneng,1.6417109
2025-09-20 06:00:00 - Karanggeneng,1.6736223
2025-09-20 12:00:00 - Karanggeneng,1.5294627
2025-09-20 18:00:00 - Karanggeneng,1.5905614
2025-09-21 06:00:00 - Karanggeneng,1.6298046
2025-09-21 12:00:00 - Karanggeneng,1.6283231
2025-09-21 18:00:00 - Karanggeneng,1.6658816
2025-09-22 06:00:00 - Karanggeneng,1.7002851
2025-09-22 12:00:00 - Karanggeneng,1.6890786
2025-09-22 18:00:00 - Karanggeneng,1.7325704
2025-09-23 06:00:00 - Karanggeneng,1.750845
2025-09-23 12:00:00 - Karanggeneng,1.7321104
2025-09-23 18:00:00 - Karanggeneng,1.7163316
2025-09-24 06:00:00 - Karanggeneng,1.7058431
2025-09-24 12:00:00 - Karanggeneng,1.7045587
2025-09-24 18:00:00 - Karanggeneng,1.6940821
2025-09-25 06:00:00 - Karanggeneng,1.7078475
2025-09-25 12:00:00 - Karanggeneng,1.6802362
2025-09-25 18:00:00 - Karanggeneng,1.6989623
2025-09-26 06:00:00 - Karanggeneng,1.6617986
2025-09-26 12:00:00 - Karanggeneng,1.6418161
2025-09-26 18:00:00 - Karanggeneng,1.6646087
2025-09-27 06:00:00 - Karanggeneng,1.7416546
2025-09-27 12:00:00 - Karanggeneng,1.7411568
2025-09-27 18:00:00 - Karanggeneng,1.7247504
2025-09-28 06:00:00 - Karanggeneng,1.757077
2025-09-28 12:00:00 - Karanggeneng,1.6561973
2025-09-28 18:00:00 - Karanggeneng,1.6471747
2025-09-29 06:00:00 - Karanggeneng,1.8976249
2025-09-29 12:00:00 - Karanggeneng,1.8175714
2025-09-29 18:00:00 - Karanggeneng,1.8316749
2025-09-30 06:00:00 - Karanggeneng,2.0251393
2025-09-30 12:00:00 - Karanggeneng,1.9180666
2025-09-30 18:00:00 - Karanggeneng,2.0347939
2025-10-01 06:00:00 - Karanggeneng,1.9529457
2025-10-01 12:00:00 - Karanggeneng,1.7398789
2025-10-01 18:00:00 - Karanggeneng,1.7962623
2025-10-02 06:00:00 - Karanggeneng,1.9170192
2025-10-02 12:00:00 - Karanggeneng,1.7720515
2025-10-02 18:00:00 - Karanggeneng,1.8183637
2025-10-03 06:00:00 - Karanggeneng,1.6216451
2025-10-03 12:00:00 - Karanggeneng,1.5525383
2025-10-03 18:00:00 - Karanggeneng,1.636983
2025-10-04 06:00:00 - Karanggeneng,1.6225271
2025-10-04 12:00:00 - Karanggeneng,1.6248082
2025-10-04 18:00:00 - Karanggeneng,1.6812631
2025-10-05 06:00:00 - Karanggeneng,1.7764119
2025-10-05 12:00:00 - Karanggeneng,1.7674172
2025-10-05 18:00:00 - Karanggeneng,1.8703152
2025-10-06 06:00:00 - Karanggeneng,1.779164
2025-10-06 12:00:00 - Karanggeneng,1.6621462
2025-10-06 18:00:00 - Karanggeneng,1.5776591
2025-10-07 06:00:00 - Karanggeneng,1.7581524
2025-10-07 12:00:00 - Karanggeneng,1.7299304
2025-10-07 18:00:00 - Karanggeneng,1.7936486
2025-10-08 06:00:00 - Karanggeneng,1.8012255
2025-10-08 12:00:00 - Karanggeneng,1.7513666
2025-10-08 18:00:00 - Karanggeneng,1.8917522
2025-10-09 06:00:00 - Karanggeneng,1.7590969
2025-10-09 12:00:00 - Karanggeneng,1.7155724
2025-10-09 18:00:00 - Karanggeneng,1.8469797
2025-10-10 06:00:00 - Karanggeneng,1.8338687
2025-10-10 12:00:00 - Karanggeneng,1.8202205
2025-10-10 18:00:00 - Karanggeneng,1.9125417
2025-10-11 06:00:00 - Karanggeneng,1.8626747
2025-10-11 12:00:00 - Karanggeneng,1.7510418
2025-10-11 18:00:00 - Karanggeneng,1.8568643
2025-10-12 06:00:00 - Karanggeneng,1.7557539
2025-10-12 12:00:00 - Karanggeneng,1.5857223
2025-10-12 18:00:00 - Karanggeneng,1.605858
2025-10-13 06:00:00 - Karanggeneng,1.5595267
2025-10-13 12:00:00 - Karanggeneng,1.4330126
2025-10-13 18:00:00 - Karanggeneng,1.4796255
2025-10-14 06:00:00 - Karanggeneng,1.5534576
2025-10-14 12:00:00 - Karanggeneng,1.4136224
2025-10-14 18:00:00 - Karanggeneng,1.4491191
2025-10-15 06:00:00 - Karanggeneng,1.775419
2025-10-15 12:00:00 - Karanggeneng,1.58559
2025-10-15 18:00:00 - Karanggeneng,1.5682149
2025-10-16 06:00:00 - Karanggeneng,1.7587734
2025-10-16 12:00:00 - Karanggeneng,1.7042186
2025-10-16 18:00:00 - Karanggeneng,1.7651294
2025-10-17 06:00:00 - Karanggeneng,1.7158753
2025-10-17 12:00:00 - Karanggeneng,1.641988
2025-10-17 18:00:00 - Karanggeneng,1.646959
2025-10-18 06:00:00 - Karanggeneng,1.6149443
2025-10-18 12:00:00 - Karanggeneng,1.6550868
2025-10-18 18:00:00 - Karanggeneng,1.6366438
2025-10-19 06:00:00 - Karanggeneng,1.6141282
2025-10-19 12:00:00 - Karanggeneng,1.5573701
2025-10-19 18:00:00 - Karanggeneng,1.5823376
2025-10-20 06:00:00 - Karanggeneng,1.5580175
2025-10-20 12:00:00 - Karanggeneng,1.5213302
2025-10-20 18:00:00 - Karanggeneng,1.5019732
2025-10-21 06:00:00 - Karanggeneng,1.5639421
2025-10-21 12:00:00 - Karanggeneng,1.5081595
2025-10-21 18:00:00 - Karanggeneng,1.5243065
2025-10-22 06:00:00 - Karanggeneng,1.907478
2025-10-22 12:00:00 - Karanggeneng,1.6237574
2025-10-22 18:00:00 - Karanggeneng,1.7495447
2025-10-23 06:00:00 - Karanggeneng,1.5622569
2025-10-23 12:00:00 - Karanggeneng,1.7782106
2025-10-23 18:00:00 - Karanggeneng,2.0546877
2025-10-24 06:00:00 - Karanggeneng,2.0699966
2025-10-24 12:00:00 - Karanggeneng,2.3296058
2025-10-24 18:00:00 - Karanggeneng,2.0378242
2025-10-25 06:00:00 - Karanggeneng,2.1066933
2025-10-25 12:00:00 - Karanggeneng,2.2356493
2025-10-25 18:00:00 - Karanggeneng,2.6652923
2025-10-26 06:00:00 - Karanggeneng,2.235784
2025-10-26 12:00:00 - Karanggeneng,1.8760664
2025-10-26 18:00:00 - Karanggeneng,1.8811048
2025-10-27 06:00:00 - Karanggeneng,1.862627
2025-10-27 12:00:00 - Karanggeneng,1.8668212
2025-10-27 18:00:00 - Karanggeneng,1.8988149
2025-10-28 06:00:00 - Karanggeneng,1.8382857
2025-10-28 12:00:00 - Karanggeneng,1.5592705
2025-10-28 18:00:00 - Karanggeneng,1.8470575
2025-10-29 06:00:00 - Karanggeneng,2.0844498
2025-10-29 12:00:00 - Karanggeneng,1.8439454
2025-10-29 18:00:00 - Karanggeneng,2.1305177
2025-10-30 06:00:00 - Karanggeneng,2.0109572
2025-10-30 12:00:00 - Karanggeneng,2.2088575
2025-10-30 18:00:00 - Karanggeneng,2.325299
2025-10-31 06:00:00 - Karanggeneng,2.3598711
2025-10-31 12:00:00 - Karanggeneng,2.3284016
2025-10-31 18:00:00 - Karanggeneng,2.5296342
2025-11-01 06:00:00 - Karanggeneng,2.264329
2025-11-01 12:00:00 - Karanggeneng,2.0464125
2025-11-01 18:00:00 - Karanggeneng,1.9756843
2025-11-02 06:00:00 - Karanggeneng,1.9064279
2025-11-02 12:00:00 - Karanggeneng,1.859692
2025-11-02 18:00:00 - Karanggeneng,1.9224008
2025-11-03 06:00:00 - Karanggeneng,1.9012953
2025-11-03 12:00:00 - Karanggeneng,1.7859293
2025-11-03 18:00:00 - Karanggeneng,1.8971256
2025-11-04 06:00:00 - Karanggeneng,2.2656329
2025-11-04 12:00:00 - Karanggeneng,2.3073318
2025-11-04 18:00:00 - Karanggeneng,2.3794475
2025-11-05 06:00:00 - Karanggeneng,2.158486
2025-11-05 12:00:00 - Karanggeneng,2.3346848
2025-11-05 18:00:00 - Karanggeneng,2.3499107
2025-11-06 06:00:00 - Karanggeneng,2.386785
2025-11-06 12:00:00 - Karanggeneng,2.4519136
2025-11-06 18:00:00 - Karanggeneng,2.5820684
2025-11-07 06:00:00 - Karanggeneng,2.6874113
2025-11-07 12:00:00 - Karanggeneng,2.4113498
2025-11-07 18:00:00 - Karanggeneng,2.446527
2025-11-08 06:00:00 - Karanggeneng,1.97419
2025-11-08 12:00:00 - Karanggeneng,2.0996804
2025-11-08 18:00:00 - Karanggeneng,2.0076535
2025-11-09 06:00:00 - Karanggeneng,2.0366604
2025-11-09 12:00:00 - Karanggeneng,2.150737
2025-11-09 18:00:00 - Karanggeneng,2.158843
2025-11-10 06:00:00 - Karanggeneng,2.439244
2025-11-10 12:00:00 - Karanggeneng,2.4999337
2025-11-10 18:00:00 - Karanggeneng,2.5725977
2025-11-11 06:00:00 - Karanggeneng,2.8765607
2025-11-11 12:00:00 - Karanggeneng,2.8063023
2025-11-11 18:00:00 - Karanggeneng,2.9442503
2025-11-12 06:00:00 - Karanggeneng,3.1139274
2025-11-12 12:00:00 - Karanggeneng,3.1800218
2025-11-12 18:00:00 - Karanggeneng,3.4071589
2025-11-13 06:00:00 - Karanggeneng,3.1408715
2025-11-13 12:00:00 - Karanggeneng,3.1119168
2025-11-13 18:00:00 - Karanggeneng,3.4304857
2025-11-14 06:00:00 - Karanggeneng,2.860987
2025-11-14 12:00:00 - Karanggeneng,2.946958
2025-11-14 18:00:00 - Karanggeneng,2.7735367
2025-11-15 06:00:00 - Karanggeneng,2.753262
2025-11-15 12:00:00 - Karanggeneng,2.7081468
2025-11-15 18:00:00 - Karanggeneng,2.4384072
2025-11-16 06:00:00 - Karanggeneng,2.719063
2025-11-16 12:00:00 - Karanggeneng,2.661318
2025-11-16 18:00:00 - Karanggeneng,2.9228885
2025-11-17 06:00:00 - Karanggeneng,2.857128
2025-11-17 12:00:00 - Karanggeneng,2.7710717
2025-11-17 18:00:00 - Karanggeneng,2.4214158
2025-11-18 06:00:00 - Karanggeneng,2.6915507
2025-11-18 12:00:00 - Karanggeneng,2.872862
2025-11-18 18:00:00 - Karanggeneng,2.8613944
2025-11-19 06:00:00 - Karanggeneng,2.9269462
2025-11-19 12:00:00 - Karanggeneng,2.979165
2025-11-19 18:00:00 - Karanggeneng,3.050413
2025-11-20 06:00:00 - Karanggeneng,2.9439244
2025-11-20 12:00:00 - Karanggeneng,3.0380783
2025-11-20 18:00:00 - Karanggeneng,3.0458014
2025-11-21 06:00:00 - Karanggeneng,3.1289768
2025-11-21 12:00:00 - Karanggeneng,3.0669885
2025-11-21 18:00:00 - Karanggeneng,3.2477522
2025-11-22 06:00:00 - Karanggeneng,3.097494
2025-11-22 12:00:00 - Karanggeneng,3.1126018
2025-11-22 18:00:00 - Karanggeneng,3.1702588
2025-11-23 06:00:00 - Karanggeneng,3.1186686
2025-11-23 12:00:00 - Karanggeneng,3.082029
2025-11-23 18:00:00 - Karanggeneng,2.9505124
2025-11-24 06:00:00 - Karanggeneng,3.0506759
2025-11-24 12:00:00 - Karanggeneng,2.8292334
2025-11-24 18:00:00 - Karanggeneng,2.8857477
2025-11-25 06:00:00 - Karanggeneng,2.9520113
2025-11-25 12:00:00 - Karanggeneng,2.7732444
2025-11-25 18:00:00 - Karanggeneng,2.8870142
2025-11-26 06:00:00 - Karanggeneng,3.059043
2025-11-26 12:00:00 - Karanggeneng,2.7751968
2025-11-26 18:00:00 - Karanggeneng,2.8817077
2025-11-27 06:00:00 - Karanggeneng,2.7008903
2025-11-27 12:00:00 - Karanggeneng,2.5659323
2025-11-27 18:00:00 - Karanggeneng,2.6705973
2025-11-28 06:00:00 - Karanggeneng,2.629456
2025-11-28 12:00:00 - Karanggeneng,2.6108546
2025-11-28 18:00:00 - Karanggeneng,2.6226048
2025-11-29 06:00:00 - Karanggeneng,2.5446537
2025-11-29 12:00:00 - Karanggeneng,2.6458113
2025-11-29 18:00:00 - Karanggeneng,2.6849864
2025-11-30 06:00:00 - Karanggeneng,2.5934982
2025-11-30 12:00:00 - Karanggeneng,2.3250847
2025-11-30 18:00:00 - Karanggeneng,2.2792585
2025-12-01 06:00:00 - Karanggeneng,2.917113
2025-12-01 12:00:00 - Karanggeneng,2.7374094
2025-12-01 18:00:00 - Karanggeneng,2.699718
2025-12-02 06:00:00 - Karanggeneng,2.4283493
2025-12-02 12:00:00 - Karanggeneng,2.4347339
2025-12-02 18:00:00 - Karanggeneng,2.8392005
2025-12-03 06:00:00 - Karanggeneng,2.4647188
2025-12-03 12:00:00 - Karanggeneng,2.5477943
2025-12-03 18:00:00 - Karanggeneng,2.6465423
2025-12-04 06:00:00 - Karanggeneng,2.4811623
2025-12-04 12:00:00 - Karanggeneng,2.4767249
2025-12-04 18:00:00 - Karanggeneng,2.7137856
2025-12-05 06:00:00 - Karanggeneng,2.7701719
2025-12-05 12:00:00 - Karanggeneng,2.8858774
2025-12-05 18:00:00 - Karanggeneng,3.0291886
2025-12-06 06:00:00 - Karanggeneng,3.077721
2025-12-06 12:00:00 - Karanggeneng,3.353126
2025-12-06 18:00:00 - Karanggeneng,3.2872298
2025-12-07 06:00:00 - Karanggeneng,3.1427095
2025-12-07 12:00:00 - Karanggeneng,3.3520896
2025-12-07 18:00:00 - Karanggeneng,3.9191866
2025-12-08 06:00:00 - Karanggeneng,3.510877
2025-12-08 12:00:00 - Karanggeneng,3.4100318
2025-12-08 18:00:00 - Karanggeneng,3.7082155
2025-12-09 06:00:00 - Karanggeneng,3.239217
2025-12-09 12:00:00 - Karanggeneng,3.13481
2025-12-09 18:00:00 - Karanggeneng,3.422159
2025-12-10 06:00:00 - Karanggeneng,3.083909
2025-12-10 12:00:00 - Karanggeneng,3.0275104
2025-12-10 18:00:00 - Karanggeneng,3.2084215
2025-12-11 06:00:00 - Karanggeneng,2.9882278
2025-12-11 12:00:00 - Karanggeneng,2.824541
2025-12-11 18:00:00 - Karanggeneng,3.4032655
2025-12-12 06:00:00 - Karanggeneng,2.634283
2025-12-12 12:00:00 - Karanggeneng,2.8746498
2025-12-12 18:00:00 - Karanggeneng,3.1742802
2025-12-13 06:00:00 - Karanggeneng,2.8540459
2025-12-13 12:00:00 - Karanggeneng,2.4275768
2025-12-13 18:00:00 - Karanggeneng,2.535039
2025-12-14 06:00:00 - Karanggeneng,3.0216053
2025-12-14 12:00:00 - Karanggeneng,3.0268486
2025-12-14 18:00:00 - Karanggeneng,2.934748
2025-12-15 06:00:00 - Karanggeneng,2.9728758
2025-12-15 12:00:00 - Karanggeneng,3.0230079
2025-12-15 18:00:00 - Karanggeneng,3.4412427
2025-12-16 06:00:00 - Karanggeneng,2.6161451
2025-12-16 12:00:00 - Karanggeneng,2.796351
2025-12-16 18:00:00 - Karanggeneng,3.3910737
2025-12-17 06:00:00 - Karanggeneng,3.003816
2025-12-17 12:00:00 - Karanggeneng,2.5413518
2025-12-17 18:00:00 - Karanggeneng,2.8985145
2025-12-18 06:00:00 - Karanggeneng,2.7437391
2025-12-18 12:00:00 - Karanggeneng,2.5583687
2025-12-18 18:00:00 - Karanggeneng,2.593546
2025-12-19 06:00:00 - Karanggeneng,2.7652776
2025-12-19 12:00:00 - Karanggeneng,2.8728664
2025-12-19 18:00:00 - Karanggeneng,3.018839
2025-12-20 06:00:00 - Karanggeneng,2.8248248
2025-12-20 12:00:00 - Karanggeneng,2.7297683
2025-12-20 18:00:00 - Karanggeneng,2.7871392
2025-12-21 06:00:00 - Karanggeneng,3.12575
2025-12-21 12:00:00 - Karanggeneng,2.6246781
2025-12-21 18:00:00 - Karanggeneng,3.2620702
2025-12-22 06:00:00 - Karanggeneng,3.254532
2025-12-22 12:00:00 - Karanggeneng,3.5700219
2025-12-22 18:00:00 - Karanggeneng,3.818272
2025-12-23 06:00:00 - Karanggeneng,3.3818786
2025-12-23 12:00:00 - Karanggeneng,3.8337898
2025-12-23 18:00:00 - Karanggeneng,3.6592987
2025-12-24 06:00:00 - Karanggeneng,2.9229314
2025-12-24 12:00:00 - Karanggeneng,3.5713549
2025-12-24 18:00:00 - Karanggeneng,3.5848157
2025-12-25 06:00:00 - Karanggeneng,2.9725769
2025-12-25 12:00:00 - Karanggeneng,3.1845248
2025-12-25 18:00:00 - Karanggeneng,3.002077
2025-12-26 06:00:00 - Karanggeneng,3.0228062
2025-12-26 12:00:00 - Karanggeneng,2.6597073
2025-12-26 18:00:00 - Karanggeneng,3.0144918
2025-12-27 06:00:00 - Karanggeneng,3.3170483
2025-12-27 12:00:00 - Karanggeneng,3.059415
2025-12-27 18:00:00 - Karanggeneng,3.4553597
2025-12-28 06:00:00 - Karanggeneng,3.2346535
2025-12-28 12:00:00 - Karanggeneng,2.879479
2025-12-28 18:00:00 - Karanggeneng,3.1046178
2025-12-29 06:00:00 - Karanggeneng,2.9720492
2025-12-29 12:00:00 - Karanggeneng,2.8506377
2025-12-29 18:00:00 - Karanggeneng,3.5727463
2025-12-30 06:00:00 - Karanggeneng,2.693741
2025-12-30 12:00:00 - Karanggeneng,2.618076
2025-12-30 18:00:00 - Karanggeneng,2.8819792
2025-12-31 06:00:00 - Karanggeneng,2.4881043
2025-12-31 12:00:00 - Karanggeneng,2.4512181
2025-12-31 18:00:00 - Karanggeneng,2.7130375
2026-01-01 06:00:00 - Karanggeneng,2.6299253
2026-01-01 12:00:00 - Karanggeneng,2.919956
2026-01-01 18:00:00 - Karanggeneng,3.0469334
2026-01-02 06:00:00 - Karanggeneng,2.9726944
2026-01-02 12:00:00 - Karanggeneng,3.0177526
2026-01-02 18:00:00 - Karanggeneng,3.1232698
2026-01-03 06:00:00 - Karanggeneng,3.0824018
2026-01-03 12:00:00 - Karanggeneng,3.2139804
2026-01-03 18:00:00 - Karanggeneng,3.3747618
2026-01-04 06:00:00 - Karanggeneng,2.943225
2026-01-04 12:00:00 - Karanggeneng,3.1864312
2026-01-04 18:00:00 - Karanggeneng,3.2058697
2026-01-05 06:00:00 - Karanggeneng,2.7426918
2026-01-05 12:00:00 - Karanggeneng,3.0008664
2026-01-05 18:00:00 - Karanggeneng,2.8863304
2026-01-06 06:00:00 - Karanggeneng,2.671577
2026-01-06 12:00:00 - Karanggeneng,2.772601
2026-01-06 18:00:00 - Karanggeneng,2.8536458
2026-01-07 06:00:00 - Karanggeneng,2.6701555
2026-01-07 12:00:00 - Karanggeneng,2.6960824
2026-01-07 18:00:00 - Karanggeneng,2.7624497
2026-01-08 06:00:00 - Karanggeneng,2.6796782
2026-01-08 12:00:00 - Karanggeneng,2.7042565
2026-01-08 18:00:00 - Karanggeneng,2.6899285
2026-01-09 06:00:00 - Karanggeneng,2.858102
2026-01-09 12:00:00 - Karanggeneng,2.769898
2026-01-09 18:00:00 - Karanggeneng,2.899491
2026-01-10 06:00:00 - Karanggeneng,2.779152
2026-01-10 12:00:00 - Karanggeneng,3.1575353
2026-01-10 18:00:00 - Karanggeneng,2.7876143
2026-01-11 06:00:00 - Karanggeneng,2.8902771
2026-01-11 12:00:00 - Karanggeneng,3.1155257
2026-01-11 18:00:00 - Karanggeneng,3.207762
2026-01-12 06:00:00 - Karanggeneng,3.1400287
2026-01-12 12:00:00 - Karanggeneng,3.75066
2026-01-12 18:00:00 - Karanggeneng,3.9062183
2026-01-13 06:00:00 - Karanggeneng,3.4963236
2026-01-13 12:00:00 - Karanggeneng,3.6910052
2026-01-13 18:00:00 - Karanggeneng,3.7762175
2026-01-14 06:00:00 - Karanggeneng,3.5308976
2026-01-14 12:00:00 - Karanggeneng,3.486383
2026-01-14 18:00:00 - Karanggeneng,3.4965382
2026-01-15 06:00:00 - Karanggeneng,3.3936143
2026-01-15 12:00:00 - Karanggeneng,3.1279712
2026-01-15 18:00:00 - Karanggeneng,3.0330617
2026-01-16 06:00:00 - Karanggeneng,3.1418846
2026-01-16 12:00:00 - Karanggeneng,3.2057633
2026-01-16 18:00:00 - Karanggeneng,3.1645722
2026-01-17 06:00:00 - Karanggeneng,3.0672
2026-01-17 12:00:00 - Karanggeneng,3.0918999
2026-01-17 18:00:00 - Karanggeneng,3.1790872
2026-01-18 06:00:00 - Karanggeneng,2.937306
2026-01-18 12:00:00 - Karanggeneng,3.3003154
2026-01-18 18:00:00 - Karanggeneng,3.035549
2026-01-19 06:00:00 - Karanggeneng,3.055061
2026-01-19 12:00:00 - Karanggeneng,3.5114477
2026-01-19 18:00:00 - Karanggeneng,3.3828194
2026-01-20 06:00:00 - Karanggeneng,3.291224
2026-01-20 12:00:00 - Karanggeneng,3.2762744
2026-01-20 18:00:00 - Karanggeneng,3.252272
2026-01-21 06:00:00 - Karanggeneng,3.1990893
2026-01-21 12:00:00 - Karanggeneng,3.5460296
2026-01-21 18:00:00 - Karanggeneng,3.4853518
2026-01-22 06:00:00 - Karanggeneng,3.6825972
2026-01-22 12:00:00 - Karanggeneng,3.67372
2026-01-22 18:00:00 - Karanggeneng,3.6116898
2026-01-23 06:00:00 - Karanggeneng,3.5555942
2026-01-23 12:00:00 - Karanggeneng,3.5457027
2026-01-23 18:00:00 - Karanggeneng,3.3944354
2026-01-24 06:00:00 - Karanggeneng,3.293028
2026-01-24 12:00:00 - Karanggeneng,3.2665305
2026-01-24 18:00:00 - Karanggeneng,3.1040766
2026-01-25 06:00:00 - Karanggeneng,3.2436779
2026-01-25 12:00:00 - Karanggeneng,2.9761014
2026-01-25 18:00:00 - Karanggeneng,2.8885608
2026-01-26 06:00:00 - Karanggeneng,2.8230007
2026-01-26 12:00:00 - Karanggeneng,2.7405705
2026-01-26 18:00:00 - Karanggeneng,2.81011
2026-01-27 06:00:00 - Karanggeneng,2.8564458
2026-01-27 12:00:00 - Karanggeneng,2.8203182
2026-01-27 18:00:00 - Karanggeneng,2.6951098
2026-01-28 06:00:00 - Karanggeneng,2.8750777
2026-01-28 12:00:00 - Karanggeneng,2.843581
2026-01-28 18:00:00 - Karanggeneng,2.8188655
2026-01-29 06:00:00 - Karanggeneng,2.8653314
2026-01-29 12:00:00 - Karanggeneng,2.993478
2026-01-29 18:00:00 - Karanggeneng,3.053973
2026-01-30 06:00:00 - Karanggeneng,2.7533326
2026-01-30 12:00:00 - Karanggeneng,2.494017
2026-01-30 18:00:00 - Karanggeneng,2.580774
2026-01-31 06:00:00 - Karanggeneng,2.4870284
2026-01-31 12:00:00 - Karanggeneng,2.489453
2026-01-31 18:00:00 - Karanggeneng,2.5054986
2026-02-01 06:00:00 - Karanggeneng,2.5878446
2026-02-01 12:00:00 - Karanggeneng,2.6908813
2026-02-01 18:00:00 - Karanggeneng,2.581407
2026-02-02 06:00:00 - Karanggeneng,2.4363036
2026-02-02 12:00:00 - Karanggeneng,2.6142585
2026-02-02 18:00:00 - Karanggeneng,2.5298393
2026-02-03 06:00:00 - Karanggeneng,2.6426136
2026-02-03 12:00:00 - Karanggeneng,2.7897062
2026-02-03 18:00:00 - Karanggeneng,2.7810597
2026-02-04 06:00:00 - Karanggeneng,2.9415042
2026-02-04 12:00:00 - Karanggeneng,2.9844968
2026-02-04 18:00:00 - Karanggeneng,3.0452821
2026-02-05 06:00:00 - Karanggeneng,3.170358
2026-02-05 12:00:00 - Karanggeneng,3.2146945
2026-02-05 18:00:00 - Karanggeneng,3.3192244
2026-02-06 06:00:00 - Karanggeneng,3.2453804
2026-02-06 12:00:00 - Karanggeneng,3.1687799
2026-02-06 18:00:00 - Karanggeneng,3.295951
2026-02-07 06:00:00 - Karanggeneng,3.38008
2026-02-07 12:00:00 - Karanggeneng,3.166226
2026-02-07 18:00:00 - Karanggeneng,3.3212128
2026-02-08 06:00:00 - Karanggeneng,3.257828
2026-02-08 12:00:00 - Karanggeneng,3.2113602
2026-02-08 18:00:00 - Karanggeneng,3.43848
2026-02-09 06:00:00 - Karanggeneng,3.2297711
2026-02-09 12:00:00 - Karanggeneng,3.2307327
2026-02-09 18:00:00 - Karanggeneng,3.442902
2026-02-10 06:00:00 - Karanggeneng,3.291732
2026-02-10 12:00:00 - Karanggeneng,3.391115
2026-02-10 18:00:00 - Karanggeneng,3.378282
2026-02-11 06:00:00 - Karanggeneng,3.2020245
2026-02-11 12:00:00 - Karanggeneng,3.2769263
2026-02-11 18:00:00 - Karanggeneng,3.18202
2026-02-12 06:00:00 - Karanggeneng,3.2254076
2026-02-12 12:00:00 - Karanggeneng,3.542995
2026-02-12 18:00:00 - Karanggeneng,3.4540522
2026-02-13 06:00:00 - Karanggeneng,3.6339414
2026-02-13 12:00:00 - Karanggeneng,3.6402857
2026-02-13 18:00:00 - Karanggeneng,3.666496
2026-02-14 06:00:00 - Karanggeneng,3.6280456
2026-02-14 12:00:00 - Karanggeneng,3.740967
2026-02-14 18:00:00 - Karanggeneng,3.6845374
2026-02-15 06:00:00 - Karanggeneng,3.689421
2026-02-15 12:00:00 - Karanggeneng,3.4113095
2026-02-15 18:00:00 - Karanggeneng,3.3110564
2026-02-16 06:00:00 - Karanggeneng,3.5469923
2026-02-16 12:00:00 - Karanggeneng,3.6979952
2026-02-16 18:00:00 - Karanggeneng,4.0873036
2026-02-17 06:00:00 - Karanggeneng,3.7610826
2026-02-17 12:00:00 - Karanggeneng,3.7756186
2026-02-17 18:00:00 - Karanggeneng,3.7749913
2026-02-18 06:00:00 - Karanggeneng,3.7249959
2026-02-18 12:00:00 - Karanggeneng,3.7382588
2026-02-18 18:00:00 - Karanggeneng,3.75532
2026-02-19 06:00:00 - Karanggeneng,3.559723
2026-02-19 12:00:00 - Karanggeneng,3.4681718
2026-02-19 18:00:00 - Karanggeneng,3.5191686
2026-02-20 06:00:00 - Karanggeneng,3.7704551
2026-02-20 12:00:00 - Karanggeneng,3.5038342
2026-02-20 18:00:00 - Karanggeneng,3.4801238
2026-02-21 06:00:00 - Karanggeneng,3.6206138
2026-02-21 12:00:00 - Karanggeneng,3.558289
2026-02-21 18:00:00 - Karanggeneng,3.508665
2026-02-22 06:00:00 - Karanggeneng,3.533001
2026-02-22 12:00:00 - Karanggeneng,3.6634126
2026-02-22 18:00:00 - Karanggeneng,3.8457122
2026-02-23 06:00:00 - Karanggeneng,3.713821
2026-02-23 12:00:00 - Karanggeneng,3.574521
2026-02-23 18:00:00 - Karanggeneng,3.4843328
2026-02-24 06:00:00 - Karanggeneng,3.7689495
2026-02-24 12:00:00 - Karanggeneng,3.7034688
2026-02-24 18:00:00 - Karanggeneng,4.134642
2026-02-25 06:00:00 - Karanggeneng,3.7978332
2026-02-25 12:00:00 - Karanggeneng,3.7130992
2026-02-25 18:00:00 - Karanggeneng,3.6856282
2026-02-26 06:00:00 - Karanggeneng,3.2732363
2026-02-26 12:00:00 - Karanggeneng,3.032584
2026-02-26 18:00:00 - Karanggeneng,2.912123
2026-02-27 06:00:00 - Karanggeneng,2.917659
2026-02-27 12:00:00 - Karanggeneng,2.8280785
2026-02-27 18:00:00 - Karanggeneng,3.39624
2026-02-28 06:00:00 - Karanggeneng,2.803277
2026-02-28 12:00:00 - Karanggeneng,2.915052
2026-02-28 18:00:00 - Karanggeneng,2.935351
2026-03-01 06:00:00 - Karanggeneng,3.137731
2026-03-01 12:00:00 - Karanggeneng,3.2795362
2026-03-01 18:00:00 - Karanggeneng,3.3315523
2026-03-02 06:00:00 - Karanggeneng,3.0558403
2026-03-02 12:00:00 - Karanggeneng,3.0185268
2026-03-02 18:00:00 - Karanggeneng,2.7182145
2026-03-03 06:00:00 - Karanggeneng,2.9054644
2026-03-03 12:00:00 - Karanggeneng,2.7723925
2026-03-03 18:00:00 - Karanggeneng,2.8120465
2026-03-04 06:00:00 - Karanggeneng,2.9146192
2026-03-04 12:00:00 - Karanggeneng,3.0264559
2026-03-04 18:00:00 - Karanggeneng,2.7218485
2026-03-05 06:00:00 - Karanggeneng,3.1837263
2026-03-05 12:00:00 - Karanggeneng,3.1458461
2026-03-05 18:00:00 - Karanggeneng,2.9595346
2026-03-06 06:00:00 - Karanggeneng,3.203132
2026-03-06 12:00:00 - Karanggeneng,3.1265118
2026-03-06 18:00:00 - Karanggeneng,3.2439322
2026-03-07 06:00:00 - Karanggeneng,3.304449
2026-03-07 12:00:00 - Karanggeneng,3.2683945
2026-03-07 18:00:00 - Karanggeneng,3.0609317
2026-03-08 06:00:00 - Karanggeneng,3.1456723
2026-03-08 12:00:00 - Karanggeneng,3.0891006
2026-03-08 18:00:00 - Karanggeneng,3.2570894
2026-03-09 06:00:00 - Karanggeneng,3.225108
2026-03-09 12:00:00 - Karanggeneng,3.2385035
2026-03-09 18:00:00 - Karanggeneng,3.3390841
2026-03-10 06:00:00 - Karanggeneng,3.2680976
2026-03-10 12:00:00 - Karanggeneng,3.2431612
2026-03-10 18:00:00 - Karanggeneng,3.256295
2026-03-11 06:00:00 - Karanggeneng,3.195417
2026-03-11 12:00:00 - Karanggeneng,3.3202274
2026-03-11 18:00:00 - Karanggeneng,3.4134452
2026-03-12 06:00:00 - Karanggeneng,3.1383932
2026-03-12 12:00:00 - Karanggeneng,3.164301
2026-03-12 18:00:00 - Karanggeneng,3.1457906
2026-03-13 06:00:00 - Karanggeneng,2.9670231
2026-03-13 12:00:00 - Karanggeneng,3.1822307
2026-03-13 18:00:00 - Karanggeneng,3.1459436
2026-03-14 06:00:00 - Karanggeneng,2.9249635
2026-03-14 12:00:00 - Karanggeneng,3.0063558
2026-03-14 18:00:00 - Karanggeneng,2.945588
2026-03-15 06:00:00 - Karanggeneng,2.776537
2026-03-15 12:00:00 - Karanggeneng,2.8372538
2026-03-15 18:00:00 - Karanggeneng,2.9197807
2026-03-16 06:00:00 - Karanggeneng,2.8759108
2026-03-16 12:00:00 - Karanggeneng,2.8287582
2026-03-16 18:00:00 - Karanggeneng,2.8748555
2026-03-17 06:00:00 - Karanggeneng,2.8983514
2026-03-17 12:00:00 - Karanggeneng,3.0566125
2026-03-17 18:00:00 - Karanggeneng,3.0983577
2026-03-18 06:00:00 - Karanggeneng,3.0793033
2026-03-18 12:00:00 - Karanggeneng,3.15283
2026-03-18 18:00:00 - Karanggeneng,3.1346326
2026-03-19 06:00:00 - Karanggeneng,2.8053076
2026-03-19 12:00:00 - Karanggeneng,2.8429303
2026-03-19 18:00:00 - Karanggeneng,2.5881538
2026-03-20 06:00:00 - Karanggeneng,2.7913558
2026-03-20 12:00:00 - Karanggeneng,2.8901088
2026-03-20 18:00:00 - Karanggeneng,3.5570273
2026-03-21 06:00:00 - Karanggeneng,2.8295345
2026-03-21 12:00:00 - Karanggeneng,2.8861156
2026-03-21 18:00:00 - Karanggeneng,2.7725449
2026-03-22 06:00:00 - Karanggeneng,2.7910433
2026-03-22 12:00:00 - Karanggeneng,2.8815205
2026-03-22 18:00:00 - Karanggeneng,2.9720974
2026-03-23 06:00:00 - Karanggeneng,3.1025093
2026-03-23 12:00:00 - Karanggeneng,3.2245579
2026-03-23 18:00:00 - Karanggeneng,3.3067722
2026-03-24 06:00:00 - Karanggeneng,3.0154111
2026-03-24 12:00:00 - Karanggeneng,3.1736176
2026-03-24 18:00:00 - Karanggeneng,2.9243112
2026-03-25 06:00:00 - Karanggeneng,3.007316
2026-03-25 12:00:00 - Karanggeneng,2.9062753
2026-03-25 18:00:00 - Karanggeneng,2.9176908
2026-03-26 06:00:00 - Karanggeneng,3.1181753
2026-03-26 12:00:00 - Karanggeneng,3.1959538
2026-03-26 18:00:00 - Karanggeneng,3.1937025
2026-03-27 06:00:00 - Karanggeneng,3.132408
2026-03-27 12:00:00 - Karanggeneng,2.9739223
2026-03-27 18:00:00 - Karanggeneng,3.084112
2026-03-28 06:00:00 - Karanggeneng,4.49676
2026-03-28 12:00:00 - Karanggeneng,3.1033804
2026-03-28 18:00:00 - Karanggeneng,3.3595128
2026-03-29 06:00:00 - Karanggeneng,3.1716835
2026-03-29 12:00:00 - Karanggeneng,3.264467
2026-03-29 18:00:00 - Karanggeneng,3.279851
2026-03-30 06:00:00 - Karanggeneng,3.2951436
2026-03-30 12:00:00 - Karanggeneng,3.2175872
2026-03-30 18:00:00 - Karanggeneng,3.4148462
2026-03-31 06:00:00 - Karanggeneng,3.26451
2026-03-31 12:00:00 - Karanggeneng,3.2236993
2026-03-31 18:00:00 - Karanggeneng,3.2182355
2026-04-01 06:00:00 - Karanggeneng,3.4170125
2026-04-01 12:00:00 - Karanggeneng,3.3584929
2026-04-01 18:00:00 - Karanggeneng,3.6534202
2026-04-02 06:00:00 - Karanggeneng,3.3106177
2026-04-02 12:00:00 - Karanggeneng,3.45878
2026-04-02 18:00:00 - Karanggeneng,3.055563
2026-04-03 06:00:00 - Karanggeneng,4.365651
2026-04-03 12:00:00 - Karanggeneng,3.09054
2026-04-03 18:00:00 - Karanggeneng,3.3866918
2026-04-04 06:00:00 - Karanggeneng,3.4500797
2026-04-04 12:00:00 - Karanggeneng,3.6245563
2026-04-04 18:00:00 - Karanggeneng,3.6072202
2026-04-05 06:00:00 - Karanggeneng,3.6913803
2026-04-05 12:00:00 - Karanggeneng,3.6275706
2026-04-05 18:00:00 - Karanggeneng,3.7853043
2026-04-06 06:00:00 - Karanggeneng,3.60257
2026-04-06 12:00:00 - Karanggeneng,3.7251399
2026-04-06 18:00:00 - Karanggeneng,3.4625194
2026-04-07 06:00:00 - Karanggeneng,3.2150333
2026-04-07 12:00:00 - Karanggeneng,3.326553
2026-04-07 18:00:00 - Karanggeneng,3.3537776
2026-04-08 06:00:00 - Karanggeneng,3.0056865
2026-04-08 12:00:00 - Karanggeneng,3.2286108
2026-04-08 18:00:00 - Karanggeneng,3.041963
2026-04-09 06:00:00 - Karanggeneng,2.9253275
2026-04-09 12:00:00 - Karanggeneng,2.9975626
2026-04-09 18:00:00 - Karanggeneng,2.9386134
2026-04-10 06:00:00 - Karanggeneng,2.8718772
2026-04-10 12:00:00 - Karanggeneng,3.1727076
2026-04-10 18:00:00 - Karanggeneng,2.917535
2026-04-11 06:00:00 - Karanggeneng,3.0978284
2026-04-11 12:00:00 - Karanggeneng,3.3368104
2026-04-11 18:00:00 - Karanggeneng,3.2283196
2026-04-12 06:00:00 - Karanggeneng,3.1819248
2026-04-12 12:00:00 - Karanggeneng,3.3734858
2026-04-12 18:00:00 - Karanggeneng,3.2931688
2026-04-13 06:00:00 - Karanggeneng,3.1478717
2026-04-13 12:00:00 - Karanggeneng,3.2864506
2026-04-13 18:00:00 - Karanggeneng,3.2771056
2026-04-14 06:00:00 - Karanggeneng,3.1726053
2026-04-14 12:00:00 - Karanggeneng,2.9295852
2026-04-14 18:00:00 - Karanggeneng,2.8883443
2026-04-15 06:00:00 - Karanggeneng,2.5258625
2026-04-15 12:00:00 - Karanggeneng,2.4948516
2026-04-15 18:00:00 - Karanggeneng,2.461132
2026-04-16 06:00:00 - Karanggeneng,2.2190175
2026-04-16 12:00:00 - Karanggeneng,2.2896857
2026-04-16 18:00:00 - Karanggeneng,2.2098684
2026-04-17 06:00:00 - Karanggeneng,2.1330614
2026-04-17 12:00:00 - Karanggeneng,2.2367463
2026-04-17 18:00:00 - Karanggeneng,2.2225664
2026-04-18 06:00:00 - Karanggeneng,2.1117575
2026-04-18 12:00:00 - Karanggeneng,2.2042375
2026-04-18 18:00:00 - Karanggeneng,2.149815
2026-04-19 06:00:00 - Karanggeneng,2.0888698
2026-04-19 12:00:00 - Karanggeneng,1.9634272
2026-04-19 18:00:00 - Karanggeneng,1.9528506
2026-04-20 06:00:00 - Karanggeneng,1.8733397
2026-04-20 12:00:00 - Karanggeneng,1.8303465
2026-04-20 18:00:00 - Karanggeneng,1.8203572
2026-04-21 06:00:00 - Karanggeneng,1.7627531
2026-04-21 12:00:00 - Karanggeneng,1.8915621
2026-04-21 18:00:00 - Karanggeneng,2.0504081
2026-04-22 06:00:00 - Karanggeneng,1.9358584
2026-04-22 12:00:00 - Karanggeneng,1.9476825
2026-04-22 18:00:00 - Karanggeneng,2.0292664
2026-04-23 06:00:00 - Karanggeneng,2.1119494
2026-04-23 12:00:00 - Karanggeneng,2.1598563
2026-04-23 18:00:00 - Karanggeneng,2.2898142
2026-04-24 06:00:00 - Karanggeneng,1.924689
2026-04-24 12:00:00 - Karanggeneng,2.0716383
2026-04-24 18:00:00 - Karanggeneng,2.1479983
2026-04-25 06:00:00 - Karanggeneng,1.9644053
2026-04-25 12:00:00 - Karanggeneng,1.9884424
2026-04-25 18:00:00 - Karanggeneng,1.901398
2026-04-26 06:00:00 - Karanggeneng,1.9385809
2026-04-26 12:00:00 - Karanggeneng,2.0414882
2026-04-26 18:00:00 - Karanggeneng,1.9843618
2026-04-27 06:00:00 - Karanggeneng,1.9411596
2026-04-27 12:00:00 - Karanggeneng,1.9925659
2026-04-27 18:00:00 - Karanggeneng,2.028165
2026-04-28 06:00:00 - Karanggeneng,2.0184052
2026-04-28 12:00:00 - Karanggeneng,2.0897233
2026-04-28 18:00:00 - Karanggeneng,2.1380813
2026-04-29 06:00:00 - Karanggeneng,2.0407586
2026-04-29 12:00:00 - Karanggeneng,2.1496468
2026-04-29 18:00:00 - Karanggeneng,2.2063456
2026-04-30 06:00:00 - Karanggeneng,2.2299976
2026-04-30 12:00:00 - Karanggeneng,2.0959888
2026-04-30 18:00:00 - Karanggeneng,2.3782856
2026-05-01 06:00:00 - Karanggeneng,2.2379253
2026-05-01 12:00:00 - Karanggeneng,2.3955064
2026-05-01 18:00:00 - Karanggeneng,2.2630475
2026-05-02 06:00:00 - Karanggeneng,2.287344
2026-05-02 12:00:00 - Karanggeneng,2.4297843
2026-05-02 18:00:00 - Karanggeneng,2.6666903
2026-05-03 06:00:00 - Karanggeneng,2.4353733
2026-05-03 12:00:00 - Karanggeneng,2.4293768
2026-05-03 18:00:00 - Karanggeneng,2.4334214
2026-05-04 06:00:00 - Karanggeneng,2.4506998
2026-05-04 12:00:00 - Karanggeneng,2.6463687
2026-05-04 18:00:00 - Karanggeneng,2.5250654
2026-05-05 06:00:00 - Karanggeneng,2.3825257
2026-05-05 12:00:00 - Karanggeneng,2.375491
2026-05-05 18:00:00 - Karanggeneng,2.3666205
2026-05-06 06:00:00 - Karanggeneng,2.0528047
2026-05-06 12:00:00 - Karanggeneng,2.0763793
2026-05-06 18:00:00 - Karanggeneng,2.0925903
2026-05-07 06:00:00 - Karanggeneng,2.046465
2026-05-07 12:00:00 - Karanggeneng,1.9835786
2026-05-07 18:00:00 - Karanggeneng,1.9546785
2026-05-08 06:00:00 - Karanggeneng,1.8342787
2026-05-08 12:00:00 - Karanggeneng,1.9255289
2026-05-08 18:00:00 - Karanggeneng,1.860502
2026-05-09 06:00:00 - Karanggeneng,1.8861215
2026-05-09 12:00:00 - Karanggeneng,1.9261676
2026-05-09 18:00:00 - Karanggeneng,1.9495312
2026-05-10 06:00:00 - Karanggeneng,1.8657433
2026-05-10 12:00:00 - Karanggeneng,1.8841544
2026-05-10 18:00:00 - Karanggeneng,1.8149204
2026-05-11 06:00:00 - Karanggeneng,1.8165721
2026-05-11 12:00:00 - Karanggeneng,1.827798
2026-05-11 18:00:00 - Karanggeneng,1.87341
2026-05-12 06:00:00 - Karanggeneng,1.8730617
2026-05-12 12:00:00 - Karanggeneng,1.9106857
2026-05-12 18:00:00 - Karanggeneng,1.9377186
2026-05-13 06:00:00 - Karanggeneng,1.8249576
2026-05-13 12:00:00 - Karanggeneng,1.8973715
2026-05-13 18:00:00 - Karanggeneng,1.9690007
2026-05-14 06:00:00 - Karanggeneng,1.8802942
2026-05-14 12:00:00 - Karanggeneng,2.0135071
2026-05-14 18:00:00 - Karanggeneng,2.0892618
2026-05-15 06:00:00 - Karanggeneng,1.9462726
2026-05-15 12:00:00 - Karanggeneng,2.0702655
2026-05-15 18:00:00 - Karanggeneng,2.1518342
2026-05-16 06:00:00 - Karanggeneng,2.0245116
2026-05-16 12:00:00 - Karanggeneng,2.1328888
2026-05-16 18:00:00 - Karanggeneng,2.6882603
2026-05-17 06:00:00 - Karanggeneng,2.0816271
2026-05-17 12:00:00 - Karanggeneng,2.2336867
2026-05-17 18:00:00 - Karanggeneng,2.3411345
2026-05-18 06:00:00 - Karanggeneng,2.2402673
2026-05-18 12:00:00 - Karanggeneng,2.1131248
2026-05-18 18:00:00 - Karanggeneng,1.9817785
2025-09-19 06:00:00 - Karangnongko,21.805338
2025-09-19 12:00:00 - Karangnongko,21.693024
2025-09-19 18:00:00 - Karangnongko,22.080963
2025-09-20 06:00:00 - Karangnongko,22.009047
2025-09-20 12:00:00 - Karangnongko,21.867172
2025-09-20 18:00:00 - Karangnongko,22.62188
2025-09-21 06:00:00 - Karangnongko,21.826027
2025-09-21 12:00:00 - Karangnongko,21.932688
2025-09-21 18:00:00 - Karangnongko,21.805214
2025-09-22 06:00:00 - Karangnongko,21.943829
2025-09-22 12:00:00 - Karangnongko,21.853579
2025-09-22 18:00:00 - Karangnongko,21.771957
2025-09-23 06:00:00 - Karangnongko,21.971586
2025-09-23 12:00:00 - Karangnongko,21.829668
2025-09-23 18:00:00 - Karangnongko,21.960356
2025-09-24 06:00:00 - Karangnongko,21.966837
2025-09-24 12:00:00 - Karangnongko,21.789968
2025-09-24 18:00:00 - Karangnongko,21.776052
2025-09-25 06:00:00 - Karangnongko,21.851456
2025-09-25 12:00:00 - Karangnongko,21.780655
2025-09-25 18:00:00 - Karangnongko,21.658955
2025-09-26 06:00:00 - Karangnongko,21.83751
2025-09-26 12:00:00 - Karangnongko,21.793804
2025-09-26 18:00:00 - Karangnongko,21.785828
2025-09-27 06:00:00 - Karangnongko,21.689507
2025-09-27 12:00:00 - Karangnongko,21.901878
2025-09-27 18:00:00 - Karangnongko,21.99506
2025-09-28 06:00:00 - Karangnongko,21.528212
2025-09-28 12:00:00 - Karangnongko,21.496674
2025-09-28 18:00:00 - Karangnongko,22.619722
2025-09-29 06:00:00 - Karangnongko,22.555477
2025-09-29 12:00:00 - Karangnongko,23.066183
2025-09-29 18:00:00 - Karangnongko,23.539816
2025-09-30 06:00:00 - Karangnongko,21.762108
2025-09-30 12:00:00 - Karangnongko,21.84173
2025-09-30 18:00:00 - Karangnongko,21.758219
2025-10-01 06:00:00 - Karangnongko,22.032297
2025-10-01 12:00:00 - Karangnongko,21.857258
2025-10-01 18:00:00 - Karangnongko,21.598133
2025-10-02 06:00:00 - Karangnongko,21.679276
2025-10-02 12:00:00 - Karangnongko,21.522137
2025-10-02 18:00:00 - Karangnongko,21.744993
2025-10-03 06:00:00 - Karangnongko,21.626953
2025-10-03 12:00:00 - Karangnongko,21.430813
2025-10-03 18:00:00 - Karangnongko,21.585674
2025-10-04 06:00:00 - Karangnongko,21.706863
2025-10-04 12:00:00 - Karangnongko,21.799364
2025-10-04 18:00:00 - Karangnongko,21.649696
2025-10-05 06:00:00 - Karangnongko,21.509884
2025-10-05 12:00:00 - Karangnongko,21.362766
2025-10-05 18:00:00 - Karangnongko,21.409348
2025-10-06 06:00:00 - Karangnongko,21.45783
2025-10-06 12:00:00 - Karangnongko,21.565525
2025-10-06 18:00:00 - Karangnongko,24.232565
2025-10-07 06:00:00 - Karangnongko,21.601677
2025-10-07 12:00:00 - Karangnongko,21.500917
2025-10-07 18:00:00 - Karangnongko,21.542023
2025-10-08 06:00:00 - Karangnongko,21.553867
2025-10-08 12:00:00 - Karangnongko,21.403627
2025-10-08 18:00:00 - Karangnongko,22.992504
2025-10-09 06:00:00 - Karangnongko,21.512087
2025-10-09 12:00:00 - Karangnongko,21.372162
2025-10-09 18:00:00 - Karangnongko,21.555193
2025-10-10 06:00:00 - Karangnongko,21.488949
2025-10-10 12:00:00 - Karangnongko,21.30065
2025-10-10 18:00:00 - Karangnongko,24.36567
2025-10-11 06:00:00 - Karangnongko,21.440542
2025-10-11 12:00:00 - Karangnongko,21.19622
2025-10-11 18:00:00 - Karangnongko,24.10252
2025-10-12 06:00:00 - Karangnongko,21.402464
2025-10-12 12:00:00 - Karangnongko,23.814262
2025-10-12 18:00:00 - Karangnongko,21.502638
2025-10-13 06:00:00 - Karangnongko,21.422453
2025-10-13 12:00:00 - Karangnongko,22.974756
2025-10-13 18:00:00 - Karangnongko,21.210464
2025-10-14 06:00:00 - Karangnongko,21.42853
2025-10-14 12:00:00 - Karangnongko,21.133188
2025-10-14 18:00:00 - Karangnongko,21.27066
2025-10-15 06:00:00 - Karangnongko,21.245369
2025-10-15 12:00:00 - Karangnongko,22.857527
2025-10-15 18:00:00 - Karangnongko,22.562963
2025-10-16 06:00:00 - Karangnongko,21.371864
2025-10-16 12:00:00 - Karangnongko,21.319204
2025-10-16 18:00:00 - Karangnongko,21.476448
2025-10-17 06:00:00 - Karangnongko,21.44157
2025-10-17 12:00:00 - Karangnongko,21.051022
2025-10-17 18:00:00 - Karangnongko,21.866663
2025-10-18 06:00:00 - Karangnongko,21.24908
2025-10-18 12:00:00 - Karangnongko,21.244776
2025-10-18 18:00:00 - Karangnongko,23.065472
2025-10-19 06:00:00 - Karangnongko,21.44062
2025-10-19 12:00:00 - Karangnongko,23.762129
2025-10-19 18:00:00 - Karangnongko,21.933332
2025-10-20 06:00:00 - Karangnongko,21.495405
2025-10-20 12:00:00 - Karangnongko,21.3958
2025-10-20 18:00:00 - Karangnongko,21.306684
2025-10-21 06:00:00 - Karangnongko,21.700312
2025-10-21 12:00:00 - Karangnongko,21.921118
2025-10-21 18:00:00 - Karangnongko,21.748466
2025-10-22 06:00:00 - Karangnongko,21.671434
2025-10-22 12:00:00 - Karangnongko,21.72715
2025-10-22 18:00:00 - Karangnongko,21.591307
2025-10-23 06:00:00 - Karangnongko,21.619085
2025-10-23 12:00:00 - Karangnongko,22.339636
2025-10-23 18:00:00 - Karangnongko,22.698427
2025-10-24 06:00:00 - Karangnongko,22.585638
2025-10-24 12:00:00 - Karangnongko,22.754244
2025-10-24 18:00:00 - Karangnongko,22.786516
2025-10-25 06:00:00 - Karangnongko,22.88776
2025-10-25 12:00:00 - Karangnongko,22.936375
2025-10-25 18:00:00 - Karangnongko,22.478252
2025-10-26 06:00:00 - Karangnongko,22.754414
2025-10-26 12:00:00 - Karangnongko,22.703741
2025-10-26 18:00:00 - Karangnongko,22.39199
2025-10-27 06:00:00 - Karangnongko,22.720793
2025-10-27 12:00:00 - Karangnongko,23.048197
2025-10-27 18:00:00 - Karangnongko,23.086273
2025-10-28 06:00:00 - Karangnongko,23.172255
2025-10-28 12:00:00 - Karangnongko,23.115091
2025-10-28 18:00:00 - Karangnongko,23.174458
2025-10-29 06:00:00 - Karangnongko,23.362066
2025-10-29 12:00:00 - Karangnongko,23.415264
2025-10-29 18:00:00 - Karangnongko,23.313068
2025-10-30 06:00:00 - Karangnongko,23.585308
2025-10-30 12:00:00 - Karangnongko,23.511023
2025-10-30 18:00:00 - Karangnongko,23.427324
2025-10-31 06:00:00 - Karangnongko,23.130402
2025-10-31 12:00:00 - Karangnongko,23.20492
2025-10-31 18:00:00 - Karangnongko,22.872725
2025-11-01 06:00:00 - Karangnongko,22.63351
2025-11-01 12:00:00 - Karangnongko,22.846714
2025-11-01 18:00:00 - Karangnongko,22.616592
2025-11-02 06:00:00 - Karangnongko,22.506378
2025-11-02 12:00:00 - Karangnongko,22.44166
2025-11-02 18:00:00 - Karangnongko,22.543114
2025-11-03 06:00:00 - Karangnongko,22.70343
2025-11-03 12:00:00 - Karangnongko,22.999699
2025-11-03 18:00:00 - Karangnongko,23.104403
2025-11-04 06:00:00 - Karangnongko,23.134186
2025-11-04 12:00:00 - Karangnongko,23.523926
2025-11-04 18:00:00 - Karangnongko,23.562258
2025-11-05 06:00:00 - Karangnongko,22.939962
2025-11-05 12:00:00 - Karangnongko,23.393738
2025-11-05 18:00:00 - Karangnongko,23.38447
2025-11-06 06:00:00 - Karangnongko,22.968204
2025-11-06 12:00:00 - Karangnongko,23.114298
2025-11-06 18:00:00 - Karangnongko,23.355732
2025-11-07 06:00:00 - Karangnongko,23.22215
2025-11-07 12:00:00 - Karangnongko,23.274193
2025-11-07 18:00:00 - Karangnongko,23.151876
2025-11-08 06:00:00 - Karangnongko,23.26159
2025-11-08 12:00:00 - Karangnongko,23.309008
2025-11-08 18:00:00 - Karangnongko,23.48624
2025-11-09 06:00:00 - Karangnongko,23.476591
2025-11-09 12:00:00 - Karangnongko,23.31205
2025-11-09 18:00:00 - Karangnongko,23.404531
2025-11-10 06:00:00 - Karangnongko,23.156273
2025-11-10 12:00:00 - Karangnongko,23.043505
2025-11-10 18:00:00 - Karangnongko,23.16584
2025-11-11 06:00:00 - Karangnongko,23.131329
2025-11-11 12:00:00 - Karangnongko,23.021904
2025-11-11 18:00:00 - Karangnongko,23.245716
2025-11-12 06:00:00 - Karangnongko,23.789145
2025-11-12 12:00:00 - Karangnongko,24.353508
2025-11-12 18:00:00 - Karangnongko,24.254433
2025-11-13 06:00:00 - Karangnongko,24.340559
2025-11-13 12:00:00 - Karangnongko,24.832355
2025-11-13 18:00:00 - Karangnongko,24.481117
2025-11-14 06:00:00 - Karangnongko,24.733276
2025-11-14 12:00:00 - Karangnongko,24.68481
2025-11-14 18:00:00 - Karangnongko,24.663862
2025-11-15 06:00:00 - Karangnongko,24.316597
2025-11-15 12:00:00 - Karangnongko,24.309673
2025-11-15 18:00:00 - Karangnongko,23.98059
2025-11-16 06:00:00 - Karangnongko,23.606129
2025-11-16 12:00:00 - Karangnongko,23.559965
2025-11-16 18:00:00 - Karangnongko,23.486073
2025-11-17 06:00:00 - Karangnongko,23.508791
2025-11-17 12:00:00 - Karangnongko,23.407228
2025-11-17 18:00:00 - Karangnongko,23.234133
2025-11-18 06:00:00 - Karangnongko,23.147406
2025-11-18 12:00:00 - Karangnongko,23.516222
2025-11-18 18:00:00 - Karangnongko,23.968218
2025-11-19 06:00:00 - Karangnongko,23.753433
2025-11-19 12:00:00 - Karangnongko,23.86516
2025-11-19 18:00:00 - Karangnongko,24.000063
2025-11-20 06:00:00 - Karangnongko,24.175793
2025-11-20 12:00:00 - Karangnongko,24.10134
2025-11-20 18:00:00 - Karangnongko,24.151722
2025-11-21 06:00:00 - Karangnongko,23.73459
2025-11-21 12:00:00 - Karangnongko,23.688555
2025-11-21 18:00:00 - Karangnongko,23.877266
2025-11-22 06:00:00 - Karangnongko,23.409548
2025-11-22 12:00:00 - Karangnongko,23.759577
2025-11-22 18:00:00 - Karangnongko,23.597658
2025-11-23 06:00:00 - Karangnongko,23.700064
2025-11-23 12:00:00 - Karangnongko,23.753315
2025-11-23 18:00:00 - Karangnongko,23.914896
2025-11-24 06:00:00 - Karangnongko,23.93553
2025-11-24 12:00:00 - Karangnongko,23.90926
2025-11-24 18:00:00 - Karangnongko,24.094757
2025-11-25 06:00:00 - Karangnongko,24.035084
2025-11-25 12:00:00 - Karangnongko,23.816912
2025-11-25 18:00:00 - Karangnongko,25.309563
2025-11-26 06:00:00 - Karangnongko,25.320269
2025-11-26 12:00:00 - Karangnongko,25.492397
2025-11-26 18:00:00 - Karangnongko,25.258661
2025-11-27 06:00:00 - Karangnongko,24.977493
2025-11-27 12:00:00 - Karangnongko,23.939878
2025-11-27 18:00:00 - Karangnongko,23.887316
2025-11-28 06:00:00 - Karangnongko,24.674383
2025-11-28 12:00:00 - Karangnongko,23.500889
2025-11-28 18:00:00 - Karangnongko,23.622913
2025-11-29 06:00:00 - Karangnongko,22.85239
2025-11-29 12:00:00 - Karangnongko,22.545088
2025-11-29 18:00:00 - Karangnongko,22.560406
2025-11-30 06:00:00 - Karangnongko,22.136478
2025-11-30 12:00:00 - Karangnongko,22.123346
2025-11-30 18:00:00 - Karangnongko,22.073557
2025-12-01 06:00:00 - Karangnongko,22.558733
2025-12-01 12:00:00 - Karangnongko,22.841885
2025-12-01 18:00:00 - Karangnongko,22.687117
2025-12-02 06:00:00 - Karangnongko,22.762629
2025-12-02 12:00:00 - Karangnongko,22.725811
2025-12-02 18:00:00 - Karangnongko,22.815634
2025-12-03 06:00:00 - Karangnongko,22.526632
2025-12-03 12:00:00 - Karangnongko,22.336184
2025-12-03 18:00:00 - Karangnongko,22.8341
2025-12-04 06:00:00 - Karangnongko,22.489681
2025-12-04 12:00:00 - Karangnongko,22.387552
2025-12-04 18:00:00 - Karangnongko,22.975048
2025-12-05 06:00:00 - Karangnongko,22.791485
2025-12-05 12:00:00 - Karangnongko,23.261385
2025-12-05 18:00:00 - Karangnongko,23.3011
2025-12-06 06:00:00 - Karangnongko,23.083456
2025-12-06 12:00:00 - Karangnongko,23.651329
2025-12-06 18:00:00 - Karangnongko,23.464014
2025-12-07 06:00:00 - Karangnongko,23.218157
2025-12-07 12:00:00 - Karangnongko,23.651712
2025-12-07 18:00:00 - Karangnongko,23.801733
2025-12-08 06:00:00 - Karangnongko,24.053865
2025-12-08 12:00:00 - Karangnongko,24.422602
2025-12-08 18:00:00 - Karangnongko,24.457394
2025-12-09 06:00:00 - Karangnongko,24.34558
2025-12-09 12:00:00 - Karangnongko,24.29446
2025-12-09 18:00:00 - Karangnongko,24.482191
2025-12-10 06:00:00 - Karangnongko,24.22629
2025-12-10 12:00:00 - Karangnongko,24.397379
2025-12-10 18:00:00 - Karangnongko,24.331587
2025-12-11 06:00:00 - Karangnongko,24.266306
2025-12-11 12:00:00 - Karangnongko,24.014326
2025-12-11 18:00:00 - Karangnongko,24.402615
2025-12-12 06:00:00 - Karangnongko,23.550156
2025-12-12 12:00:00 - Karangnongko,23.474817
2025-12-12 18:00:00 - Karangnongko,23.674646
2025-12-13 06:00:00 - Karangnongko,23.479275
2025-12-13 12:00:00 - Karangnongko,23.252163
2025-12-13 18:00:00 - Karangnongko,22.913504
2025-12-14 06:00:00 - Karangnongko,23.076267
2025-12-14 12:00:00 - Karangnongko,23.195902
2025-12-14 18:00:00 - Karangnongko,22.862822
2025-12-15 06:00:00 - Karangnongko,23.120832
2025-12-15 12:00:00 - Karangnongko,23.40275
2025-12-15 18:00:00 - Karangnongko,23.217583
2025-12-16 06:00:00 - Karangnongko,23.256907
2025-12-16 12:00:00 - Karangnongko,23.05477
2025-12-16 18:00:00 - Karangnongko,22.963753
2025-12-17 06:00:00 - Karangnongko,23.124983
2025-12-17 12:00:00 - Karangnongko,22.848206
2025-12-17 18:00:00 - Karangnongko,22.832798
2025-12-18 06:00:00 - Karangnongko,22.695652
2025-12-18 12:00:00 - Karangnongko,22.910345
2025-12-18 18:00:00 - Karangnongko,23.00925
2025-12-19 06:00:00 - Karangnongko,22.922827
2025-12-19 12:00:00 - Karangnongko,23.089703
2025-12-19 18:00:00 - Karangnongko,23.113207
2025-12-20 06:00:00 - Karangnongko,22.66429
2025-12-20 12:00:00 - Karangnongko,22.749792
2025-12-20 18:00:00 - Karangnongko,22.385853
2025-12-21 06:00:00 - Karangnongko,22.350422
2025-12-21 12:00:00 - Karangnongko,22.82804
2025-12-21 18:00:00 - Karangnongko,22.798891
2025-12-22 06:00:00 - Karangnongko,23.24205
2025-12-22 12:00:00 - Karangnongko,23.7324
2025-12-22 18:00:00 - Karangnongko,23.625446
2025-12-23 06:00:00 - Karangnongko,23.313837
2025-12-23 12:00:00 - Karangnongko,23.579838
2025-12-23 18:00:00 - Karangnongko,23.341848
2025-12-24 06:00:00 - Karangnongko,23.250927
2025-12-24 12:00:00 - Karangnongko,23.331503
2025-12-24 18:00:00 - Karangnongko,23.17693
2025-12-25 06:00:00 - Karangnongko,23.000029
2025-12-25 12:00:00 - Karangnongko,23.084188
2025-12-25 18:00:00 - Karangnongko,23.301252
2025-12-26 06:00:00 - Karangnongko,23.155888
2025-12-26 12:00:00 - Karangnongko,23.07392
2025-12-26 18:00:00 - Karangnongko,23.250114
2025-12-27 06:00:00 - Karangnongko,23.54532
2025-12-27 12:00:00 - Karangnongko,23.739857
2025-12-27 18:00:00 - Karangnongko,24.063152
2025-12-28 06:00:00 - Karangnongko,23.883858
2025-12-28 12:00:00 - Karangnongko,23.891993
2025-12-28 18:00:00 - Karangnongko,23.823254
2025-12-29 06:00:00 - Karangnongko,23.69269
2025-12-29 12:00:00 - Karangnongko,23.984913
2025-12-29 18:00:00 - Karangnongko,23.056059
2025-12-30 06:00:00 - Karangnongko,26.252825
2025-12-30 12:00:00 - Karangnongko,22.71993
2025-12-30 18:00:00 - Karangnongko,22.440342
2025-12-31 06:00:00 - Karangnongko,22.70575
2025-12-31 12:00:00 - Karangnongko,22.524652
2025-12-31 18:00:00 - Karangnongko,22.507166
2026-01-01 06:00:00 - Karangnongko,22.673962
2026-01-01 12:00:00 - Karangnongko,23.523252
2026-01-01 18:00:00 - Karangnongko,23.009048
2026-01-02 06:00:00 - Karangnongko,23.265743
2026-01-02 12:00:00 - Karangnongko,23.290817
2026-01-02 18:00:00 - Karangnongko,23.26217
2026-01-03 06:00:00 - Karangnongko,23.353336
2026-01-03 12:00:00 - Karangnongko,23.698364
2026-01-03 18:00:00 - Karangnongko,24.315382
2026-01-04 06:00:00 - Karangnongko,24.204826
2026-01-04 12:00:00 - Karangnongko,23.930159
2026-01-04 18:00:00 - Karangnongko,23.752605
2026-01-05 06:00:00 - Karangnongko,23.77586
2026-01-05 12:00:00 - Karangnongko,23.794437
2026-01-05 18:00:00 - Karangnongko,23.584372
2026-01-06 06:00:00 - Karangnongko,23.105825
2026-01-06 12:00:00 - Karangnongko,22.973024
2026-01-06 18:00:00 - Karangnongko,22.565872
2026-01-07 06:00:00 - Karangnongko,22.978094
2026-01-07 12:00:00 - Karangnongko,23.089758
2026-01-07 18:00:00 - Karangnongko,22.750809
2026-01-08 06:00:00 - Karangnongko,22.292667
2026-01-08 12:00:00 - Karangnongko,22.247583
2026-01-08 18:00:00 - Karangnongko,22.394466
2026-01-09 06:00:00 - Karangnongko,22.194141
2026-01-09 12:00:00 - Karangnongko,22.319237
2026-01-09 18:00:00 - Karangnongko,22.399658
2026-01-10 06:00:00 - Karangnongko,22.867413
2026-01-10 12:00:00 - Karangnongko,23.110159
2026-01-10 18:00:00 - Karangnongko,22.84701
2026-01-11 06:00:00 - Karangnongko,22.806318
2026-01-11 12:00:00 - Karangnongko,23.077269
2026-01-11 18:00:00 - Karangnongko,22.524622
2026-01-12 06:00:00 - Karangnongko,22.96221
2026-01-12 12:00:00 - Karangnongko,22.777668
2026-01-12 18:00:00 - Karangnongko,22.912235
2026-01-13 06:00:00 - Karangnongko,22.792404
2026-01-13 12:00:00 - Karangnongko,22.872353
2026-01-13 18:00:00 - Karangnongko,22.945883
2026-01-14 06:00:00 - Karangnongko,22.857033
2026-01-14 12:00:00 - Karangnongko,22.941315
2026-01-14 18:00:00 - Karangnongko,22.989727
2026-01-15 06:00:00 - Karangnongko,23.142426
2026-01-15 12:00:00 - Karangnongko,23.048838
2026-01-15 18:00:00 - Karangnongko,23.02154
2026-01-16 06:00:00 - Karangnongko,23.256514
2026-01-16 12:00:00 - Karangnongko,23.154764
2026-01-16 18:00:00 - Karangnongko,23.293606
2026-01-17 06:00:00 - Karangnongko,22.94225
2026-01-17 12:00:00 - Karangnongko,22.958508
2026-01-17 18:00:00 - Karangnongko,23.130522
2026-01-18 06:00:00 - Karangnongko,22.887903
2026-01-18 12:00:00 - Karangnongko,23.707493
2026-01-18 18:00:00 - Karangnongko,23.77732
2026-01-19 06:00:00 - Karangnongko,23.297861
2026-01-19 12:00:00 - Karangnongko,23.750107
2026-01-19 18:00:00 - Karangnongko,23.802292
2026-01-20 06:00:00 - Karangnongko,24.886217
2026-01-20 12:00:00 - Karangnongko,24.21753
2026-01-20 18:00:00 - Karangnongko,23.245838
2026-01-21 06:00:00 - Karangnongko,23.173357
2026-01-21 12:00:00 - Karangnongko,23.68902
2026-01-21 18:00:00 - Karangnongko,23.34866
2026-01-22 06:00:00 - Karangnongko,23.267145
2026-01-22 12:00:00 - Karangnongko,23.061775
2026-01-22 18:00:00 - Karangnongko,22.98032
2026-01-23 06:00:00 - Karangnongko,23.157084
2026-01-23 12:00:00 - Karangnongko,23.412241
2026-01-23 18:00:00 - Karangnongko,23.262783
2026-01-24 06:00:00 - Karangnongko,23.809185
2026-01-24 12:00:00 - Karangnongko,23.80021
2026-01-24 18:00:00 - Karangnongko,23.861296
2026-01-25 06:00:00 - Karangnongko,23.447739
2026-01-25 12:00:00 - Karangnongko,23.60131
2026-01-25 18:00:00 - Karangnongko,23.507889
2026-01-26 06:00:00 - Karangnongko,22.844465
2026-01-26 12:00:00 - Karangnongko,22.846888
2026-01-26 18:00:00 - Karangnongko,22.728151
2026-01-27 06:00:00 - Karangnongko,22.823324
2026-01-27 12:00:00 - Karangnongko,22.942154
2026-01-27 18:00:00 - Karangnongko,22.439596
2026-01-28 06:00:00 - Karangnongko,22.8981
2026-01-28 12:00:00 - Karangnongko,23.297361
2026-01-28 18:00:00 - Karangnongko,23.49247
2026-01-29 06:00:00 - Karangnongko,23.71274
2026-01-29 12:00:00 - Karangnongko,23.750408
2026-01-29 18:00:00 - Karangnongko,23.561617
2026-01-30 06:00:00 - Karangnongko,24.9742
2026-01-30 12:00:00 - Karangnongko,24.681377
2026-01-30 18:00:00 - Karangnongko,22.870306
2026-01-31 06:00:00 - Karangnongko,23.000668
2026-01-31 12:00:00 - Karangnongko,23.19375
2026-01-31 18:00:00 - Karangnongko,23.119722
2026-02-01 06:00:00 - Karangnongko,23.297455
2026-02-01 12:00:00 - Karangnongko,23.254868
2026-02-01 18:00:00 - Karangnongko,23.2681
2026-02-02 06:00:00 - Karangnongko,23.192446
2026-02-02 12:00:00 - Karangnongko,23.150587
2026-02-02 18:00:00 - Karangnongko,23.23658
2026-02-03 06:00:00 - Karangnongko,22.84829
2026-02-03 12:00:00 - Karangnongko,23.417273
2026-02-03 18:00:00 - Karangnongko,23.117817
2026-02-04 06:00:00 - Karangnongko,22.937347
2026-02-04 12:00:00 - Karangnongko,23.110943
2026-02-04 18:00:00 - Karangnongko,22.96217
2026-02-05 06:00:00 - Karangnongko,23.08417
2026-02-05 12:00:00 - Karangnongko,23.235752
2026-02-05 18:00:00 - Karangnongko,23.508562
2026-02-06 06:00:00 - Karangnongko,23.22223
2026-02-06 12:00:00 - Karangnongko,23.19677
2026-02-06 18:00:00 - Karangnongko,23.486023
2026-02-07 06:00:00 - Karangnongko,23.761845
2026-02-07 12:00:00 - Karangnongko,23.592794
2026-02-07 18:00:00 - Karangnongko,23.213535
2026-02-08 06:00:00 - Karangnongko,22.957973
2026-02-08 12:00:00 - Karangnongko,23.048231
2026-02-08 18:00:00 - Karangnongko,23.181961
2026-02-09 06:00:00 - Karangnongko,22.792131
2026-02-09 12:00:00 - Karangnongko,22.930449
2026-02-09 18:00:00 - Karangnongko,23.039883
2026-02-10 06:00:00 - Karangnongko,22.699583
2026-02-10 12:00:00 - Karangnongko,23.043135
2026-02-10 18:00:00 - Karangnongko,23.107075
2026-02-11 06:00:00 - Karangnongko,23.174854
2026-02-11 12:00:00 - Karangnongko,23.447113
2026-02-11 18:00:00 - Karangnongko,23.010283
2026-02-12 06:00:00 - Karangnongko,23.415987
2026-02-12 12:00:00 - Karangnongko,23.489367
2026-02-12 18:00:00 - Karangnongko,23.716505
2026-02-13 06:00:00 - Karangnongko,24.021425
2026-02-13 12:00:00 - Karangnongko,24.335695
2026-02-13 18:00:00 - Karangnongko,23.986221
2026-02-14 06:00:00 - Karangnongko,23.84772
2026-02-14 12:00:00 - Karangnongko,24.18088
2026-02-14 18:00:00 - Karangnongko,23.97683
2026-02-15 06:00:00 - Karangnongko,24.098063
2026-02-15 12:00:00 - Karangnongko,23.823067
2026-02-15 18:00:00 - Karangnongko,23.457218
2026-02-16 06:00:00 - Karangnongko,23.657902
2026-02-16 12:00:00 - Karangnongko,23.861885
2026-02-16 18:00:00 - Karangnongko,24.02018
2026-02-17 06:00:00 - Karangnongko,23.786566
2026-02-17 12:00:00 - Karangnongko,24.185564
2026-02-17 18:00:00 - Karangnongko,23.579187
2026-02-18 06:00:00 - Karangnongko,24.17947
2026-02-18 12:00:00 - Karangnongko,24.213274
2026-02-18 18:00:00 - Karangnongko,24.212107
2026-02-19 06:00:00 - Karangnongko,24.101843
2026-02-19 12:00:00 - Karangnongko,24.602436
2026-02-19 18:00:00 - Karangnongko,24.799126
2026-02-20 06:00:00 - Karangnongko,24.730639
2026-02-20 12:00:00 - Karangnongko,24.724133
2026-02-20 18:00:00 - Karangnongko,24.39933
2026-02-21 06:00:00 - Karangnongko,24.23666
2026-02-21 12:00:00 - Karangnongko,24.238361
2026-02-21 18:00:00 - Karangnongko,24.319435
2026-02-22 06:00:00 - Karangnongko,23.892471
2026-02-22 12:00:00 - Karangnongko,24.016863
2026-02-22 18:00:00 - Karangnongko,23.733496
2026-02-23 06:00:00 - Karangnongko,23.488995
2026-02-23 12:00:00 - Karangnongko,23.783367
2026-02-23 18:00:00 - Karangnongko,24.483418
2026-02-24 06:00:00 - Karangnongko,23.832174
2026-02-24 12:00:00 - Karangnongko,24.157421
2026-02-24 18:00:00 - Karangnongko,23.894766
2026-02-25 06:00:00 - Karangnongko,24.254002
2026-02-25 12:00:00 - Karangnongko,24.07015
2026-02-25 18:00:00 - Karangnongko,23.373062
2026-02-26 06:00:00 - Karangnongko,23.27789
2026-02-26 12:00:00 - Karangnongko,23.42801
2026-02-26 18:00:00 - Karangnongko,23.196146
2026-02-27 06:00:00 - Karangnongko,23.060259
2026-02-27 12:00:00 - Karangnongko,23.020315
2026-02-27 18:00:00 - Karangnongko,23.009485
2026-02-28 06:00:00 - Karangnongko,23.18759
2026-02-28 12:00:00 - Karangnongko,23.159157
2026-02-28 18:00:00 - Karangnongko,23.184229
2026-03-01 06:00:00 - Karangnongko,23.566664
2026-03-01 12:00:00 - Karangnongko,23.765419
2026-03-01 18:00:00 - Karangnongko,23.546446
2026-03-02 06:00:00 - Karangnongko,23.352934
2026-03-02 12:00:00 - Karangnongko,23.217606
2026-03-02 18:00:00 - Karangnongko,23.336285
2026-03-03 06:00:00 - Karangnongko,23.313963
2026-03-03 12:00:00 - Karangnongko,23.512846
2026-03-03 18:00:00 - Karangnongko,23.544554
2026-03-04 06:00:00 - Karangnongko,24.006472
2026-03-04 12:00:00 - Karangnongko,24.590464
2026-03-04 18:00:00 - Karangnongko,24.458607
2026-03-05 06:00:00 - Karangnongko,24.449594
2026-03-05 12:00:00 - Karangnongko,24.575916
2026-03-05 18:00:00 - Karangnongko,24.271883
2026-03-06 06:00:00 - Karangnongko,24.530178
2026-03-06 12:00:00 - Karangnongko,24.589874
2026-03-06 18:00:00 - Karangnongko,24.01433
2026-03-07 06:00:00 - Karangnongko,23.671131
2026-03-07 12:00:00 - Karangnongko,23.851816
2026-03-07 18:00:00 - Karangnongko,23.79311
2026-03-08 06:00:00 - Karangnongko,24.008888
2026-03-08 12:00:00 - Karangnongko,24.520924
2026-03-08 18:00:00 - Karangnongko,24.396938
2026-03-09 06:00:00 - Karangnongko,24.454285
2026-03-09 12:00:00 - Karangnongko,24.555994
2026-03-09 18:00:00 - Karangnongko,24.374891
2026-03-10 06:00:00 - Karangnongko,24.078896
2026-03-10 12:00:00 - Karangnongko,24.195341
2026-03-10 18:00:00 - Karangnongko,23.843227
2026-03-11 06:00:00 - Karangnongko,23.795658
2026-03-11 12:00:00 - Karangnongko,23.543322
2026-03-11 18:00:00 - Karangnongko,23.444746
2026-03-12 06:00:00 - Karangnongko,23.27759
2026-03-12 12:00:00 - Karangnongko,23.171448
2026-03-12 18:00:00 - Karangnongko,23.016624
2026-03-13 06:00:00 - Karangnongko,22.683321
2026-03-13 12:00:00 - Karangnongko,22.781643
2026-03-13 18:00:00 - Karangnongko,22.63709
2026-03-14 06:00:00 - Karangnongko,22.41892
2026-03-14 12:00:00 - Karangnongko,22.549372
2026-03-14 18:00:00 - Karangnongko,22.345615
2026-03-15 06:00:00 - Karangnongko,22.507395
2026-03-15 12:00:00 - Karangnongko,22.666826
2026-03-15 18:00:00 - Karangnongko,22.670483
2026-03-16 06:00:00 - Karangnongko,22.621449
2026-03-16 12:00:00 - Karangnongko,22.632042
2026-03-16 18:00:00 - Karangnongko,23.213526
2026-03-17 06:00:00 - Karangnongko,22.482122
2026-03-17 12:00:00 - Karangnongko,23.024446
2026-03-17 18:00:00 - Karangnongko,23.370148
2026-03-18 06:00:00 - Karangnongko,23.051756
2026-03-18 12:00:00 - Karangnongko,23.25282
2026-03-18 18:00:00 - Karangnongko,22.871876
2026-03-19 06:00:00 - Karangnongko,22.905237
2026-03-19 12:00:00 - Karangnongko,22.988499
2026-03-19 18:00:00 - Karangnongko,22.7983
2026-03-20 06:00:00 - Karangnongko,22.569248
2026-03-20 12:00:00 - Karangnongko,22.679441
2026-03-20 18:00:00 - Karangnongko,23.038437
2026-03-21 06:00:00 - Karangnongko,22.472013
2026-03-21 12:00:00 - Karangnongko,22.79405
2026-03-21 18:00:00 - Karangnongko,22.732107
2026-03-22 06:00:00 - Karangnongko,22.618912
2026-03-22 12:00:00 - Karangnongko,23.156439
2026-03-22 18:00:00 - Karangnongko,23.84347
2026-03-23 06:00:00 - Karangnongko,23.701181
2026-03-23 12:00:00 - Karangnongko,23.740395
2026-03-23 18:00:00 - Karangnongko,23.227358
2026-03-24 06:00:00 - Karangnongko,23.077532
2026-03-24 12:00:00 - Karangnongko,22.980684
2026-03-24 18:00:00 - Karangnongko,22.976225
2026-03-25 06:00:00 - Karangnongko,22.844625
2026-03-25 12:00:00 - Karangnongko,23.025764
2026-03-25 18:00:00 - Karangnongko,22.925453
2026-03-26 06:00:00 - Karangnongko,22.84725
2026-03-26 12:00:00 - Karangnongko,22.979937
2026-03-26 18:00:00 - Karangnongko,23.096382
2026-03-27 06:00:00 - Karangnongko,23.41683
2026-03-27 12:00:00 - Karangnongko,23.698961
2026-03-27 18:00:00 - Karangnongko,23.989935
2026-03-28 06:00:00 - Karangnongko,23.993845
2026-03-28 12:00:00 - Karangnongko,24.191298
2026-03-28 18:00:00 - Karangnongko,24.000078
2026-03-29 06:00:00 - Karangnongko,24.697416
2026-03-29 12:00:00 - Karangnongko,24.851315
2026-03-29 18:00:00 - Karangnongko,25.056952
2026-03-30 06:00:00 - Karangnongko,24.971386
2026-03-30 12:00:00 - Karangnongko,25.198492
2026-03-30 18:00:00 - Karangnongko,25.179087
2026-03-31 06:00:00 - Karangnongko,25.409365
2026-03-31 12:00:00 - Karangnongko,24.770573
2026-03-31 18:00:00 - Karangnongko,24.704607
2026-04-01 06:00:00 - Karangnongko,23.885305
2026-04-01 12:00:00 - Karangnongko,23.802015
2026-04-01 18:00:00 - Karangnongko,23.834557
2026-04-02 06:00:00 - Karangnongko,23.25262
2026-04-02 12:00:00 - Karangnongko,23.088095
2026-04-02 18:00:00 - Karangnongko,23.243856
2026-04-03 06:00:00 - Karangnongko,23.431158
2026-04-03 12:00:00 - Karangnongko,23.475323
2026-04-03 18:00:00 - Karangnongko,24.044321
2026-04-04 06:00:00 - Karangnongko,24.24345
2026-04-04 12:00:00 - Karangnongko,24.253891
2026-04-04 18:00:00 - Karangnongko,24.485252
2026-04-05 06:00:00 - Karangnongko,24.451235
2026-04-05 12:00:00 - Karangnongko,24.255682
2026-04-05 18:00:00 - Karangnongko,24.313255
2026-04-06 06:00:00 - Karangnongko,23.472984
2026-04-06 12:00:00 - Karangnongko,23.414785
2026-04-06 18:00:00 - Karangnongko,23.32618
2026-04-07 06:00:00 - Karangnongko,23.28858
2026-04-07 12:00:00 - Karangnongko,23.14991
2026-04-07 18:00:00 - Karangnongko,23.14385
2026-04-08 06:00:00 - Karangnongko,22.92059
2026-04-08 12:00:00 - Karangnongko,22.92648
2026-04-08 18:00:00 - Karangnongko,23.198084
2026-04-09 06:00:00 - Karangnongko,23.206598
2026-04-09 12:00:00 - Karangnongko,23.296234
2026-04-09 18:00:00 - Karangnongko,23.60039
2026-04-10 06:00:00 - Karangnongko,23.99815
2026-04-10 12:00:00 - Karangnongko,23.930685
2026-04-10 18:00:00 - Karangnongko,24.43994
2026-04-11 06:00:00 - Karangnongko,24.345036
2026-04-11 12:00:00 - Karangnongko,24.134285
2026-04-11 18:00:00 - Karangnongko,24.451096
2026-04-12 06:00:00 - Karangnongko,23.920246
2026-04-12 12:00:00 - Karangnongko,23.93455
2026-04-12 18:00:00 - Karangnongko,24.35415
2026-04-13 06:00:00 - Karangnongko,24.242693
2026-04-13 12:00:00 - Karangnongko,23.952044
2026-04-13 18:00:00 - Karangnongko,24.028336
2026-04-14 06:00:00 - Karangnongko,24.353825
2026-04-14 12:00:00 - Karangnongko,23.615692
2026-04-14 18:00:00 - Karangnongko,23.257353
2026-04-15 06:00:00 - Karangnongko,22.865623
2026-04-15 12:00:00 - Karangnongko,22.486164
2026-04-15 18:00:00 - Karangnongko,22.365805
2026-04-16 06:00:00 - Karangnongko,22.305906
2026-04-16 12:00:00 - Karangnongko,22.0777
2026-04-16 18:00:00 - Karangnongko,22.110643
2026-04-17 06:00:00 - Karangnongko,22.08506
2026-04-17 12:00:00 - Karangnongko,22.275333
2026-04-17 18:00:00 - Karangnongko,22.174038
2026-04-18 06:00:00 - Karangnongko,21.926851
2026-04-18 12:00:00 - Karangnongko,21.824856
2026-04-18 18:00:00 - Karangnongko,24.221983
2026-04-19 06:00:00 - Karangnongko,21.940344
2026-04-19 12:00:00 - Karangnongko,21.874298
2026-04-19 18:00:00 - Karangnongko,21.58278
2026-04-20 06:00:00 - Karangnongko,21.851187
2026-04-20 12:00:00 - Karangnongko,21.82979
2026-04-20 18:00:00 - Karangnongko,21.741407
2026-04-21 06:00:00 - Karangnongko,21.91373
2026-04-21 12:00:00 - Karangnongko,21.882664
2026-04-21 18:00:00 - Karangnongko,22.089687
2026-04-22 06:00:00 - Karangnongko,21.939949
2026-04-22 12:00:00 - Karangnongko,22.217203
2026-04-22 18:00:00 - Karangnongko,22.49137
2026-04-23 06:00:00 - Karangnongko,22.09349
2026-04-23 12:00:00 - Karangnongko,22.546219
2026-04-23 18:00:00 - Karangnongko,22.705664
2026-04-24 06:00:00 - Karangnongko,23.196676
2026-04-24 12:00:00 - Karangnongko,23.07473
2026-04-24 18:00:00 - Karangnongko,22.769854
2026-04-25 06:00:00 - Karangnongko,22.54908
2026-04-25 12:00:00 - Karangnongko,22.58488
2026-04-25 18:00:00 - Karangnongko,22.51953
2026-04-26 06:00:00 - Karangnongko,22.533714
2026-04-26 12:00:00 - Karangnongko,22.581993
2026-04-26 18:00:00 - Karangnongko,22.4101
2026-04-27 06:00:00 - Karangnongko,22.001596
2026-04-27 12:00:00 - Karangnongko,22.274336
2026-04-27 18:00:00 - Karangnongko,22.298536
2026-04-28 06:00:00 - Karangnongko,22.364283
2026-04-28 12:00:00 - Karangnongko,22.308722
2026-04-28 18:00:00 - Karangnongko,22.311945
2026-04-29 06:00:00 - Karangnongko,22.112356
2026-04-29 12:00:00 - Karangnongko,22.194223
2026-04-29 18:00:00 - Karangnongko,22.32965
2026-04-30 06:00:00 - Karangnongko,22.300873
2026-04-30 12:00:00 - Karangnongko,22.554487
2026-04-30 18:00:00 - Karangnongko,22.924856
2026-05-01 06:00:00 - Karangnongko,23.111057
2026-05-01 12:00:00 - Karangnongko,23.28496
2026-05-01 18:00:00 - Karangnongko,23.31655
2026-05-02 06:00:00 - Karangnongko,23.426584
2026-05-02 12:00:00 - Karangnongko,23.375185
2026-05-02 18:00:00 - Karangnongko,23.50282
2026-05-03 06:00:00 - Karangnongko,23.235733
2026-05-03 12:00:00 - Karangnongko,23.098166
2026-05-03 18:00:00 - Karangnongko,23.123709
2026-05-04 06:00:00 - Karangnongko,23.093819
2026-05-04 12:00:00 - Karangnongko,23.213842
2026-05-04 18:00:00 - Karangnongko,23.197319
2026-05-05 06:00:00 - Karangnongko,22.697758
2026-05-05 12:00:00 - Karangnongko,22.947783
2026-05-05 18:00:00 - Karangnongko,22.75562
2026-05-06 06:00:00 - Karangnongko,22.331482
2026-05-06 12:00:00 - Karangnongko,22.428709
2026-05-06 18:00:00 - Karangnongko,22.373785
2026-05-07 06:00:00 - Karangnongko,22.293732
2026-05-07 12:00:00 - Karangnongko,22.46773
2026-05-07 18:00:00 - Karangnongko,22.33433
2026-05-08 06:00:00 - Karangnongko,21.987375
2026-05-08 12:00:00 - Karangnongko,22.269373
2026-05-08 18:00:00 - Karangnongko,22.157063
2026-05-09 06:00:00 - Karangnongko,22.13322
2026-05-09 12:00:00 - Karangnongko,22.104576
2026-05-09 18:00:00 - Karangnongko,22.129692
2026-05-10 06:00:00 - Karangnongko,22.137627
2026-05-10 12:00:00 - Karangnongko,22.104134
2026-05-10 18:00:00 - Karangnongko,22.289885
2026-05-11 06:00:00 - Karangnongko,22.200474
2026-05-11 12:00:00 - Karangnongko,22.23075
2026-05-11 18:00:00 - Karangnongko,22.24612
2026-05-12 06:00:00 - Karangnongko,22.084946
2026-05-12 12:00:00 - Karangnongko,22.295948
2026-05-12 18:00:00 - Karangnongko,22.39659
2026-05-13 06:00:00 - Karangnongko,22.151392
2026-05-13 12:00:00 - Karangnongko,22.057827
2026-05-13 18:00:00 - Karangnongko,22.119083
2026-05-14 06:00:00 - Karangnongko,21.8931
2026-05-14 12:00:00 - Karangnongko,21.904964
2026-05-14 18:00:00 - Karangnongko,22.484432
2026-05-15 06:00:00 - Karangnongko,22.060677
2026-05-15 12:00:00 - Karangnongko,22.111252
2026-05-15 18:00:00 - Karangnongko,22.725986
2026-05-16 06:00:00 - Karangnongko,22.086908
2026-05-16 12:00:00 - Karangnongko,22.410866
2026-05-16 18:00:00 - Karangnongko,22.866043
2026-05-17 06:00:00 - Karangnongko,22.537943
2026-05-17 12:00:00 - Karangnongko,22.511961
2026-05-17 18:00:00 - Karangnongko,22.835228
2026-05-18 06:00:00 - Karangnongko,22.598722
2026-05-18 12:00:00 - Karangnongko,22.317982
2026-05-18 18:00:00 - Karangnongko,22.462278
2025-09-19 06:00:00 - Kedungupit,65.16266
2025-09-19 12:00:00 - Kedungupit,64.993675
2025-09-19 18:00:00 - Kedungupit,64.740654
2025-09-20 06:00:00 - Kedungupit,64.74535
2025-09-20 12:00:00 - Kedungupit,64.7393
2025-09-20 18:00:00 - Kedungupit,64.36916
2025-09-21 06:00:00 - Kedungupit,64.30745
2025-09-21 12:00:00 - Kedungupit,64.45435
2025-09-21 18:00:00 - Kedungupit,64.25875
2025-09-22 06:00:00 - Kedungupit,64.397255
2025-09-22 12:00:00 - Kedungupit,64.37299
2025-09-22 18:00:00 - Kedungupit,64.354546
2025-09-23 06:00:00 - Kedungupit,64.11701
2025-09-23 12:00:00 - Kedungupit,64.19434
2025-09-23 18:00:00 - Kedungupit,64.19072
2025-09-24 06:00:00 - Kedungupit,64.1176
2025-09-24 12:00:00 - Kedungupit,64.08391
2025-09-24 18:00:00 - Kedungupit,64.13329
2025-09-25 06:00:00 - Kedungupit,64.54879
2025-09-25 12:00:00 - Kedungupit,64.374794
2025-09-25 18:00:00 - Kedungupit,64.35252
2025-09-26 06:00:00 - Kedungupit,64.284386
2025-09-26 12:00:00 - Kedungupit,64.32987
2025-09-26 18:00:00 - Kedungupit,64.129
2025-09-27 06:00:00 - Kedungupit,64.05787
2025-09-27 12:00:00 - Kedungupit,64.14316
2025-09-27 18:00:00 - Kedungupit,63.877594
2025-09-28 06:00:00 - Kedungupit,64.03211
2025-09-28 12:00:00 - Kedungupit,63.98613
2025-09-28 18:00:00 - Kedungupit,63.96648
2025-09-29 06:00:00 - Kedungupit,64.27869
2025-09-29 12:00:00 - Kedungupit,64.24641
2025-09-29 18:00:00 - Kedungupit,63.978943
2025-09-30 06:00:00 - Kedungupit,64.17509
2025-09-30 12:00:00 - Kedungupit,64.07201
2025-09-30 18:00:00 - Kedungupit,64.41579
2025-10-01 06:00:00 - Kedungupit,64.289764
2025-10-01 12:00:00 - Kedungupit,64.48799
2025-10-01 18:00:00 - Kedungupit,63.654522
2025-10-02 06:00:00 - Kedungupit,64.21508
2025-10-02 12:00:00 - Kedungupit,64.32355
2025-10-02 18:00:00 - Kedungupit,64.09921
2025-10-03 06:00:00 - Kedungupit,64.46489
2025-10-03 12:00:00 - Kedungupit,64.414505
2025-10-03 18:00:00 - Kedungupit,64.29118
2025-10-04 06:00:00 - Kedungupit,64.21517
2025-10-04 12:00:00 - Kedungupit,64.25569
2025-10-04 18:00:00 - Kedungupit,64.13147
2025-10-05 06:00:00 - Kedungupit,64.258965
2025-10-05 12:00:00 - Kedungupit,64.19243
2025-10-05 18:00:00 - Kedungupit,64.65411
2025-10-06 06:00:00 - Kedungupit,64.38919
2025-10-06 12:00:00 - Kedungupit,64.246284
2025-10-06 18:00:00 - Kedungupit,64.26003
2025-10-07 06:00:00 - Kedungupit,64.1786
2025-10-07 12:00:00 - Kedungupit,64.48934
2025-10-07 18:00:00 - Kedungupit,64.0406
2025-10-08 06:00:00 - Kedungupit,64.13119
2025-10-08 12:00:00 - Kedungupit,64.11683
2025-10-08 18:00:00 - Kedungupit,64.1709
2025-10-09 06:00:00 - Kedungupit,64.10842
2025-10-09 12:00:00 - Kedungupit,64.091545
2025-10-09 18:00:00 - Kedungupit,64.117355
2025-10-10 06:00:00 - Kedungupit,64.0669
2025-10-10 12:00:00 - Kedungupit,64.05227
2025-10-10 18:00:00 - Kedungupit,64.12559
2025-10-11 06:00:00 - Kedungupit,64.065056
2025-10-11 12:00:00 - Kedungupit,64.02546
2025-10-11 18:00:00 - Kedungupit,63.916595
2025-10-12 06:00:00 - Kedungupit,64.03088
2025-10-12 12:00:00 - Kedungupit,63.947296
2025-10-12 18:00:00 - Kedungupit,63.77662
2025-10-13 06:00:00 - Kedungupit,64.06193
2025-10-13 12:00:00 - Kedungupit,63.94838
2025-10-13 18:00:00 - Kedungupit,63.964832
2025-10-14 06:00:00 - Kedungupit,64.06406
2025-10-14 12:00:00 - Kedungupit,63.91815
2025-10-14 18:00:00 - Kedungupit,63.78034
2025-10-15 06:00:00 - Kedungupit,64.06096
2025-10-15 12:00:00 - Kedungupit,64.03787
2025-10-15 18:00:00 - Kedungupit,64.066216
2025-10-16 06:00:00 - Kedungupit,63.926228
2025-10-16 12:00:00 - Kedungupit,64.057205
2025-10-16 18:00:00 - Kedungupit,63.632397
2025-10-17 06:00:00 - Kedungupit,63.860435
2025-10-17 12:00:00 - Kedungupit,63.83352
2025-10-17 18:00:00 - Kedungupit,63.90409
2025-10-18 06:00:00 - Kedungupit,64.020546
2025-10-18 12:00:00 - Kedungupit,64.03792
2025-10-18 18:00:00 - Kedungupit,63.5064
2025-10-19 06:00:00 - Kedungupit,63.896572
2025-10-19 12:00:00 - Kedungupit,63.85724
2025-10-19 18:00:00 - Kedungupit,63.639397
2025-10-20 06:00:00 - Kedungupit,64.132744
2025-10-20 12:00:00 - Kedungupit,64.133415
2025-10-20 18:00:00 - Kedungupit,64.10093
2025-10-21 06:00:00 - Kedungupit,64.371635
2025-10-21 12:00:00 - Kedungupit,64.54412
2025-10-21 18:00:00 - Kedungupit,64.383644
2025-10-22 06:00:00 - Kedungupit,65.15873
2025-10-22 12:00:00 - Kedungupit,64.95703
2025-10-22 18:00:00 - Kedungupit,65.21618
2025-10-23 06:00:00 - Kedungupit,66.22182
2025-10-23 12:00:00 - Kedungupit,65.97353
2025-10-23 18:00:00 - Kedungupit,65.91432
2025-10-24 06:00:00 - Kedungupit,66.180954
2025-10-24 12:00:00 - Kedungupit,68.17711
2025-10-24 18:00:00 - Kedungupit,67.82981
2025-10-25 06:00:00 - Kedungupit,66.02722
2025-10-25 12:00:00 - Kedungupit,68.24769
2025-10-25 18:00:00 - Kedungupit,68.07174
2025-10-26 06:00:00 - Kedungupit,65.15182
2025-10-26 12:00:00 - Kedungupit,65.086845
2025-10-26 18:00:00 - Kedungupit,64.767654
2025-10-27 06:00:00 - Kedungupit,65.045525
2025-10-27 12:00:00 - Kedungupit,64.997856
2025-10-27 18:00:00 - Kedungupit,64.88686
2025-10-28 06:00:00 - Kedungupit,64.85008
2025-10-28 12:00:00 - Kedungupit,64.98439
2025-10-28 18:00:00 - Kedungupit,65.41752
2025-10-29 06:00:00 - Kedungupit,66.47261
2025-10-29 12:00:00 - Kedungupit,65.97614
2025-10-29 18:00:00 - Kedungupit,65.71734
2025-10-30 06:00:00 - Kedungupit,65.582664
2025-10-30 12:00:00 - Kedungupit,65.297806
2025-10-30 18:00:00 - Kedungupit,65.173325
2025-10-31 06:00:00 - Kedungupit,65.1183
2025-10-31 12:00:00 - Kedungupit,64.89517
2025-10-31 18:00:00 - Kedungupit,64.65956
2025-11-01 06:00:00 - Kedungupit,65.05047
2025-11-01 12:00:00 - Kedungupit,65.0507
2025-11-01 18:00:00 - Kedungupit,65.0409
2025-11-02 06:00:00 - Kedungupit,65.312325
2025-11-02 12:00:00 - Kedungupit,65.88745
2025-11-02 18:00:00 - Kedungupit,65.466034
2025-11-03 06:00:00 - Kedungupit,65.87747
2025-11-03 12:00:00 - Kedungupit,65.58484
2025-11-03 18:00:00 - Kedungupit,65.552956
2025-11-04 06:00:00 - Kedungupit,67.01042
2025-11-04 12:00:00 - Kedungupit,66.39824
2025-11-04 18:00:00 - Kedungupit,66.32489
2025-11-05 06:00:00 - Kedungupit,66.186874
2025-11-05 12:00:00 - Kedungupit,65.99572
2025-11-05 18:00:00 - Kedungupit,65.93271
2025-11-06 06:00:00 - Kedungupit,66.622345
2025-11-06 12:00:00 - Kedungupit,66.7318
2025-11-06 18:00:00 - Kedungupit,66.340904
2025-11-07 06:00:00 - Kedungupit,67.013916
2025-11-07 12:00:00 - Kedungupit,65.876854
2025-11-07 18:00:00 - Kedungupit,65.76846
2025-11-08 06:00:00 - Kedungupit,66.27552
2025-11-08 12:00:00 - Kedungupit,66.0424
2025-11-08 18:00:00 - Kedungupit,66.22884
2025-11-09 06:00:00 - Kedungupit,66.25451
2025-11-09 12:00:00 - Kedungupit,66.0735
2025-11-09 18:00:00 - Kedungupit,65.95738
2025-11-10 06:00:00 - Kedungupit,66.46045
2025-11-10 12:00:00 - Kedungupit,66.50889
2025-11-10 18:00:00 - Kedungupit,65.97966
2025-11-11 06:00:00 - Kedungupit,67.011734
2025-11-11 12:00:00 - Kedungupit,66.73988
2025-11-11 18:00:00 - Kedungupit,66.48743
2025-11-12 06:00:00 - Kedungupit,66.99089
2025-11-12 12:00:00 - Kedungupit,67.04928
2025-11-12 18:00:00 - Kedungupit,67.13124
2025-11-13 06:00:00 - Kedungupit,66.88116
2025-11-13 12:00:00 - Kedungupit,66.55248
2025-11-13 18:00:00 - Kedungupit,66.24333
2025-11-14 06:00:00 - Kedungupit,66.93005
2025-11-14 12:00:00 - Kedungupit,67.22039
2025-11-14 18:00:00 - Kedungupit,66.28295
2025-11-15 06:00:00 - Kedungupit,67.45296
2025-11-15 12:00:00 - Kedungupit,66.57526
2025-11-15 18:00:00 - Kedungupit,66.07442
2025-11-16 06:00:00 - Kedungupit,66.27713
2025-11-16 12:00:00 - Kedungupit,65.80322
2025-11-16 18:00:00 - Kedungupit,65.75772
2025-11-17 06:00:00 - Kedungupit,66.25253
2025-11-17 12:00:00 - Kedungupit,66.0518
2025-11-17 18:00:00 - Kedungupit,66.028755
2025-11-18 06:00:00 - Kedungupit,66.81823
2025-11-18 12:00:00 - Kedungupit,66.017815
2025-11-18 18:00:00 - Kedungupit,66.107925
2025-11-19 06:00:00 - Kedungupit,66.87629
2025-11-19 12:00:00 - Kedungupit,67.6592
2025-11-19 18:00:00 - Kedungupit,67.178444
2025-11-20 06:00:00 - Kedungupit,67.01113
2025-11-20 12:00:00 - Kedungupit,66.33086
2025-11-20 18:00:00 - Kedungupit,66.05464
2025-11-21 06:00:00 - Kedungupit,67.39837
2025-11-21 12:00:00 - Kedungupit,66.63779
2025-11-21 18:00:00 - Kedungupit,67.193
2025-11-22 06:00:00 - Kedungupit,67.650345
2025-11-22 12:00:00 - Kedungupit,67.701965
2025-11-22 18:00:00 - Kedungupit,66.317345
2025-11-23 06:00:00 - Kedungupit,65.58176
2025-11-23 12:00:00 - Kedungupit,65.52242
2025-11-23 18:00:00 - Kedungupit,65.51871
2025-11-24 06:00:00 - Kedungupit,66.4838
2025-11-24 12:00:00 - Kedungupit,66.14922
2025-11-24 18:00:00 - Kedungupit,65.89256
2025-11-25 06:00:00 - Kedungupit,65.55669
2025-11-25 12:00:00 - Kedungupit,65.46041
2025-11-25 18:00:00 - Kedungupit,65.21104
2025-11-26 06:00:00 - Kedungupit,64.93539
2025-11-26 12:00:00 - Kedungupit,64.96289
2025-11-26 18:00:00 - Kedungupit,65.003555
2025-11-27 06:00:00 - Kedungupit,64.96059
2025-11-27 12:00:00 - Kedungupit,64.99818
2025-11-27 18:00:00 - Kedungupit,65.20245
2025-11-28 06:00:00 - Kedungupit,65.51298
2025-11-28 12:00:00 - Kedungupit,65.59819
2025-11-28 18:00:00 - Kedungupit,65.266594
2025-11-29 06:00:00 - Kedungupit,65.01955
2025-11-29 12:00:00 - Kedungupit,64.93094
2025-11-29 18:00:00 - Kedungupit,65.074905
2025-11-30 06:00:00 - Kedungupit,64.92461
2025-11-30 12:00:00 - Kedungupit,64.88837
2025-11-30 18:00:00 - Kedungupit,64.90743
2025-12-01 06:00:00 - Kedungupit,65.19282
2025-12-01 12:00:00 - Kedungupit,65.17375
2025-12-01 18:00:00 - Kedungupit,65.46972
2025-12-02 06:00:00 - Kedungupit,65.32238
2025-12-02 12:00:00 - Kedungupit,65.18309
2025-12-02 18:00:00 - Kedungupit,65.38861
2025-12-03 06:00:00 - Kedungupit,65.767944
2025-12-03 12:00:00 - Kedungupit,66.02742
2025-12-03 18:00:00 - Kedungupit,65.85107
2025-12-04 06:00:00 - Kedungupit,65.66435
2025-12-04 12:00:00 - Kedungupit,65.47187
2025-12-04 18:00:00 - Kedungupit,66.00456
2025-12-05 06:00:00 - Kedungupit,66.40765
2025-12-05 12:00:00 - Kedungupit,66.00971
2025-12-05 18:00:00 - Kedungupit,65.8102
2025-12-06 06:00:00 - Kedungupit,65.97043
2025-12-06 12:00:00 - Kedungupit,65.70635
2025-12-06 18:00:00 - Kedungupit,66.01078
2025-12-07 06:00:00 - Kedungupit,66.13144
2025-12-07 12:00:00 - Kedungupit,65.97371
2025-12-07 18:00:00 - Kedungupit,65.84965
2025-12-08 06:00:00 - Kedungupit,65.78255
2025-12-08 12:00:00 - Kedungupit,65.702484
2025-12-08 18:00:00 - Kedungupit,66.44855
2025-12-09 06:00:00 - Kedungupit,65.29488
2025-12-09 12:00:00 - Kedungupit,65.327545
2025-12-09 18:00:00 - Kedungupit,64.9333
2025-12-10 06:00:00 - Kedungupit,66.16331
2025-12-10 12:00:00 - Kedungupit,66.04144
2025-12-10 18:00:00 - Kedungupit,64.911316
2025-12-11 06:00:00 - Kedungupit,64.614235
2025-12-11 12:00:00 - Kedungupit,64.91687
2025-12-11 18:00:00 - Kedungupit,66.03405
2025-12-12 06:00:00 - Kedungupit,65.75392
2025-12-12 12:00:00 - Kedungupit,64.67835
2025-12-12 18:00:00 - Kedungupit,64.51955
2025-12-13 06:00:00 - Kedungupit,64.61935
2025-12-13 12:00:00 - Kedungupit,64.62304
2025-12-13 18:00:00 - Kedungupit,64.46765
2025-12-14 06:00:00 - Kedungupit,64.840996
2025-12-14 12:00:00 - Kedungupit,65.029564
2025-12-14 18:00:00 - Kedungupit,64.781975
2025-12-15 06:00:00 - Kedungupit,65.10175
2025-12-15 12:00:00 - Kedungupit,65.133446
2025-12-15 18:00:00 - Kedungupit,65.125984
2025-12-16 06:00:00 - Kedungupit,64.75705
2025-12-16 12:00:00 - Kedungupit,64.717545
2025-12-16 18:00:00 - Kedungupit,64.60781
2025-12-17 06:00:00 - Kedungupit,64.888885
2025-12-17 12:00:00 - Kedungupit,64.75193
2025-12-17 18:00:00 - Kedungupit,64.77111
2025-12-18 06:00:00 - Kedungupit,64.78938
2025-12-18 12:00:00 - Kedungupit,64.971664
2025-12-18 18:00:00 - Kedungupit,64.84364
2025-12-19 06:00:00 - Kedungupit,64.847565
2025-12-19 12:00:00 - Kedungupit,65.704025
2025-12-19 18:00:00 - Kedungupit,65.18896
2025-12-20 06:00:00 - Kedungupit,64.8467
2025-12-20 12:00:00 - Kedungupit,65.079666
2025-12-20 18:00:00 - Kedungupit,64.77056
2025-12-21 06:00:00 - Kedungupit,65.24581
2025-12-21 12:00:00 - Kedungupit,65.202385
2025-12-21 18:00:00 - Kedungupit,65.19283
2025-12-22 06:00:00 - Kedungupit,65.55613
2025-12-22 12:00:00 - Kedungupit,65.66523
2025-12-22 18:00:00 - Kedungupit,65.13637
2025-12-23 06:00:00 - Kedungupit,65.505486
2025-12-23 12:00:00 - Kedungupit,65.47763
2025-12-23 18:00:00 - Kedungupit,65.436325
2025-12-24 06:00:00 - Kedungupit,66.08631
2025-12-24 12:00:00 - Kedungupit,65.739784
2025-12-24 18:00:00 - Kedungupit,65.45388
2025-12-25 06:00:00 - Kedungupit,65.67189
2025-12-25 12:00:00 - Kedungupit,65.709145
2025-12-25 18:00:00 - Kedungupit,65.199265
2025-12-26 06:00:00 - Kedungupit,65.183556
2025-12-26 12:00:00 - Kedungupit,65.29051
2025-12-26 18:00:00 - Kedungupit,65.356606
2025-12-27 06:00:00 - Kedungupit,66.18217
2025-12-27 12:00:00 - Kedungupit,65.7579
2025-12-27 18:00:00 - Kedungupit,65.76421
2025-12-28 06:00:00 - Kedungupit,66.44221
2025-12-28 12:00:00 - Kedungupit,66.29088
2025-12-28 18:00:00 - Kedungupit,66.15533
2025-12-29 06:00:00 - Kedungupit,64.84351
2025-12-29 12:00:00 - Kedungupit,64.84445
2025-12-29 18:00:00 - Kedungupit,64.923546
2025-12-30 06:00:00 - Kedungupit,64.71897
2025-12-30 12:00:00 - Kedungupit,64.6691
2025-12-30 18:00:00 - Kedungupit,64.79973
2025-12-31 06:00:00 - Kedungupit,64.95387
2025-12-31 12:00:00 - Kedungupit,65.14025
2025-12-31 18:00:00 - Kedungupit,65.1807
2026-01-01 06:00:00 - Kedungupit,65.38118
2026-01-01 12:00:00 - Kedungupit,65.30733
2026-01-01 18:00:00 - Kedungupit,65.24171
2026-01-02 06:00:00 - Kedungupit,65.249886
2026-01-02 12:00:00 - Kedungupit,65.87662
2026-01-02 18:00:00 - Kedungupit,65.70775
2026-01-03 06:00:00 - Kedungupit,66.296196
2026-01-03 12:00:00 - Kedungupit,66.629036
2026-01-03 18:00:00 - Kedungupit,66.83957
2026-01-04 06:00:00 - Kedungupit,66.28187
2026-01-04 12:00:00 - Kedungupit,66.309296
2026-01-04 18:00:00 - Kedungupit,66.34059
2026-01-05 06:00:00 - Kedungupit,66.33568
2026-01-05 12:00:00 - Kedungupit,66.28007
2026-01-05 18:00:00 - Kedungupit,65.74993
2026-01-06 06:00:00 - Kedungupit,65.41626
2026-01-06 12:00:00 - Kedungupit,65.31207
2026-01-06 18:00:00 - Kedungupit,65.24521
2026-01-07 06:00:00 - Kedungupit,65.301865
2026-01-07 12:00:00 - Kedungupit,65.297585
2026-01-07 18:00:00 - Kedungupit,65.29797
2026-01-08 06:00:00 - Kedungupit,65.12325
2026-01-08 12:00:00 - Kedungupit,65.01027
2026-01-08 18:00:00 - Kedungupit,65.409836
2026-01-09 06:00:00 - Kedungupit,65.51278
2026-01-09 12:00:00 - Kedungupit,65.413185
2026-01-09 18:00:00 - Kedungupit,65.332924
2026-01-10 06:00:00 - Kedungupit,65.97395
2026-01-10 12:00:00 - Kedungupit,66.30994
2026-01-10 18:00:00 - Kedungupit,66.97858
2026-01-11 06:00:00 - Kedungupit,66.77225
2026-01-11 12:00:00 - Kedungupit,66.62128
2026-01-11 18:00:00 - Kedungupit,66.084915
2026-01-12 06:00:00 - Kedungupit,67.32648
2026-01-12 12:00:00 - Kedungupit,66.96101
2026-01-12 18:00:00 - Kedungupit,66.50903
2026-01-13 06:00:00 - Kedungupit,66.34354
2026-01-13 12:00:00 - Kedungupit,66.98925
2026-01-13 18:00:00 - Kedungupit,66.49968
2026-01-14 06:00:00 - Kedungupit,66.09465
2026-01-14 12:00:00 - Kedungupit,66.27433
2026-01-14 18:00:00 - Kedungupit,66.72759
2026-01-15 06:00:00 - Kedungupit,66.43899
2026-01-15 12:00:00 - Kedungupit,66.38298
2026-01-15 18:00:00 - Kedungupit,66.23775
2026-01-16 06:00:00 - Kedungupit,65.95946
2026-01-16 12:00:00 - Kedungupit,66.04417
2026-01-16 18:00:00 - Kedungupit,66.12916
2026-01-17 06:00:00 - Kedungupit,65.80223
2026-01-17 12:00:00 - Kedungupit,66.17428
2026-01-17 18:00:00 - Kedungupit,65.65828
2026-01-18 06:00:00 - Kedungupit,66.05156
2026-01-18 12:00:00 - Kedungupit,67.05693
2026-01-18 18:00:00 - Kedungupit,66.91747
2026-01-19 06:00:00 - Kedungupit,66.224785
2026-01-19 12:00:00 - Kedungupit,66.401886
2026-01-19 18:00:00 - Kedungupit,66.07437
2026-01-20 06:00:00 - Kedungupit,66.374344
2026-01-20 12:00:00 - Kedungupit,65.903564
2026-01-20 18:00:00 - Kedungupit,65.20003
2026-01-21 06:00:00 - Kedungupit,65.3542
2026-01-21 12:00:00 - Kedungupit,65.7247
2026-01-21 18:00:00 - Kedungupit,65.955536
2026-01-22 06:00:00 - Kedungupit,66.69049
2026-01-22 12:00:00 - Kedungupit,66.588745
2026-01-22 18:00:00 - Kedungupit,66.406265
2026-01-23 06:00:00 - Kedungupit,66.112686
2026-01-23 12:00:00 - Kedungupit,66.19086
2026-01-23 18:00:00 - Kedungupit,65.78587
2026-01-24 06:00:00 - Kedungupit,66.09796
2026-01-24 12:00:00 - Kedungupit,65.82264
2026-01-24 18:00:00 - Kedungupit,65.12775
2026-01-25 06:00:00 - Kedungupit,65.05082
2026-01-25 12:00:00 - Kedungupit,64.93438
2026-01-25 18:00:00 - Kedungupit,65.07011
2026-01-26 06:00:00 - Kedungupit,65.2033
2026-01-26 12:00:00 - Kedungupit,64.995766
2026-01-26 18:00:00 - Kedungupit,65.50207
2026-01-27 06:00:00 - Kedungupit,65.81857
2026-01-27 12:00:00 - Kedungupit,65.683815
2026-01-27 18:00:00 - Kedungupit,65.43186
2026-01-28 06:00:00 - Kedungupit,66.443535
2026-01-28 12:00:00 - Kedungupit,66.768906
2026-01-28 18:00:00 - Kedungupit,66.331116
2026-01-29 06:00:00 - Kedungupit,66.24778
2026-01-29 12:00:00 - Kedungupit,66.25128
2026-01-29 18:00:00 - Kedungupit,65.900925
2026-01-30 06:00:00 - Kedungupit,65.62066
2026-01-30 12:00:00 - Kedungupit,65.95075
2026-01-30 18:00:00 - Kedungupit,65.44255
2026-01-31 06:00:00 - Kedungupit,65.944725
2026-01-31 12:00:00 - Kedungupit,66.13499
2026-01-31 18:00:00 - Kedungupit,65.54277
2026-02-01 06:00:00 - Kedungupit,66.302666
2026-02-01 12:00:00 - Kedungupit,66.2375
2026-02-01 18:00:00 - Kedungupit,66.33941
2026-02-02 06:00:00 - Kedungupit,66.574776
2026-02-02 12:00:00 - Kedungupit,66.56902
2026-02-02 18:00:00 - Kedungupit,66.427864
2026-02-03 06:00:00 - Kedungupit,66.910835
2026-02-03 12:00:00 - Kedungupit,66.48978
2026-02-03 18:00:00 - Kedungupit,65.76431
2026-02-04 06:00:00 - Kedungupit,66.85314
2026-02-04 12:00:00 - Kedungupit,66.71703
2026-02-04 18:00:00 - Kedungupit,66.31462
2026-02-05 06:00:00 - Kedungupit,67.721596
2026-02-05 12:00:00 - Kedungupit,67.78583
2026-02-05 18:00:00 - Kedungupit,67.227196
2026-02-06 06:00:00 - Kedungupit,66.76248
2026-02-06 12:00:00 - Kedungupit,67.24036
2026-02-06 18:00:00 - Kedungupit,65.92594
2026-02-07 06:00:00 - Kedungupit,66.499825
2026-02-07 12:00:00 - Kedungupit,66.70591
2026-02-07 18:00:00 - Kedungupit,66.436745
2026-02-08 06:00:00 - Kedungupit,65.72317
2026-02-08 12:00:00 - Kedungupit,65.781204
2026-02-08 18:00:00 - Kedungupit,66.03274
2026-02-09 06:00:00 - Kedungupit,66.37525
2026-02-09 12:00:00 - Kedungupit,65.90328
2026-02-09 18:00:00 - Kedungupit,66.42907
2026-02-10 06:00:00 - Kedungupit,66.27417
2026-02-10 12:00:00 - Kedungupit,66.16492
2026-02-10 18:00:00 - Kedungupit,66.04965
2026-02-11 06:00:00 - Kedungupit,66.70071
2026-02-11 12:00:00 - Kedungupit,66.739334
2026-02-11 18:00:00 - Kedungupit,66.7686
2026-02-12 06:00:00 - Kedungupit,66.31917
2026-02-12 12:00:00 - Kedungupit,66.12355
2026-02-12 18:00:00 - Kedungupit,66.15967
2026-02-13 06:00:00 - Kedungupit,66.54894
2026-02-13 12:00:00 - Kedungupit,66.961266
2026-02-13 18:00:00 - Kedungupit,66.57533
2026-02-14 06:00:00 - Kedungupit,66.402596
2026-02-14 12:00:00 - Kedungupit,65.9375
2026-02-14 18:00:00 - Kedungupit,66.25416
2026-02-15 06:00:00 - Kedungupit,65.00648
2026-02-15 12:00:00 - Kedungupit,67.06742
2026-02-15 18:00:00 - Kedungupit,66.59813
2026-02-16 06:00:00 - Kedungupit,66.559525
2026-02-16 12:00:00 - Kedungupit,66.926186
2026-02-16 18:00:00 - Kedungupit,66.61516
2026-02-17 06:00:00 - Kedungupit,66.885086
2026-02-17 12:00:00 - Kedungupit,66.5101
2026-02-17 18:00:00 - Kedungupit,66.27597
2026-02-18 06:00:00 - Kedungupit,65.7874
2026-02-18 12:00:00 - Kedungupit,65.93964
2026-02-18 18:00:00 - Kedungupit,65.94528
2026-02-19 06:00:00 - Kedungupit,66.34199
2026-02-19 12:00:00 - Kedungupit,66.168015
2026-02-19 18:00:00 - Kedungupit,65.73073
2026-02-20 06:00:00 - Kedungupit,65.81742
2026-02-20 12:00:00 - Kedungupit,66.01444
2026-02-20 18:00:00 - Kedungupit,65.821655
2026-02-21 06:00:00 - Kedungupit,65.94247
2026-02-21 12:00:00 - Kedungupit,65.69576
2026-02-21 18:00:00 - Kedungupit,65.40312
2026-02-22 06:00:00 - Kedungupit,66.10654
2026-02-22 12:00:00 - Kedungupit,66.04371
2026-02-22 18:00:00 - Kedungupit,65.95368
2026-02-23 06:00:00 - Kedungupit,66.70777
2026-02-23 12:00:00 - Kedungupit,66.907425
2026-02-23 18:00:00 - Kedungupit,66.70028
2026-02-24 06:00:00 - Kedungupit,67.10019
2026-02-24 12:00:00 - Kedungupit,66.96356
2026-02-24 18:00:00 - Kedungupit,66.670105
2026-02-25 06:00:00 - Kedungupit,65.944016
2026-02-25 12:00:00 - Kedungupit,65.966484
2026-02-25 18:00:00 - Kedungupit,65.72348
2026-02-26 06:00:00 - Kedungupit,65.49494
2026-02-26 12:00:00 - Kedungupit,65.5417
2026-02-26 18:00:00 - Kedungupit,65.24019
2026-02-27 06:00:00 - Kedungupit,65.62222
2026-02-27 12:00:00 - Kedungupit,65.26825
2026-02-27 18:00:00 - Kedungupit,65.504166
2026-02-28 06:00:00 - Kedungupit,66.403885
2026-02-28 12:00:00 - Kedungupit,66.25669
2026-02-28 18:00:00 - Kedungupit,66.05637
2026-03-01 06:00:00 - Kedungupit,66.67268
2026-03-01 12:00:00 - Kedungupit,66.688446
2026-03-01 18:00:00 - Kedungupit,66.23972
2026-03-02 06:00:00 - Kedungupit,65.851654
2026-03-02 12:00:00 - Kedungupit,65.99816
2026-03-02 18:00:00 - Kedungupit,66.09616
2026-03-03 06:00:00 - Kedungupit,66.24297
2026-03-03 12:00:00 - Kedungupit,66.19535
2026-03-03 18:00:00 - Kedungupit,66.091194
2026-03-04 06:00:00 - Kedungupit,66.471176
2026-03-04 12:00:00 - Kedungupit,66.79549
2026-03-04 18:00:00 - Kedungupit,66.266464
2026-03-05 06:00:00 - Kedungupit,66.1848
2026-03-05 12:00:00 - Kedungupit,66.52261
2026-03-05 18:00:00 - Kedungupit,66.47807
2026-03-06 06:00:00 - Kedungupit,67.15013
2026-03-06 12:00:00 - Kedungupit,67.291504
2026-03-06 18:00:00 - Kedungupit,66.78945
2026-03-07 06:00:00 - Kedungupit,66.42037
2026-03-07 12:00:00 - Kedungupit,66.742226
2026-03-07 18:00:00 - Kedungupit,66.691154
2026-03-08 06:00:00 - Kedungupit,66.982864
2026-03-08 12:00:00 - Kedungupit,67.1722
2026-03-08 18:00:00 - Kedungupit,66.72629
2026-03-09 06:00:00 - Kedungupit,66.60304
2026-03-09 12:00:00 - Kedungupit,66.13804
2026-03-09 18:00:00 - Kedungupit,66.09593
2026-03-10 06:00:00 - Kedungupit,65.89957
2026-03-10 12:00:00 - Kedungupit,66.0839
2026-03-10 18:00:00 - Kedungupit,65.86925
2026-03-11 06:00:00 - Kedungupit,65.63115
2026-03-11 12:00:00 - Kedungupit,65.71756
2026-03-11 18:00:00 - Kedungupit,65.6538
2026-03-12 06:00:00 - Kedungupit,65.33409
2026-03-12 12:00:00 - Kedungupit,65.31573
2026-03-12 18:00:00 - Kedungupit,65.167786
2026-03-13 06:00:00 - Kedungupit,65.55106
2026-03-13 12:00:00 - Kedungupit,65.653564
2026-03-13 18:00:00 - Kedungupit,65.56934
2026-03-14 06:00:00 - Kedungupit,65.41212
2026-03-14 12:00:00 - Kedungupit,65.341576
2026-03-14 18:00:00 - Kedungupit,65.435844
2026-03-15 06:00:00 - Kedungupit,65.662384
2026-03-15 12:00:00 - Kedungupit,65.94762
2026-03-15 18:00:00 - Kedungupit,65.9568
2026-03-16 06:00:00 - Kedungupit,65.88511
2026-03-16 12:00:00 - Kedungupit,65.82056
2026-03-16 18:00:00 - Kedungupit,65.81361
2026-03-17 06:00:00 - Kedungupit,66.340096
2026-03-17 12:00:00 - Kedungupit,66.45837
2026-03-17 18:00:00 - Kedungupit,66.37541
2026-03-18 06:00:00 - Kedungupit,66.38105
2026-03-18 12:00:00 - Kedungupit,66.35807
2026-03-18 18:00:00 - Kedungupit,65.92451
2026-03-19 06:00:00 - Kedungupit,65.731544
2026-03-19 12:00:00 - Kedungupit,65.71526
2026-03-19 18:00:00 - Kedungupit,65.667175
2026-03-20 06:00:00 - Kedungupit,65.7203
2026-03-20 12:00:00 - Kedungupit,65.51376
2026-03-20 18:00:00 - Kedungupit,65.70205
2026-03-21 06:00:00 - Kedungupit,65.69167
2026-03-21 12:00:00 - Kedungupit,65.760086
2026-03-21 18:00:00 - Kedungupit,65.24624
2026-03-22 06:00:00 - Kedungupit,65.10055
2026-03-22 12:00:00 - Kedungupit,65.710365
2026-03-22 18:00:00 - Kedungupit,65.52637
2026-03-23 06:00:00 - Kedungupit,65.21109
2026-03-23 12:00:00 - Kedungupit,64.75217
2026-03-23 18:00:00 - Kedungupit,64.731186
2026-03-24 06:00:00 - Kedungupit,64.63051
2026-03-24 12:00:00 - Kedungupit,64.799965
2026-03-24 18:00:00 - Kedungupit,65.0349
2026-03-25 06:00:00 - Kedungupit,65.433754
2026-03-25 12:00:00 - Kedungupit,65.7165
2026-03-25 18:00:00 - Kedungupit,65.566666
2026-03-26 06:00:00 - Kedungupit,65.71013
2026-03-26 12:00:00 - Kedungupit,65.541405
2026-03-26 18:00:00 - Kedungupit,65.36668
2026-03-27 06:00:00 - Kedungupit,66.25065
2026-03-27 12:00:00 - Kedungupit,66.15551
2026-03-27 18:00:00 - Kedungupit,66.29685
2026-03-28 06:00:00 - Kedungupit,66.51458
2026-03-28 12:00:00 - Kedungupit,66.42649
2026-03-28 18:00:00 - Kedungupit,65.89614
2026-03-29 06:00:00 - Kedungupit,67.14514
2026-03-29 12:00:00 - Kedungupit,67.49357
2026-03-29 18:00:00 - Kedungupit,66.91172
2026-03-30 06:00:00 - Kedungupit,71.24699
2026-03-30 12:00:00 - Kedungupit,71.02273
2026-03-30 18:00:00 - Kedungupit,71.18112
2026-03-31 06:00:00 - Kedungupit,66.689095
2026-03-31 12:00:00 - Kedungupit,66.51471
2026-03-31 18:00:00 - Kedungupit,66.36965
2026-04-01 06:00:00 - Kedungupit,66.368965
2026-04-01 12:00:00 - Kedungupit,66.37984
2026-04-01 18:00:00 - Kedungupit,65.8724
2026-04-02 06:00:00 - Kedungupit,65.57595
2026-04-02 12:00:00 - Kedungupit,65.53127
2026-04-02 18:00:00 - Kedungupit,65.82372
2026-04-03 06:00:00 - Kedungupit,66.26903
2026-04-03 12:00:00 - Kedungupit,66.88765
2026-04-03 18:00:00 - Kedungupit,66.88326
2026-04-04 06:00:00 - Kedungupit,66.486565
2026-04-04 12:00:00 - Kedungupit,66.00329
2026-04-04 18:00:00 - Kedungupit,65.88848
2026-04-05 06:00:00 - Kedungupit,66.67246
2026-04-05 12:00:00 - Kedungupit,66.06313
2026-04-05 18:00:00 - Kedungupit,66.08678
2026-04-06 06:00:00 - Kedungupit,65.34694
2026-04-06 12:00:00 - Kedungupit,65.834984
2026-04-06 18:00:00 - Kedungupit,65.671684
2026-04-07 06:00:00 - Kedungupit,65.7518
2026-04-07 12:00:00 - Kedungupit,65.785515
2026-04-07 18:00:00 - Kedungupit,65.89993
2026-04-08 06:00:00 - Kedungupit,65.766556
2026-04-08 12:00:00 - Kedungupit,65.87905
2026-04-08 18:00:00 - Kedungupit,65.63494
2026-04-09 06:00:00 - Kedungupit,65.73393
2026-04-09 12:00:00 - Kedungupit,65.817764
2026-04-09 18:00:00 - Kedungupit,65.814316
2026-04-10 06:00:00 - Kedungupit,66.55928
2026-04-10 12:00:00 - Kedungupit,66.27757
2026-04-10 18:00:00 - Kedungupit,66.193596
2026-04-11 06:00:00 - Kedungupit,66.44971
2026-04-11 12:00:00 - Kedungupit,66.641106
2026-04-11 18:00:00 - Kedungupit,65.74379
2026-04-12 06:00:00 - Kedungupit,65.9213
2026-04-12 12:00:00 - Kedungupit,66.25842
2026-04-12 18:00:00 - Kedungupit,66.277534
2026-04-13 06:00:00 - Kedungupit,66.17563
2026-04-13 12:00:00 - Kedungupit,66.33022
2026-04-13 18:00:00 - Kedungupit,66.21127
2026-04-14 06:00:00 - Kedungupit,65.74174
2026-04-14 12:00:00 - Kedungupit,65.42888
2026-04-14 18:00:00 - Kedungupit,65.53069
2026-04-15 06:00:00 - Kedungupit,65.73574
2026-04-15 12:00:00 - Kedungupit,66.10051
2026-04-15 18:00:00 - Kedungupit,65.805885
2026-04-16 06:00:00 - Kedungupit,65.39596
2026-04-16 12:00:00 - Kedungupit,65.205376
2026-04-16 18:00:00 - Kedungupit,65.10325
2026-04-17 06:00:00 - Kedungupit,65.11119
2026-04-17 12:00:00 - Kedungupit,64.9079
2026-04-17 18:00:00 - Kedungupit,64.901276
2026-04-18 06:00:00 - Kedungupit,64.74977
2026-04-18 12:00:00 - Kedungupit,64.91798
2026-04-18 18:00:00 - Kedungupit,64.74136
2026-04-19 06:00:00 - Kedungupit,64.74389
2026-04-19 12:00:00 - Kedungupit,64.6972
2026-04-19 18:00:00 - Kedungupit,64.682915
2026-04-20 06:00:00 - Kedungupit,64.8695
2026-04-20 12:00:00 - Kedungupit,64.834724
2026-04-20 18:00:00 - Kedungupit,64.86012
2026-04-21 06:00:00 - Kedungupit,64.88379
2026-04-21 12:00:00 - Kedungupit,64.984474
2026-04-21 18:00:00 - Kedungupit,64.96631
2026-04-22 06:00:00 - Kedungupit,65.60164
2026-04-22 12:00:00 - Kedungupit,65.29476
2026-04-22 18:00:00 - Kedungupit,66.01457
2026-04-23 06:00:00 - Kedungupit,66.16818
2026-04-23 12:00:00 - Kedungupit,65.77838
2026-04-23 18:00:00 - Kedungupit,65.44124
2026-04-24 06:00:00 - Kedungupit,65.31227
2026-04-24 12:00:00 - Kedungupit,65.18033
2026-04-24 18:00:00 - Kedungupit,64.885704
2026-04-25 06:00:00 - Kedungupit,65.097435
2026-04-25 12:00:00 - Kedungupit,65.18533
2026-04-25 18:00:00 - Kedungupit,64.95931
2026-04-26 06:00:00 - Kedungupit,64.92457
2026-04-26 12:00:00 - Kedungupit,64.96289
2026-04-26 18:00:00 - Kedungupit,64.545135
2026-04-27 06:00:00 - Kedungupit,64.66726
2026-04-27 12:00:00 - Kedungupit,64.87423
2026-04-27 18:00:00 - Kedungupit,64.76128
2026-04-28 06:00:00 - Kedungupit,64.75885
2026-04-28 12:00:00 - Kedungupit,64.95318
2026-04-28 18:00:00 - Kedungupit,64.589226
2026-04-29 06:00:00 - Kedungupit,64.63742
2026-04-29 12:00:00 - Kedungupit,64.71319
2026-04-29 18:00:00 - Kedungupit,64.602196
2026-04-30 06:00:00 - Kedungupit,64.72065
2026-04-30 12:00:00 - Kedungupit,64.59107
2026-04-30 18:00:00 - Kedungupit,64.78148
2026-05-01 06:00:00 - Kedungupit,66.0583
2026-05-01 12:00:00 - Kedungupit,66.13049
2026-05-01 18:00:00 - Kedungupit,65.610344
2026-05-02 06:00:00 - Kedungupit,65.691574
2026-05-02 12:00:00 - Kedungupit,65.57185
2026-05-02 18:00:00 - Kedungupit,65.48079
2026-05-03 06:00:00 - Kedungupit,65.51907
2026-05-03 12:00:00 - Kedungupit,65.18866
2026-05-03 18:00:00 - Kedungupit,65.06981
2026-05-04 06:00:00 - Kedungupit,65.70102
2026-05-04 12:00:00 - Kedungupit,65.69024
2026-05-04 18:00:00 - Kedungupit,65.49582
2026-05-05 06:00:00 - Kedungupit,65.276375
2026-05-05 12:00:00 - Kedungupit,64.96481
2026-05-05 18:00:00 - Kedungupit,64.9011
2026-05-06 06:00:00 - Kedungupit,64.90589
2026-05-06 12:00:00 - Kedungupit,65.0162
2026-05-06 18:00:00 - Kedungupit,64.81882
2026-05-07 06:00:00 - Kedungupit,64.85128
2026-05-07 12:00:00 - Kedungupit,64.92764
2026-05-07 18:00:00 - Kedungupit,64.731415
2026-05-08 06:00:00 - Kedungupit,64.78825
2026-05-08 12:00:00 - Kedungupit,64.70146
2026-05-08 18:00:00 - Kedungupit,64.47804
2026-05-09 06:00:00 - Kedungupit,64.753105
2026-05-09 12:00:00 - Kedungupit,64.5775
2026-05-09 18:00:00 - Kedungupit,64.50516
2026-05-10 06:00:00 - Kedungupit,64.510475
2026-05-10 12:00:00 - Kedungupit,64.57299
2026-05-10 18:00:00 - Kedungupit,64.43148
2026-05-11 06:00:00 - Kedungupit,64.344574
2026-05-11 12:00:00 - Kedungupit,64.383484
2026-05-11 18:00:00 - Kedungupit,64.34625
2026-05-12 06:00:00 - Kedungupit,64.47307
2026-05-12 12:00:00 - Kedungupit,64.449875
2026-05-12 18:00:00 - Kedungupit,64.535835
2026-05-13 06:00:00 - Kedungupit,64.37489
2026-05-13 12:00:00 - Kedungupit,64.430885
2026-05-13 18:00:00 - Kedungupit,64.30291
2026-05-14 06:00:00 - Kedungupit,64.325294
2026-05-14 12:00:00 - Kedungupit,64.41886
2026-05-14 18:00:00 - Kedungupit,64.331566
2026-05-15 06:00:00 - Kedungupit,64.4242
2026-05-15 12:00:00 - Kedungupit,64.541084
2026-05-15 18:00:00 - Kedungupit,64.325165
2026-05-16 06:00:00 - Kedungupit,64.87176
2026-05-16 12:00:00 - Kedungupit,65.162224
2026-05-16 18:00:00 - Kedungupit,64.57603
2026-05-17 06:00:00 - Kedungupit,64.585655
2026-05-17 12:00:00 - Kedungupit,64.77015
2026-05-17 18:00:00 - Kedungupit,64.70713
2026-05-18 06:00:00 - Kedungupit,64.45091
2026-05-18 12:00:00 - Kedungupit,64.343636
2026-05-18 18:00:00 - Kedungupit,64.25487
2025-09-19 06:00:00 - Ketonggo,37.06922
2025-09-19 12:00:00 - Ketonggo,37.605694
2025-09-19 18:00:00 - Ketonggo,37.174427
2025-09-20 06:00:00 - Ketonggo,36.268806
2025-09-20 12:00:00 - Ketonggo,36.238823
2025-09-20 18:00:00 - Ketonggo,36.284256
2025-09-21 06:00:00 - Ketonggo,35.994656
2025-09-21 12:00:00 - Ketonggo,36.09935
2025-09-21 18:00:00 - Ketonggo,36.073265
2025-09-22 06:00:00 - Ketonggo,36.278652
2025-09-22 12:00:00 - Ketonggo,36.25042
2025-09-22 18:00:00 - Ketonggo,36.05391
2025-09-23 06:00:00 - Ketonggo,36.065662
2025-09-23 12:00:00 - Ketonggo,36.21799
2025-09-23 18:00:00 - Ketonggo,36.127697
2025-09-24 06:00:00 - Ketonggo,36.04322
2025-09-24 12:00:00 - Ketonggo,35.979214
2025-09-24 18:00:00 - Ketonggo,35.860447
2025-09-25 06:00:00 - Ketonggo,35.945507
2025-09-25 12:00:00 - Ketonggo,35.89908
2025-09-25 18:00:00 - Ketonggo,35.89719
2025-09-26 06:00:00 - Ketonggo,35.930145
2025-09-26 12:00:00 - Ketonggo,35.8889
2025-09-26 18:00:00 - Ketonggo,35.83667
2025-09-27 06:00:00 - Ketonggo,35.898304
2025-09-27 12:00:00 - Ketonggo,35.932724
2025-09-27 18:00:00 - Ketonggo,35.78652
2025-09-28 06:00:00 - Ketonggo,35.85063
2025-09-28 12:00:00 - Ketonggo,35.931427
2025-09-28 18:00:00 - Ketonggo,35.967815
2025-09-29 06:00:00 - Ketonggo,35.90122
2025-09-29 12:00:00 - Ketonggo,35.86839
2025-09-29 18:00:00 - Ketonggo,35.785904
2025-09-30 06:00:00 - Ketonggo,36.012363
2025-09-30 12:00:00 - Ketonggo,36.05103
2025-09-30 18:00:00 - Ketonggo,35.94767
2025-10-01 06:00:00 - Ketonggo,36.74742
2025-10-01 12:00:00 - Ketonggo,36.637337
2025-10-01 18:00:00 - Ketonggo,36.496613
2025-10-02 06:00:00 - Ketonggo,37.577408
2025-10-02 12:00:00 - Ketonggo,37.368782
2025-10-02 18:00:00 - Ketonggo,36.616
2025-10-03 06:00:00 - Ketonggo,36.670506
2025-10-03 12:00:00 - Ketonggo,36.568546
2025-10-03 18:00:00 - Ketonggo,36.702965
2025-10-04 06:00:00 - Ketonggo,36.357094
2025-10-04 12:00:00 - Ketonggo,36.27794
2025-10-04 18:00:00 - Ketonggo,36.08543
2025-10-05 06:00:00 - Ketonggo,36.06259
2025-10-05 12:00:00 - Ketonggo,36.035732
2025-10-05 18:00:00 - Ketonggo,36.106747
2025-10-06 06:00:00 - Ketonggo,35.977135
2025-10-06 12:00:00 - Ketonggo,36.032867
2025-10-06 18:00:00 - Ketonggo,36.013805
2025-10-07 06:00:00 - Ketonggo,35.892746
2025-10-07 12:00:00 - Ketonggo,35.813686
2025-10-07 18:00:00 - Ketonggo,35.710453
2025-10-08 06:00:00 - Ketonggo,35.85346
2025-10-08 12:00:00 - Ketonggo,35.796227
2025-10-08 18:00:00 - Ketonggo,35.82224
2025-10-09 06:00:00 - Ketonggo,35.865974
2025-10-09 12:00:00 - Ketonggo,35.778748
2025-10-09 18:00:00 - Ketonggo,35.80093
2025-10-10 06:00:00 - Ketonggo,35.82896
2025-10-10 12:00:00 - Ketonggo,35.79588
2025-10-10 18:00:00 - Ketonggo,35.86962
2025-10-11 06:00:00 - Ketonggo,35.854866
2025-10-11 12:00:00 - Ketonggo,35.780132
2025-10-11 18:00:00 - Ketonggo,35.56204
2025-10-12 06:00:00 - Ketonggo,35.824364
2025-10-12 12:00:00 - Ketonggo,35.830086
2025-10-12 18:00:00 - Ketonggo,35.79854
2025-10-13 06:00:00 - Ketonggo,35.856453
2025-10-13 12:00:00 - Ketonggo,35.860836
2025-10-13 18:00:00 - Ketonggo,35.80974
2025-10-14 06:00:00 - Ketonggo,35.89658
2025-10-14 12:00:00 - Ketonggo,35.859245
2025-10-14 18:00:00 - Ketonggo,35.84488
2025-10-15 06:00:00 - Ketonggo,35.902832
2025-10-15 12:00:00 - Ketonggo,35.835236
2025-10-15 18:00:00 - Ketonggo,35.922867
2025-10-16 06:00:00 - Ketonggo,36.02688
2025-10-16 12:00:00 - Ketonggo,36.03973
2025-10-16 18:00:00 - Ketonggo,35.925194
2025-10-17 06:00:00 - Ketonggo,35.995884
2025-10-17 12:00:00 - Ketonggo,36.005104
2025-10-17 18:00:00 - Ketonggo,35.87168
2025-10-18 06:00:00 - Ketonggo,35.934986
2025-10-18 12:00:00 - Ketonggo,35.953285
2025-10-18 18:00:00 - Ketonggo,35.865574
2025-10-19 06:00:00 - Ketonggo,35.804646
2025-10-19 12:00:00 - Ketonggo,35.839424
2025-10-19 18:00:00 - Ketonggo,35.868546
2025-10-20 06:00:00 - Ketonggo,35.87985
2025-10-20 12:00:00 - Ketonggo,35.84538
2025-10-20 18:00:00 - Ketonggo,35.825447
2025-10-21 06:00:00 - Ketonggo,36.036133
2025-10-21 12:00:00 - Ketonggo,36.257362
2025-10-21 18:00:00 - Ketonggo,36.438786
2025-10-22 06:00:00 - Ketonggo,38.375942
2025-10-22 12:00:00 - Ketonggo,37.694626
2025-10-22 18:00:00 - Ketonggo,36.503933
2025-10-23 06:00:00 - Ketonggo,39.195198
2025-10-23 12:00:00 - Ketonggo,38.651726
2025-10-23 18:00:00 - Ketonggo,37.723473
2025-10-24 06:00:00 - Ketonggo,38.237648
2025-10-24 12:00:00 - Ketonggo,38.688732
2025-10-24 18:00:00 - Ketonggo,37.582664
2025-10-25 06:00:00 - Ketonggo,39.16432
2025-10-25 12:00:00 - Ketonggo,39.077633
2025-10-25 18:00:00 - Ketonggo,38.509182
2025-10-26 06:00:00 - Ketonggo,38.81944
2025-10-26 12:00:00 - Ketonggo,38.363243
2025-10-26 18:00:00 - Ketonggo,37.909405
2025-10-27 06:00:00 - Ketonggo,39.341984
2025-10-27 12:00:00 - Ketonggo,39.34735
2025-10-27 18:00:00 - Ketonggo,38.426876
2025-10-28 06:00:00 - Ketonggo,39.056534
2025-10-28 12:00:00 - Ketonggo,38.996204
2025-10-28 18:00:00 - Ketonggo,38.680252
2025-10-29 06:00:00 - Ketonggo,39.97354
2025-10-29 12:00:00 - Ketonggo,38.744907
2025-10-29 18:00:00 - Ketonggo,38.59058
2025-10-30 06:00:00 - Ketonggo,38.312515
2025-10-30 12:00:00 - Ketonggo,38.797344
2025-10-30 18:00:00 - Ketonggo,38.31403
2025-10-31 06:00:00 - Ketonggo,38.03052
2025-10-31 12:00:00 - Ketonggo,37.85445
2025-10-31 18:00:00 - Ketonggo,37.430805
2025-11-01 06:00:00 - Ketonggo,38.08902
2025-11-01 12:00:00 - Ketonggo,38.31596
2025-11-01 18:00:00 - Ketonggo,37.94428
2025-11-02 06:00:00 - Ketonggo,38.025467
2025-11-02 12:00:00 - Ketonggo,37.766552
2025-11-02 18:00:00 - Ketonggo,37.813038
2025-11-03 06:00:00 - Ketonggo,37.953712
2025-11-03 12:00:00 - Ketonggo,38.045185
2025-11-03 18:00:00 - Ketonggo,37.64895
2025-11-04 06:00:00 - Ketonggo,38.20308
2025-11-04 12:00:00 - Ketonggo,38.056583
2025-11-04 18:00:00 - Ketonggo,37.91852
2025-11-05 06:00:00 - Ketonggo,37.83627
2025-11-05 12:00:00 - Ketonggo,37.79081
2025-11-05 18:00:00 - Ketonggo,38.00095
2025-11-06 06:00:00 - Ketonggo,39.11636
2025-11-06 12:00:00 - Ketonggo,39.038204
2025-11-06 18:00:00 - Ketonggo,38.3938
2025-11-07 06:00:00 - Ketonggo,38.415806
2025-11-07 12:00:00 - Ketonggo,38.15229
2025-11-07 18:00:00 - Ketonggo,37.673397
2025-11-08 06:00:00 - Ketonggo,38.432568
2025-11-08 12:00:00 - Ketonggo,39.04919
2025-11-08 18:00:00 - Ketonggo,38.30734
2025-11-09 06:00:00 - Ketonggo,38.762924
2025-11-09 12:00:00 - Ketonggo,38.813602
2025-11-09 18:00:00 - Ketonggo,38.666527
2025-11-10 06:00:00 - Ketonggo,39.549545
2025-11-10 12:00:00 - Ketonggo,38.973274
2025-11-10 18:00:00 - Ketonggo,38.740005
2025-11-11 06:00:00 - Ketonggo,39.01942
2025-11-11 12:00:00 - Ketonggo,39.391014
2025-11-11 18:00:00 - Ketonggo,38.82773
2025-11-12 06:00:00 - Ketonggo,40.52593
2025-11-12 12:00:00 - Ketonggo,40.875244
2025-11-12 18:00:00 - Ketonggo,40.563766
2025-11-13 06:00:00 - Ketonggo,40.05746
2025-11-13 12:00:00 - Ketonggo,40.651794
2025-11-13 18:00:00 - Ketonggo,40.265846
2025-11-14 06:00:00 - Ketonggo,39.39228
2025-11-14 12:00:00 - Ketonggo,39.4025
2025-11-14 18:00:00 - Ketonggo,39.20646
2025-11-15 06:00:00 - Ketonggo,39.45031
2025-11-15 12:00:00 - Ketonggo,39.59044
2025-11-15 18:00:00 - Ketonggo,39.40519
2025-11-16 06:00:00 - Ketonggo,38.793823
2025-11-16 12:00:00 - Ketonggo,38.537506
2025-11-16 18:00:00 - Ketonggo,38.487125
2025-11-17 06:00:00 - Ketonggo,38.01275
2025-11-17 12:00:00 - Ketonggo,37.826588
2025-11-17 18:00:00 - Ketonggo,37.8379
2025-11-18 06:00:00 - Ketonggo,38.198013
2025-11-18 12:00:00 - Ketonggo,38.216415
2025-11-18 18:00:00 - Ketonggo,38.04839
2025-11-19 06:00:00 - Ketonggo,39.72548
2025-11-19 12:00:00 - Ketonggo,40.61413
2025-11-19 18:00:00 - Ketonggo,39.7156
2025-11-20 06:00:00 - Ketonggo,39.802322
2025-11-20 12:00:00 - Ketonggo,39.651794
2025-11-20 18:00:00 - Ketonggo,39.501987
2025-11-21 06:00:00 - Ketonggo,39.27921
2025-11-21 12:00:00 - Ketonggo,39.502834
2025-11-21 18:00:00 - Ketonggo,39.133224
2025-11-22 06:00:00 - Ketonggo,40.282757
2025-11-22 12:00:00 - Ketonggo,40.369675
2025-11-22 18:00:00 - Ketonggo,39.520096
2025-11-23 06:00:00 - Ketonggo,38.789154
2025-11-23 12:00:00 - Ketonggo,38.615547
2025-11-23 18:00:00 - Ketonggo,38.743065
2025-11-24 06:00:00 - Ketonggo,39.77193
2025-11-24 12:00:00 - Ketonggo,40.068626
2025-11-24 18:00:00 - Ketonggo,39.329205
2025-11-25 06:00:00 - Ketonggo,38.663208
2025-11-25 12:00:00 - Ketonggo,38.157234
2025-11-25 18:00:00 - Ketonggo,37.964825
2025-11-26 06:00:00 - Ketonggo,37.32069
2025-11-26 12:00:00 - Ketonggo,37.436142
2025-11-26 18:00:00 - Ketonggo,37.453487
2025-11-27 06:00:00 - Ketonggo,37.188503
2025-11-27 12:00:00 - Ketonggo,37.207672
2025-11-27 18:00:00 - Ketonggo,37.21485
2025-11-28 06:00:00 - Ketonggo,37.47795
2025-11-28 12:00:00 - Ketonggo,37.31656
2025-11-28 18:00:00 - Ketonggo,37.279377
2025-11-29 06:00:00 - Ketonggo,37.112946
2025-11-29 12:00:00 - Ketonggo,36.96345
2025-11-29 18:00:00 - Ketonggo,40.62681
2025-11-30 06:00:00 - Ketonggo,46.098427
2025-11-30 12:00:00 - Ketonggo,46.142315
2025-11-30 18:00:00 - Ketonggo,40.559097
2025-12-01 06:00:00 - Ketonggo,45.94377
2025-12-01 12:00:00 - Ketonggo,46.434765
2025-12-01 18:00:00 - Ketonggo,40.709557
2025-12-02 06:00:00 - Ketonggo,37.79711
2025-12-02 12:00:00 - Ketonggo,37.751873
2025-12-02 18:00:00 - Ketonggo,43.937817
2025-12-03 06:00:00 - Ketonggo,37.863705
2025-12-03 12:00:00 - Ketonggo,37.7918
2025-12-03 18:00:00 - Ketonggo,37.96728
2025-12-04 06:00:00 - Ketonggo,37.531906
2025-12-04 12:00:00 - Ketonggo,37.592834
2025-12-04 18:00:00 - Ketonggo,38.048763
2025-12-05 06:00:00 - Ketonggo,38.459785
2025-12-05 12:00:00 - Ketonggo,38.252243
2025-12-05 18:00:00 - Ketonggo,37.787113
2025-12-06 06:00:00 - Ketonggo,37.724373
2025-12-06 12:00:00 - Ketonggo,38.05015
2025-12-06 18:00:00 - Ketonggo,37.98872
2025-12-07 06:00:00 - Ketonggo,38.03963
2025-12-07 12:00:00 - Ketonggo,38.19207
2025-12-07 18:00:00 - Ketonggo,38.266857
2025-12-08 06:00:00 - Ketonggo,37.68457
2025-12-08 12:00:00 - Ketonggo,37.81569
2025-12-08 18:00:00 - Ketonggo,37.558147
2025-12-09 06:00:00 - Ketonggo,37.524136
2025-12-09 12:00:00 - Ketonggo,37.670307
2025-12-09 18:00:00 - Ketonggo,37.952652
2025-12-10 06:00:00 - Ketonggo,37.76186
2025-12-10 12:00:00 - Ketonggo,38.069496
2025-12-10 18:00:00 - Ketonggo,37.68203
2025-12-11 06:00:00 - Ketonggo,38.30645
2025-12-11 12:00:00 - Ketonggo,38.344173
2025-12-11 18:00:00 - Ketonggo,37.653557
2025-12-12 06:00:00 - Ketonggo,37.0402
2025-12-12 12:00:00 - Ketonggo,37.146763
2025-12-12 18:00:00 - Ketonggo,37.07301
2025-12-13 06:00:00 - Ketonggo,37.273045
2025-12-13 12:00:00 - Ketonggo,37.16361
2025-12-13 18:00:00 - Ketonggo,37.407288
2025-12-14 06:00:00 - Ketonggo,37.763916
2025-12-14 12:00:00 - Ketonggo,37.819675
2025-12-14 18:00:00 - Ketonggo,37.5811
2025-12-15 06:00:00 - Ketonggo,37.79286
2025-12-15 12:00:00 - Ketonggo,37.547478
2025-12-15 18:00:00 - Ketonggo,37.463905
2025-12-16 06:00:00 - Ketonggo,37.13621
2025-12-16 12:00:00 - Ketonggo,36.924488
2025-12-16 18:00:00 - Ketonggo,36.509453
2025-12-17 06:00:00 - Ketonggo,37.356033
2025-12-17 12:00:00 - Ketonggo,37.19581
2025-12-17 18:00:00 - Ketonggo,37.62053
2025-12-18 06:00:00 - Ketonggo,37.35431
2025-12-18 12:00:00 - Ketonggo,37.078827
2025-12-18 18:00:00 - Ketonggo,37.943783
2025-12-19 06:00:00 - Ketonggo,38.518375
2025-12-19 12:00:00 - Ketonggo,38.23807
2025-12-19 18:00:00 - Ketonggo,38.16479
2025-12-20 06:00:00 - Ketonggo,37.736115
2025-12-20 12:00:00 - Ketonggo,37.7528
2025-12-20 18:00:00 - Ketonggo,37.60466
2025-12-21 06:00:00 - Ketonggo,38.529545
2025-12-21 12:00:00 - Ketonggo,38.313484
2025-12-21 18:00:00 - Ketonggo,37.61834
2025-12-22 06:00:00 - Ketonggo,38.65647
2025-12-22 12:00:00 - Ketonggo,38.373245
2025-12-22 18:00:00 - Ketonggo,38.473755
2025-12-23 06:00:00 - Ketonggo,38.36817
2025-12-23 12:00:00 - Ketonggo,38.758347
2025-12-23 18:00:00 - Ketonggo,38.188545
2025-12-24 06:00:00 - Ketonggo,38.1709
2025-12-24 12:00:00 - Ketonggo,38.013214
2025-12-24 18:00:00 - Ketonggo,37.925762
2025-12-25 06:00:00 - Ketonggo,38.599697
2025-12-25 12:00:00 - Ketonggo,38.842976
2025-12-25 18:00:00 - Ketonggo,38.56393
2025-12-26 06:00:00 - Ketonggo,38.544827
2025-12-26 12:00:00 - Ketonggo,38.26957
2025-12-26 18:00:00 - Ketonggo,38.078056
2025-12-27 06:00:00 - Ketonggo,38.899586
2025-12-27 12:00:00 - Ketonggo,38.393078
2025-12-27 18:00:00 - Ketonggo,38.340347
2025-12-28 06:00:00 - Ketonggo,37.18367
2025-12-28 12:00:00 - Ketonggo,37.13593
2025-12-28 18:00:00 - Ketonggo,37.314915
2025-12-29 06:00:00 - Ketonggo,37.27022
2025-12-29 12:00:00 - Ketonggo,37.581306
2025-12-29 18:00:00 - Ketonggo,37.588097
2025-12-30 06:00:00 - Ketonggo,36.941406
2025-12-30 12:00:00 - Ketonggo,37.023426
2025-12-30 18:00:00 - Ketonggo,37.421185
2025-12-31 06:00:00 - Ketonggo,37.994595
2025-12-31 12:00:00 - Ketonggo,37.88489
2025-12-31 18:00:00 - Ketonggo,38.596695
2026-01-01 06:00:00 - Ketonggo,37.761898
2026-01-01 12:00:00 - Ketonggo,37.66842
2026-01-01 18:00:00 - Ketonggo,37.589935
2026-01-02 06:00:00 - Ketonggo,38.69716
2026-01-02 12:00:00 - Ketonggo,38.780754
2026-01-02 18:00:00 - Ketonggo,38.094048
2026-01-03 06:00:00 - Ketonggo,37.95363
2026-01-03 12:00:00 - Ketonggo,39.085022
2026-01-03 18:00:00 - Ketonggo,38.610653
2026-01-04 06:00:00 - Ketonggo,38.310345
2026-01-04 12:00:00 - Ketonggo,38.740837
2026-01-04 18:00:00 - Ketonggo,38.17674
2026-01-05 06:00:00 - Ketonggo,38.897762
2026-01-05 12:00:00 - Ketonggo,38.64748
2026-01-05 18:00:00 - Ketonggo,38.569546
2026-01-06 06:00:00 - Ketonggo,38.258022
2026-01-06 12:00:00 - Ketonggo,38.164604
2026-01-06 18:00:00 - Ketonggo,37.550365
2026-01-07 06:00:00 - Ketonggo,37.450695
2026-01-07 12:00:00 - Ketonggo,37.354465
2026-01-07 18:00:00 - Ketonggo,37.141953
2026-01-08 06:00:00 - Ketonggo,37.43467
2026-01-08 12:00:00 - Ketonggo,37.202473
2026-01-08 18:00:00 - Ketonggo,37.005527
2026-01-09 06:00:00 - Ketonggo,37.575283
2026-01-09 12:00:00 - Ketonggo,37.961994
2026-01-09 18:00:00 - Ketonggo,37.58934
2026-01-10 06:00:00 - Ketonggo,38.62021
2026-01-10 12:00:00 - Ketonggo,38.75977
2026-01-10 18:00:00 - Ketonggo,37.8227
2026-01-11 06:00:00 - Ketonggo,38.62718
2026-01-11 12:00:00 - Ketonggo,38.632805
2026-01-11 18:00:00 - Ketonggo,37.84813
2026-01-12 06:00:00 - Ketonggo,39.217083
2026-01-12 12:00:00 - Ketonggo,39.330105
2026-01-12 18:00:00 - Ketonggo,39.009033
2026-01-13 06:00:00 - Ketonggo,38.40178
2026-01-13 12:00:00 - Ketonggo,38.078594
2026-01-13 18:00:00 - Ketonggo,38.05041
2026-01-14 06:00:00 - Ketonggo,38.838882
2026-01-14 12:00:00 - Ketonggo,39.017353
2026-01-14 18:00:00 - Ketonggo,38.84609
2026-01-15 06:00:00 - Ketonggo,39.11603
2026-01-15 12:00:00 - Ketonggo,39.28304
2026-01-15 18:00:00 - Ketonggo,38.4905
2026-01-16 06:00:00 - Ketonggo,38.939857
2026-01-16 12:00:00 - Ketonggo,39.097866
2026-01-16 18:00:00 - Ketonggo,38.7649
2026-01-17 06:00:00 - Ketonggo,38.20851
2026-01-17 12:00:00 - Ketonggo,37.968227
2026-01-17 18:00:00 - Ketonggo,37.850777
2026-01-18 06:00:00 - Ketonggo,39.18362
2026-01-18 12:00:00 - Ketonggo,40.740498
2026-01-18 18:00:00 - Ketonggo,40.1687
2026-01-19 06:00:00 - Ketonggo,38.920483
2026-01-19 12:00:00 - Ketonggo,39.525887
2026-01-19 18:00:00 - Ketonggo,39.237686
2026-01-20 06:00:00 - Ketonggo,39.7043
2026-01-20 12:00:00 - Ketonggo,39.874763
2026-01-20 18:00:00 - Ketonggo,39.338867
2026-01-21 06:00:00 - Ketonggo,39.098263
2026-01-21 12:00:00 - Ketonggo,39.59091
2026-01-21 18:00:00 - Ketonggo,38.48651
2026-01-22 06:00:00 - Ketonggo,38.229053
2026-01-22 12:00:00 - Ketonggo,38.02433
2026-01-22 18:00:00 - Ketonggo,38.199017
2026-01-23 06:00:00 - Ketonggo,38.20029
2026-01-23 12:00:00 - Ketonggo,38.45386
2026-01-23 18:00:00 - Ketonggo,38.960835
2026-01-24 06:00:00 - Ketonggo,39.085346
2026-01-24 12:00:00 - Ketonggo,39.573532
2026-01-24 18:00:00 - Ketonggo,38.55395
2026-01-25 06:00:00 - Ketonggo,37.694717
2026-01-25 12:00:00 - Ketonggo,37.85017
2026-01-25 18:00:00 - Ketonggo,37.895832
2026-01-26 06:00:00 - Ketonggo,37.762596
2026-01-26 12:00:00 - Ketonggo,37.7756
2026-01-26 18:00:00 - Ketonggo,37.665787
2026-01-27 06:00:00 - Ketonggo,38.020863
2026-01-27 12:00:00 - Ketonggo,37.885303
2026-01-27 18:00:00 - Ketonggo,38.263557
2026-01-28 06:00:00 - Ketonggo,39.351547
2026-01-28 12:00:00 - Ketonggo,39.737984
2026-01-28 18:00:00 - Ketonggo,39.418297
2026-01-29 06:00:00 - Ketonggo,39.8511
2026-01-29 12:00:00 - Ketonggo,39.960007
2026-01-29 18:00:00 - Ketonggo,39.66561
2026-01-30 06:00:00 - Ketonggo,38.780876
2026-01-30 12:00:00 - Ketonggo,38.86837
2026-01-30 18:00:00 - Ketonggo,38.175518
2026-01-31 06:00:00 - Ketonggo,37.846058
2026-01-31 12:00:00 - Ketonggo,38.6623
2026-01-31 18:00:00 - Ketonggo,38.14437
2026-02-01 06:00:00 - Ketonggo,38.342346
2026-02-01 12:00:00 - Ketonggo,38.27765
2026-02-01 18:00:00 - Ketonggo,38.02603
2026-02-02 06:00:00 - Ketonggo,38.487766
2026-02-02 12:00:00 - Ketonggo,38.910267
2026-02-02 18:00:00 - Ketonggo,38.38825
2026-02-03 06:00:00 - Ketonggo,39.25837
2026-02-03 12:00:00 - Ketonggo,39.70467
2026-02-03 18:00:00 - Ketonggo,39.01753
2026-02-04 06:00:00 - Ketonggo,39.103313
2026-02-04 12:00:00 - Ketonggo,39.42418
2026-02-04 18:00:00 - Ketonggo,39.06854
2026-02-05 06:00:00 - Ketonggo,39.309284
2026-02-05 12:00:00 - Ketonggo,39.421246
2026-02-05 18:00:00 - Ketonggo,38.951336
2026-02-06 06:00:00 - Ketonggo,38.14258
2026-02-06 12:00:00 - Ketonggo,38.35663
2026-02-06 18:00:00 - Ketonggo,37.876263
2026-02-07 06:00:00 - Ketonggo,37.71354
2026-02-07 12:00:00 - Ketonggo,38.19998
2026-02-07 18:00:00 - Ketonggo,38.4592
2026-02-08 06:00:00 - Ketonggo,38.468807
2026-02-08 12:00:00 - Ketonggo,38.94383
2026-02-08 18:00:00 - Ketonggo,38.77574
2026-02-09 06:00:00 - Ketonggo,38.663555
2026-02-09 12:00:00 - Ketonggo,38.892113
2026-02-09 18:00:00 - Ketonggo,39.106525
2026-02-10 06:00:00 - Ketonggo,38.68147
2026-02-10 12:00:00 - Ketonggo,38.745487
2026-02-10 18:00:00 - Ketonggo,38.64433
2026-02-11 06:00:00 - Ketonggo,39.36554
2026-02-11 12:00:00 - Ketonggo,39.759766
2026-02-11 18:00:00 - Ketonggo,39.297226
2026-02-12 06:00:00 - Ketonggo,39.00003
2026-02-12 12:00:00 - Ketonggo,39.657448
2026-02-12 18:00:00 - Ketonggo,39.1261
2026-02-13 06:00:00 - Ketonggo,39.672413
2026-02-13 12:00:00 - Ketonggo,40.570354
2026-02-13 18:00:00 - Ketonggo,39.987907
2026-02-14 06:00:00 - Ketonggo,39.379642
2026-02-14 12:00:00 - Ketonggo,40.2203
2026-02-14 18:00:00 - Ketonggo,39.32267
2026-02-15 06:00:00 - Ketonggo,39.32375
2026-02-15 12:00:00 - Ketonggo,40.505096
2026-02-15 18:00:00 - Ketonggo,39.545353
2026-02-16 06:00:00 - Ketonggo,39.240635
2026-02-16 12:00:00 - Ketonggo,39.397743
2026-02-16 18:00:00 - Ketonggo,39.84361
2026-02-17 06:00:00 - Ketonggo,38.94988
2026-02-17 12:00:00 - Ketonggo,39.28313
2026-02-17 18:00:00 - Ketonggo,39.104237
2026-02-18 06:00:00 - Ketonggo,39.565346
2026-02-18 12:00:00 - Ketonggo,39.53493
2026-02-18 18:00:00 - Ketonggo,38.867554
2026-02-19 06:00:00 - Ketonggo,39.895317
2026-02-19 12:00:00 - Ketonggo,39.80729
2026-02-19 18:00:00 - Ketonggo,39.627506
2026-02-20 06:00:00 - Ketonggo,40.171894
2026-02-20 12:00:00 - Ketonggo,39.98301
2026-02-20 18:00:00 - Ketonggo,39.520363
2026-02-21 06:00:00 - Ketonggo,38.688923
2026-02-21 12:00:00 - Ketonggo,38.976833
2026-02-21 18:00:00 - Ketonggo,38.514675
2026-02-22 06:00:00 - Ketonggo,39.48246
2026-02-22 12:00:00 - Ketonggo,39.53095
2026-02-22 18:00:00 - Ketonggo,39.6766
2026-02-23 06:00:00 - Ketonggo,39.98429
2026-02-23 12:00:00 - Ketonggo,40.722763
2026-02-23 18:00:00 - Ketonggo,40.68385
2026-02-24 06:00:00 - Ketonggo,40.105724
2026-02-24 12:00:00 - Ketonggo,40.511555
2026-02-24 18:00:00 - Ketonggo,40.585003
2026-02-25 06:00:00 - Ketonggo,39.125214
2026-02-25 12:00:00 - Ketonggo,38.780212
2026-02-25 18:00:00 - Ketonggo,38.446766
2026-02-26 06:00:00 - Ketonggo,38.145374
2026-02-26 12:00:00 - Ketonggo,38.3076
2026-02-26 18:00:00 - Ketonggo,37.857445
2026-02-27 06:00:00 - Ketonggo,37.798206
2026-02-27 12:00:00 - Ketonggo,37.738346
2026-02-27 18:00:00 - Ketonggo,37.699734
2026-02-28 06:00:00 - Ketonggo,37.331837
2026-02-28 12:00:00 - Ketonggo,37.832542
2026-02-28 18:00:00 - Ketonggo,37.9742
2026-03-01 06:00:00 - Ketonggo,38.83842
2026-03-01 12:00:00 - Ketonggo,39.334793
2026-03-01 18:00:00 - Ketonggo,38.79493
2026-03-02 06:00:00 - Ketonggo,38.919304
2026-03-02 12:00:00 - Ketonggo,38.524216
2026-03-02 18:00:00 - Ketonggo,38.642567
2026-03-03 06:00:00 - Ketonggo,39.64438
2026-03-03 12:00:00 - Ketonggo,40.195362
2026-03-03 18:00:00 - Ketonggo,39.634434
2026-03-04 06:00:00 - Ketonggo,40.77357
2026-03-04 12:00:00 - Ketonggo,41.031853
2026-03-04 18:00:00 - Ketonggo,40.158382
2026-03-05 06:00:00 - Ketonggo,39.37656
2026-03-05 12:00:00 - Ketonggo,39.603878
2026-03-05 18:00:00 - Ketonggo,39.46832
2026-03-06 06:00:00 - Ketonggo,39.327217
2026-03-06 12:00:00 - Ketonggo,39.273483
2026-03-06 18:00:00 - Ketonggo,38.525726
2026-03-07 06:00:00 - Ketonggo,38.182354
2026-03-07 12:00:00 - Ketonggo,38.477596
2026-03-07 18:00:00 - Ketonggo,38.508358
2026-03-08 06:00:00 - Ketonggo,38.812565
2026-03-08 12:00:00 - Ketonggo,39.733
2026-03-08 18:00:00 - Ketonggo,39.490402
2026-03-09 06:00:00 - Ketonggo,39.705204
2026-03-09 12:00:00 - Ketonggo,39.502426
2026-03-09 18:00:00 - Ketonggo,39.480583
2026-03-10 06:00:00 - Ketonggo,39.441147
2026-03-10 12:00:00 - Ketonggo,39.590584
2026-03-10 18:00:00 - Ketonggo,38.39696
2026-03-11 06:00:00 - Ketonggo,38.149387
2026-03-11 12:00:00 - Ketonggo,38.353313
2026-03-11 18:00:00 - Ketonggo,38.030235
2026-03-12 06:00:00 - Ketonggo,37.837936
2026-03-12 12:00:00 - Ketonggo,37.789215
2026-03-12 18:00:00 - Ketonggo,37.83644
2026-03-13 06:00:00 - Ketonggo,37.89452
2026-03-13 12:00:00 - Ketonggo,37.855965
2026-03-13 18:00:00 - Ketonggo,37.884087
2026-03-14 06:00:00 - Ketonggo,37.755795
2026-03-14 12:00:00 - Ketonggo,37.790203
2026-03-14 18:00:00 - Ketonggo,37.800888
2026-03-15 06:00:00 - Ketonggo,37.839993
2026-03-15 12:00:00 - Ketonggo,37.800804
2026-03-15 18:00:00 - Ketonggo,37.803677
2026-03-16 06:00:00 - Ketonggo,37.846996
2026-03-16 12:00:00 - Ketonggo,38.022865
2026-03-16 18:00:00 - Ketonggo,38.31602
2026-03-17 06:00:00 - Ketonggo,38.719883
2026-03-17 12:00:00 - Ketonggo,38.717083
2026-03-17 18:00:00 - Ketonggo,38.039555
2026-03-18 06:00:00 - Ketonggo,38.361866
2026-03-18 12:00:00 - Ketonggo,38.35764
2026-03-18 18:00:00 - Ketonggo,37.410793
2026-03-19 06:00:00 - Ketonggo,37.92159
2026-03-19 12:00:00 - Ketonggo,37.97542
2026-03-19 18:00:00 - Ketonggo,37.94853
2026-03-20 06:00:00 - Ketonggo,37.639774
2026-03-20 12:00:00 - Ketonggo,38.323414
2026-03-20 18:00:00 - Ketonggo,38.07407
2026-03-21 06:00:00 - Ketonggo,37.99481
2026-03-21 12:00:00 - Ketonggo,38.042492
2026-03-21 18:00:00 - Ketonggo,37.983955
2026-03-22 06:00:00 - Ketonggo,37.9569
2026-03-22 12:00:00 - Ketonggo,39.22257
2026-03-22 18:00:00 - Ketonggo,38.614643
2026-03-23 06:00:00 - Ketonggo,38.140247
2026-03-23 12:00:00 - Ketonggo,37.690765
2026-03-23 18:00:00 - Ketonggo,37.727528
2026-03-24 06:00:00 - Ketonggo,37.33993
2026-03-24 12:00:00 - Ketonggo,37.97791
2026-03-24 18:00:00 - Ketonggo,37.882305
2026-03-25 06:00:00 - Ketonggo,38.03141
2026-03-25 12:00:00 - Ketonggo,38.353348
2026-03-25 18:00:00 - Ketonggo,38.0562
2026-03-26 06:00:00 - Ketonggo,38.19258
2026-03-26 12:00:00 - Ketonggo,38.329258
2026-03-26 18:00:00 - Ketonggo,38.279613
2026-03-27 06:00:00 - Ketonggo,38.54481
2026-03-27 12:00:00 - Ketonggo,39.16236
2026-03-27 18:00:00 - Ketonggo,39.466827
2026-03-28 06:00:00 - Ketonggo,39.363377
2026-03-28 12:00:00 - Ketonggo,39.508217
2026-03-28 18:00:00 - Ketonggo,38.527016
2026-03-29 06:00:00 - Ketonggo,40.49694
2026-03-29 12:00:00 - Ketonggo,41.124077
2026-03-29 18:00:00 - Ketonggo,40.1856
2026-03-30 06:00:00 - Ketonggo,39.658207
2026-03-30 12:00:00 - Ketonggo,40.524456
2026-03-30 18:00:00 - Ketonggo,39.686077
2026-03-31 06:00:00 - Ketonggo,40.350136
2026-03-31 12:00:00 - Ketonggo,40.071262
2026-03-31 18:00:00 - Ketonggo,39.597923
2026-04-01 06:00:00 - Ketonggo,39.440094
2026-04-01 12:00:00 - Ketonggo,39.350246
2026-04-01 18:00:00 - Ketonggo,38.755043
2026-04-02 06:00:00 - Ketonggo,38.420914
2026-04-02 12:00:00 - Ketonggo,38.20445
2026-04-02 18:00:00 - Ketonggo,38.466267
2026-04-03 06:00:00 - Ketonggo,39.153717
2026-04-03 12:00:00 - Ketonggo,39.723495
2026-04-03 18:00:00 - Ketonggo,39.33514
2026-04-04 06:00:00 - Ketonggo,39.503193
2026-04-04 12:00:00 - Ketonggo,39.718475
2026-04-04 18:00:00 - Ketonggo,39.44655
2026-04-05 06:00:00 - Ketonggo,38.96945
2026-04-05 12:00:00 - Ketonggo,38.778885
2026-04-05 18:00:00 - Ketonggo,38.906178
2026-04-06 06:00:00 - Ketonggo,38.153145
2026-04-06 12:00:00 - Ketonggo,38.301758
2026-04-06 18:00:00 - Ketonggo,38.06678
2026-04-07 06:00:00 - Ketonggo,38.24345
2026-04-07 12:00:00 - Ketonggo,38.04602
2026-04-07 18:00:00 - Ketonggo,37.901814
2026-04-08 06:00:00 - Ketonggo,37.976124
2026-04-08 12:00:00 - Ketonggo,38.766075
2026-04-08 18:00:00 - Ketonggo,38.92262
2026-04-09 06:00:00 - Ketonggo,38.771847
2026-04-09 12:00:00 - Ketonggo,39.177204
2026-04-09 18:00:00 - Ketonggo,38.872787
2026-04-10 06:00:00 - Ketonggo,39.632637
2026-04-10 12:00:00 - Ketonggo,40.054283
2026-04-10 18:00:00 - Ketonggo,39.31573
2026-04-11 06:00:00 - Ketonggo,40.198948
2026-04-11 12:00:00 - Ketonggo,40.022774
2026-04-11 18:00:00 - Ketonggo,39.48046
2026-04-12 06:00:00 - Ketonggo,39.458347
2026-04-12 12:00:00 - Ketonggo,40.33614
2026-04-12 18:00:00 - Ketonggo,39.62425
2026-04-13 06:00:00 - Ketonggo,39.15041
2026-04-13 12:00:00 - Ketonggo,39.106567
2026-04-13 18:00:00 - Ketonggo,38.536682
2026-04-14 06:00:00 - Ketonggo,37.47729
2026-04-14 12:00:00 - Ketonggo,37.605503
2026-04-14 18:00:00 - Ketonggo,37.62172
2026-04-15 06:00:00 - Ketonggo,36.78694
2026-04-15 12:00:00 - Ketonggo,37.013355
2026-04-15 18:00:00 - Ketonggo,37.000378
2026-04-16 06:00:00 - Ketonggo,36.93173
2026-04-16 12:00:00 - Ketonggo,37.00591
2026-04-16 18:00:00 - Ketonggo,36.94226
2026-04-17 06:00:00 - Ketonggo,36.964684
2026-04-17 12:00:00 - Ketonggo,36.95087
2026-04-17 18:00:00 - Ketonggo,36.8682
2026-04-18 06:00:00 - Ketonggo,36.907818
2026-04-18 12:00:00 - Ketonggo,36.742805
2026-04-18 18:00:00 - Ketonggo,36.497837
2026-04-19 06:00:00 - Ketonggo,36.568485
2026-04-19 12:00:00 - Ketonggo,36.68598
2026-04-19 18:00:00 - Ketonggo,36.39908
2026-04-20 06:00:00 - Ketonggo,36.629578
2026-04-20 12:00:00 - Ketonggo,36.687042
2026-04-20 18:00:00 - Ketonggo,36.51148
2026-04-21 06:00:00 - Ketonggo,36.740154
2026-04-21 12:00:00 - Ketonggo,36.6923
2026-04-21 18:00:00 - Ketonggo,36.766907
2026-04-22 06:00:00 - Ketonggo,37.10084
2026-04-22 12:00:00 - Ketonggo,37.5207
2026-04-22 18:00:00 - Ketonggo,37.001183
2026-04-23 06:00:00 - Ketonggo,37.541534
2026-04-23 12:00:00 - Ketonggo,37.673775
2026-04-23 18:00:00 - Ketonggo,37.77951
2026-04-24 06:00:00 - Ketonggo,36.949047
2026-04-24 12:00:00 - Ketonggo,36.95074
2026-04-24 18:00:00 - Ketonggo,37.10892
2026-04-25 06:00:00 - Ketonggo,36.860218
2026-04-25 12:00:00 - Ketonggo,37.023994
2026-04-25 18:00:00 - Ketonggo,37.04414
2026-04-26 06:00:00 - Ketonggo,37.687904
2026-04-26 12:00:00 - Ketonggo,37.670967
2026-04-26 18:00:00 - Ketonggo,37.58718
2026-04-27 06:00:00 - Ketonggo,37.360004
2026-04-27 12:00:00 - Ketonggo,38.101913
2026-04-27 18:00:00 - Ketonggo,37.749817
2026-04-28 06:00:00 - Ketonggo,38.05258
2026-04-28 12:00:00 - Ketonggo,37.88501
2026-04-28 18:00:00 - Ketonggo,37.664
2026-04-29 06:00:00 - Ketonggo,37.24821
2026-04-29 12:00:00 - Ketonggo,37.495697
2026-04-29 18:00:00 - Ketonggo,37.838135
2026-04-30 06:00:00 - Ketonggo,38.549774
2026-04-30 12:00:00 - Ketonggo,38.33304
2026-04-30 18:00:00 - Ketonggo,37.985035
2026-05-01 06:00:00 - Ketonggo,39.817238
2026-05-01 12:00:00 - Ketonggo,40.320892
2026-05-01 18:00:00 - Ketonggo,39.158085
2026-05-02 06:00:00 - Ketonggo,38.650017
2026-05-02 12:00:00 - Ketonggo,37.979687
2026-05-02 18:00:00 - Ketonggo,38.010647
2026-05-03 06:00:00 - Ketonggo,37.28633
2026-05-03 12:00:00 - Ketonggo,37.394905
2026-05-03 18:00:00 - Ketonggo,37.604332
2026-05-04 06:00:00 - Ketonggo,38.243397
2026-05-04 12:00:00 - Ketonggo,38.680653
2026-05-04 18:00:00 - Ketonggo,38.512165
2026-05-05 06:00:00 - Ketonggo,37.880703
2026-05-05 12:00:00 - Ketonggo,38.109474
2026-05-05 18:00:00 - Ketonggo,38.146286
2026-05-06 06:00:00 - Ketonggo,37.44543
2026-05-06 12:00:00 - Ketonggo,37.65037
2026-05-06 18:00:00 - Ketonggo,37.51926
2026-05-07 06:00:00 - Ketonggo,37.403717
2026-05-07 12:00:00 - Ketonggo,37.481766
2026-05-07 18:00:00 - Ketonggo,37.418808
2026-05-08 06:00:00 - Ketonggo,37.313038
2026-05-08 12:00:00 - Ketonggo,37.215996
2026-05-08 18:00:00 - Ketonggo,37.2818
2026-05-09 06:00:00 - Ketonggo,37.199394
2026-05-09 12:00:00 - Ketonggo,37.222473
2026-05-09 18:00:00 - Ketonggo,37.2254
2026-05-10 06:00:00 - Ketonggo,37.0914
2026-05-10 12:00:00 - Ketonggo,37.093323
2026-05-10 18:00:00 - Ketonggo,37.073883
2026-05-11 06:00:00 - Ketonggo,37.05488
2026-05-11 12:00:00 - Ketonggo,36.983208
2026-05-11 18:00:00 - Ketonggo,36.956482
2026-05-12 06:00:00 - Ketonggo,37.007008
2026-05-12 12:00:00 - Ketonggo,37.028706
2026-05-12 18:00:00 - Ketonggo,37.024075
2026-05-13 06:00:00 - Ketonggo,36.70618
2026-05-13 12:00:00 - Ketonggo,36.773586
2026-05-13 18:00:00 - Ketonggo,36.85687
2026-05-14 06:00:00 - Ketonggo,36.72916
2026-05-14 12:00:00 - Ketonggo,36.760338
2026-05-14 18:00:00 - Ketonggo,36.75313
2026-05-15 06:00:00 - Ketonggo,36.75944
2026-05-15 12:00:00 - Ketonggo,36.78176
2026-05-15 18:00:00 - Ketonggo,36.98547
2026-05-16 06:00:00 - Ketonggo,37.159805
2026-05-16 12:00:00 - Ketonggo,37.611256
2026-05-16 18:00:00 - Ketonggo,37.40719
2026-05-17 06:00:00 - Ketonggo,37.03387
2026-05-17 12:00:00 - Ketonggo,37.007572
2026-05-17 18:00:00 - Ketonggo,37.082497
2026-05-18 06:00:00 - Ketonggo,36.84027
2026-05-18 12:00:00 - Ketonggo,36.726093
2026-05-18 18:00:00 - Ketonggo,36.604748
2025-09-19 06:00:00 - Lorog,12.769791
2025-09-19 12:00:00 - Lorog,12.764906
2025-09-19 18:00:00 - Lorog,12.804199
2025-09-20 06:00:00 - Lorog,12.771366
2025-09-20 12:00:00 - Lorog,12.7884245
2025-09-20 18:00:00 - Lorog,12.805783
2025-09-21 06:00:00 - Lorog,12.806342
2025-09-21 12:00:00 - Lorog,12.785758
2025-09-21 18:00:00 - Lorog,12.7994995
2025-09-22 06:00:00 - Lorog,12.734865
2025-09-22 12:00:00 - Lorog,12.819105
2025-09-22 18:00:00 - Lorog,12.78973
2025-09-23 06:00:00 - Lorog,12.827324
2025-09-23 12:00:00 - Lorog,12.808659
2025-09-23 18:00:00 - Lorog,12.818037
2025-09-24 06:00:00 - Lorog,12.808632
2025-09-24 12:00:00 - Lorog,12.810291
2025-09-24 18:00:00 - Lorog,12.769277
2025-09-25 06:00:00 - Lorog,12.834576
2025-09-25 12:00:00 - Lorog,12.840378
2025-09-25 18:00:00 - Lorog,12.792749
2025-09-26 06:00:00 - Lorog,12.80203
2025-09-26 12:00:00 - Lorog,12.744915
2025-09-26 18:00:00 - Lorog,12.7536335
2025-09-27 06:00:00 - Lorog,12.811041
2025-09-27 12:00:00 - Lorog,12.816415
2025-09-27 18:00:00 - Lorog,12.829569
2025-09-28 06:00:00 - Lorog,12.859722
2025-09-28 12:00:00 - Lorog,12.781308
2025-09-28 18:00:00 - Lorog,12.748732
2025-09-29 06:00:00 - Lorog,12.763531
2025-09-29 12:00:00 - Lorog,12.773245
2025-09-29 18:00:00 - Lorog,12.805626
2025-09-30 06:00:00 - Lorog,12.821637
2025-09-30 12:00:00 - Lorog,12.759757
2025-09-30 18:00:00 - Lorog,12.744557
2025-10-01 06:00:00 - Lorog,12.814171
2025-10-01 12:00:00 - Lorog,12.755889
2025-10-01 18:00:00 - Lorog,12.8908415
2025-10-02 06:00:00 - Lorog,12.982136
2025-10-02 12:00:00 - Lorog,12.895567
2025-10-02 18:00:00 - Lorog,12.934008
2025-10-03 06:00:00 - Lorog,12.911257
2025-10-03 12:00:00 - Lorog,12.852098
2025-10-03 18:00:00 - Lorog,12.886861
2025-10-04 06:00:00 - Lorog,12.845907
2025-10-04 12:00:00 - Lorog,12.8185005
2025-10-04 18:00:00 - Lorog,12.865924
2025-10-05 06:00:00 - Lorog,12.84459
2025-10-05 12:00:00 - Lorog,12.809795
2025-10-05 18:00:00 - Lorog,12.800693
2025-10-06 06:00:00 - Lorog,12.744479
2025-10-06 12:00:00 - Lorog,12.823594
2025-10-06 18:00:00 - Lorog,12.810331
2025-10-07 06:00:00 - Lorog,12.737164
2025-10-07 12:00:00 - Lorog,12.798168
2025-10-07 18:00:00 - Lorog,12.837449
2025-10-08 06:00:00 - Lorog,12.840294
2025-10-08 12:00:00 - Lorog,12.797382
2025-10-08 18:00:00 - Lorog,12.873626
2025-10-09 06:00:00 - Lorog,12.809498
2025-10-09 12:00:00 - Lorog,12.829145
2025-10-09 18:00:00 - Lorog,12.835648
2025-10-10 06:00:00 - Lorog,12.807998
2025-10-10 12:00:00 - Lorog,12.7944355
2025-10-10 18:00:00 - Lorog,12.840618
2025-10-11 06:00:00 - Lorog,12.859443
2025-10-11 12:00:00 - Lorog,12.751473
2025-10-11 18:00:00 - Lorog,12.845928
2025-10-12 06:00:00 - Lorog,12.833704
2025-10-12 12:00:00 - Lorog,12.781188
2025-10-12 18:00:00 - Lorog,12.790485
2025-10-13 06:00:00 - Lorog,12.7937975
2025-10-13 12:00:00 - Lorog,12.788129
2025-10-13 18:00:00 - Lorog,12.819837
2025-10-14 06:00:00 - Lorog,12.797338
2025-10-14 12:00:00 - Lorog,12.767469
2025-10-14 18:00:00 - Lorog,12.801468
2025-10-15 06:00:00 - Lorog,12.821279
2025-10-15 12:00:00 - Lorog,12.756184
2025-10-15 18:00:00 - Lorog,12.792217
2025-10-16 06:00:00 - Lorog,12.830376
2025-10-16 12:00:00 - Lorog,12.819692
2025-10-16 18:00:00 - Lorog,12.817871
2025-10-17 06:00:00 - Lorog,12.79424
2025-10-17 12:00:00 - Lorog,12.777878
2025-10-17 18:00:00 - Lorog,12.81578
2025-10-18 06:00:00 - Lorog,12.901133
2025-10-18 12:00:00 - Lorog,12.778734
2025-10-18 18:00:00 - Lorog,12.820875
2025-10-19 06:00:00 - Lorog,12.8546095
2025-10-19 12:00:00 - Lorog,12.771907
2025-10-19 18:00:00 - Lorog,12.781447
2025-10-20 06:00:00 - Lorog,12.8730135
2025-10-20 12:00:00 - Lorog,12.852127
2025-10-20 18:00:00 - Lorog,12.8938055
2025-10-21 06:00:00 - Lorog,12.915424
2025-10-21 12:00:00 - Lorog,12.70739
2025-10-21 18:00:00 - Lorog,12.949782
2025-10-22 06:00:00 - Lorog,12.812066
2025-10-22 12:00:00 - Lorog,12.930462
2025-10-22 18:00:00 - Lorog,12.916386
2025-10-23 06:00:00 - Lorog,12.919277
2025-10-23 12:00:00 - Lorog,12.879797
2025-10-23 18:00:00 - Lorog,12.932977
2025-10-24 06:00:00 - Lorog,12.963155
2025-10-24 12:00:00 - Lorog,12.898412
2025-10-24 18:00:00 - Lorog,12.953364
2025-10-25 06:00:00 - Lorog,13.111091
2025-10-25 12:00:00 - Lorog,12.978648
2025-10-25 18:00:00 - Lorog,12.965297
2025-10-26 06:00:00 - Lorog,12.793514
2025-10-26 12:00:00 - Lorog,12.798445
2025-10-26 18:00:00 - Lorog,12.930727
2025-10-27 06:00:00 - Lorog,12.875201
2025-10-27 12:00:00 - Lorog,12.785962
2025-10-27 18:00:00 - Lorog,12.862059
2025-10-28 06:00:00 - Lorog,12.9212675
2025-10-28 12:00:00 - Lorog,12.805196
2025-10-28 18:00:00 - Lorog,12.840552
2025-10-29 06:00:00 - Lorog,12.826061
2025-10-29 12:00:00 - Lorog,12.810207
2025-10-29 18:00:00 - Lorog,12.865389
2025-10-30 06:00:00 - Lorog,12.837431
2025-10-30 12:00:00 - Lorog,12.894873
2025-10-30 18:00:00 - Lorog,12.9391575
2025-10-31 06:00:00 - Lorog,12.921372
2025-10-31 12:00:00 - Lorog,12.813221
2025-10-31 18:00:00 - Lorog,12.957288
2025-11-01 06:00:00 - Lorog,12.6606865
2025-11-01 12:00:00 - Lorog,12.8259325
2025-11-01 18:00:00 - Lorog,12.919111
2025-11-02 06:00:00 - Lorog,12.858296
2025-11-02 12:00:00 - Lorog,12.836392
2025-11-02 18:00:00 - Lorog,12.86029
2025-11-03 06:00:00 - Lorog,12.855823
2025-11-03 12:00:00 - Lorog,12.831641
2025-11-03 18:00:00 - Lorog,12.847098
2025-11-04 06:00:00 - Lorog,12.8174095
2025-11-04 12:00:00 - Lorog,12.794268
2025-11-04 18:00:00 - Lorog,12.904714
2025-11-05 06:00:00 - Lorog,12.781316
2025-11-05 12:00:00 - Lorog,12.854295
2025-11-05 18:00:00 - Lorog,13.042783
2025-11-06 06:00:00 - Lorog,13.026198
2025-11-06 12:00:00 - Lorog,12.991789
2025-11-06 18:00:00 - Lorog,12.942294
2025-11-07 06:00:00 - Lorog,12.633552
2025-11-07 12:00:00 - Lorog,12.765062
2025-11-07 18:00:00 - Lorog,12.802832
2025-11-08 06:00:00 - Lorog,12.647751
2025-11-08 12:00:00 - Lorog,12.831228
2025-11-08 18:00:00 - Lorog,12.86469
2025-11-09 06:00:00 - Lorog,12.962015
2025-11-09 12:00:00 - Lorog,13.027689
2025-11-09 18:00:00 - Lorog,13.014426
2025-11-10 06:00:00 - Lorog,12.94801
2025-11-10 12:00:00 - Lorog,12.912993
2025-11-10 18:00:00 - Lorog,13.021543
2025-11-11 06:00:00 - Lorog,13.043492
2025-11-11 12:00:00 - Lorog,12.987308
2025-11-11 18:00:00 - Lorog,13.082639
2025-11-12 06:00:00 - Lorog,13.028693
2025-11-12 12:00:00 - Lorog,13.159705
2025-11-12 18:00:00 - Lorog,12.955723
2025-11-13 06:00:00 - Lorog,12.953913
2025-11-13 12:00:00 - Lorog,12.911254
2025-11-13 18:00:00 - Lorog,12.97441
2025-11-14 06:00:00 - Lorog,13.045155
2025-11-14 12:00:00 - Lorog,12.948524
2025-11-14 18:00:00 - Lorog,13.082806
2025-11-15 06:00:00 - Lorog,12.8909025
2025-11-15 12:00:00 - Lorog,13.007117
2025-11-15 18:00:00 - Lorog,12.886435
2025-11-16 06:00:00 - Lorog,12.854683
2025-11-16 12:00:00 - Lorog,12.873254
2025-11-16 18:00:00 - Lorog,12.921589
2025-11-17 06:00:00 - Lorog,12.968729
2025-11-17 12:00:00 - Lorog,12.903984
2025-11-17 18:00:00 - Lorog,12.918884
2025-11-18 06:00:00 - Lorog,12.93336
2025-11-18 12:00:00 - Lorog,12.949717
2025-11-18 18:00:00 - Lorog,12.857043
2025-11-19 06:00:00 - Lorog,12.993435
2025-11-19 12:00:00 - Lorog,13.042476
2025-11-19 18:00:00 - Lorog,13.07954
2025-11-20 06:00:00 - Lorog,12.968564
2025-11-20 12:00:00 - Lorog,12.993176
2025-11-20 18:00:00 - Lorog,13.034963
2025-11-21 06:00:00 - Lorog,13.0138235
2025-11-21 12:00:00 - Lorog,12.99655
2025-11-21 18:00:00 - Lorog,13.084446
2025-11-22 06:00:00 - Lorog,13.270059
2025-11-22 12:00:00 - Lorog,13.246444
2025-11-22 18:00:00 - Lorog,13.110134
2025-11-23 06:00:00 - Lorog,13.067707
2025-11-23 12:00:00 - Lorog,13.035447
2025-11-23 18:00:00 - Lorog,13.082994
2025-11-24 06:00:00 - Lorog,13.282041
2025-11-24 12:00:00 - Lorog,13.350252
2025-11-24 18:00:00 - Lorog,13.178142
2025-11-25 06:00:00 - Lorog,13.165037
2025-11-25 12:00:00 - Lorog,13.082135
2025-11-25 18:00:00 - Lorog,13.076867
2025-11-26 06:00:00 - Lorog,13.021745
2025-11-26 12:00:00 - Lorog,13.207233
2025-11-26 18:00:00 - Lorog,13.357756
2025-11-27 06:00:00 - Lorog,13.271787
2025-11-27 12:00:00 - Lorog,13.067738
2025-11-27 18:00:00 - Lorog,12.996052
2025-11-28 06:00:00 - Lorog,12.987619
2025-11-28 12:00:00 - Lorog,12.986051
2025-11-28 18:00:00 - Lorog,13.063199
2025-11-29 06:00:00 - Lorog,12.88767
2025-11-29 12:00:00 - Lorog,13.004252
2025-11-29 18:00:00 - Lorog,13.193976
2025-11-30 06:00:00 - Lorog,13.003625
2025-11-30 12:00:00 - Lorog,12.977265
2025-11-30 18:00:00 - Lorog,13.013012
2025-12-01 06:00:00 - Lorog,13.016061
2025-12-01 12:00:00 - Lorog,12.97944
2025-12-01 18:00:00 - Lorog,13.064543
2025-12-02 06:00:00 - Lorog,12.892259
2025-12-02 12:00:00 - Lorog,12.936642
2025-12-02 18:00:00 - Lorog,13.062227
2025-12-03 06:00:00 - Lorog,13.1682
2025-12-03 12:00:00 - Lorog,12.793218
2025-12-03 18:00:00 - Lorog,12.994322
2025-12-04 06:00:00 - Lorog,12.906046
2025-12-04 12:00:00 - Lorog,12.790593
2025-12-04 18:00:00 - Lorog,12.920465
2025-12-05 06:00:00 - Lorog,12.8918295
2025-12-05 12:00:00 - Lorog,12.903995
2025-12-05 18:00:00 - Lorog,13.018294
2025-12-06 06:00:00 - Lorog,12.996374
2025-12-06 12:00:00 - Lorog,12.993
2025-12-06 18:00:00 - Lorog,13.012139
2025-12-07 06:00:00 - Lorog,13.061514
2025-12-07 12:00:00 - Lorog,12.981156
2025-12-07 18:00:00 - Lorog,13.218585
2025-12-08 06:00:00 - Lorog,13.27818
2025-12-08 12:00:00 - Lorog,13.213924
2025-12-08 18:00:00 - Lorog,13.186973
2025-12-09 06:00:00 - Lorog,13.374774
2025-12-09 12:00:00 - Lorog,13.092778
2025-12-09 18:00:00 - Lorog,13.028601
2025-12-10 06:00:00 - Lorog,12.985991
2025-12-10 12:00:00 - Lorog,13.070545
2025-12-10 18:00:00 - Lorog,12.995133
2025-12-11 06:00:00 - Lorog,13.093689
2025-12-11 12:00:00 - Lorog,13.074021
2025-12-11 18:00:00 - Lorog,13.030291
2025-12-12 06:00:00 - Lorog,12.9540825
2025-12-12 12:00:00 - Lorog,12.98965
2025-12-12 18:00:00 - Lorog,12.808272
2025-12-13 06:00:00 - Lorog,12.933453
2025-12-13 12:00:00 - Lorog,13.056673
2025-12-13 18:00:00 - Lorog,12.86097
2025-12-14 06:00:00 - Lorog,13.024844
2025-12-14 12:00:00 - Lorog,13.107488
2025-12-14 18:00:00 - Lorog,13.165535
2025-12-15 06:00:00 - Lorog,13.145191
2025-12-15 12:00:00 - Lorog,13.167921
2025-12-15 18:00:00 - Lorog,13.170182
2025-12-16 06:00:00 - Lorog,13.085194
2025-12-16 12:00:00 - Lorog,13.088718
2025-12-16 18:00:00 - Lorog,12.906798
2025-12-17 06:00:00 - Lorog,13.062027
2025-12-17 12:00:00 - Lorog,13.057739
2025-12-17 18:00:00 - Lorog,13.080055
2025-12-18 06:00:00 - Lorog,12.989439
2025-12-18 12:00:00 - Lorog,13.040167
2025-12-18 18:00:00 - Lorog,13.105096
2025-12-19 06:00:00 - Lorog,13.082836
2025-12-19 12:00:00 - Lorog,13.147868
2025-12-19 18:00:00 - Lorog,13.114773
2025-12-20 06:00:00 - Lorog,13.047447
2025-12-20 12:00:00 - Lorog,13.065169
2025-12-20 18:00:00 - Lorog,12.995614
2025-12-21 06:00:00 - Lorog,13.121113
2025-12-21 12:00:00 - Lorog,13.037745
2025-12-21 18:00:00 - Lorog,13.011528
2025-12-22 06:00:00 - Lorog,13.158583
2025-12-22 12:00:00 - Lorog,13.132203
2025-12-22 18:00:00 - Lorog,13.162126
2025-12-23 06:00:00 - Lorog,13.0336
2025-12-23 12:00:00 - Lorog,13.215374
2025-12-23 18:00:00 - Lorog,13.165642
2025-12-24 06:00:00 - Lorog,13.113481
2025-12-24 12:00:00 - Lorog,13.181639
2025-12-24 18:00:00 - Lorog,13.106022
2025-12-25 06:00:00 - Lorog,13.140297
2025-12-25 12:00:00 - Lorog,13.2161665
2025-12-25 18:00:00 - Lorog,13.222272
2025-12-26 06:00:00 - Lorog,13.167198
2025-12-26 12:00:00 - Lorog,13.220793
2025-12-26 18:00:00 - Lorog,13.373545
2025-12-27 06:00:00 - Lorog,13.022719
2025-12-27 12:00:00 - Lorog,13.22769
2025-12-27 18:00:00 - Lorog,12.870549
2025-12-28 06:00:00 - Lorog,12.8670435
2025-12-28 12:00:00 - Lorog,12.955368
2025-12-28 18:00:00 - Lorog,12.779567
2025-12-29 06:00:00 - Lorog,12.988955
2025-12-29 12:00:00 - Lorog,12.97102
2025-12-29 18:00:00 - Lorog,12.828621
2025-12-30 06:00:00 - Lorog,12.838899
2025-12-30 12:00:00 - Lorog,12.922488
2025-12-30 18:00:00 - Lorog,12.900596
2025-12-31 06:00:00 - Lorog,12.98581
2025-12-31 12:00:00 - Lorog,13.063464
2025-12-31 18:00:00 - Lorog,13.289881
2026-01-01 06:00:00 - Lorog,13.109866
2026-01-01 12:00:00 - Lorog,12.992461
2026-01-01 18:00:00 - Lorog,12.860977
2026-01-02 06:00:00 - Lorog,13.334492
2026-01-02 12:00:00 - Lorog,12.956766
2026-01-02 18:00:00 - Lorog,12.852168
2026-01-03 06:00:00 - Lorog,13.055191
2026-01-03 12:00:00 - Lorog,13.116546
2026-01-03 18:00:00 - Lorog,13.252907
2026-01-04 06:00:00 - Lorog,13.1191
2026-01-04 12:00:00 - Lorog,13.204523
2026-01-04 18:00:00 - Lorog,13.117228
2026-01-05 06:00:00 - Lorog,13.1020155
2026-01-05 12:00:00 - Lorog,13.036975
2026-01-05 18:00:00 - Lorog,13.008677
2026-01-06 06:00:00 - Lorog,12.970819
2026-01-06 12:00:00 - Lorog,13.042032
2026-01-06 18:00:00 - Lorog,12.985426
2026-01-07 06:00:00 - Lorog,12.944527
2026-01-07 12:00:00 - Lorog,13.276318
2026-01-07 18:00:00 - Lorog,13.247767
2026-01-08 06:00:00 - Lorog,13.164398
2026-01-08 12:00:00 - Lorog,13.178089
2026-01-08 18:00:00 - Lorog,13.1808
2026-01-09 06:00:00 - Lorog,13.268215
2026-01-09 12:00:00 - Lorog,13.241221
2026-01-09 18:00:00 - Lorog,13.241218
2026-01-10 06:00:00 - Lorog,13.44163
2026-01-10 12:00:00 - Lorog,13.338385
2026-01-10 18:00:00 - Lorog,13.209743
2026-01-11 06:00:00 - Lorog,13.286744
2026-01-11 12:00:00 - Lorog,13.392208
2026-01-11 18:00:00 - Lorog,13.422035
2026-01-12 06:00:00 - Lorog,13.215933
2026-01-12 12:00:00 - Lorog,13.442081
2026-01-12 18:00:00 - Lorog,13.419032
2026-01-13 06:00:00 - Lorog,13.398951
2026-01-13 12:00:00 - Lorog,13.528123
2026-01-13 18:00:00 - Lorog,13.353441
2026-01-14 06:00:00 - Lorog,13.847534
2026-01-14 12:00:00 - Lorog,13.340952
2026-01-14 18:00:00 - Lorog,13.924453
2026-01-15 06:00:00 - Lorog,13.548644
2026-01-15 12:00:00 - Lorog,13.5368595
2026-01-15 18:00:00 - Lorog,13.29728
2026-01-16 06:00:00 - Lorog,13.123902
2026-01-16 12:00:00 - Lorog,13.269529
2026-01-16 18:00:00 - Lorog,13.216514
2026-01-17 06:00:00 - Lorog,13.066457
2026-01-17 12:00:00 - Lorog,13.007434
2026-01-17 18:00:00 - Lorog,13.16775
2026-01-18 06:00:00 - Lorog,12.875066
2026-01-18 12:00:00 - Lorog,12.868584
2026-01-18 18:00:00 - Lorog,12.97092
2026-01-19 06:00:00 - Lorog,13.133846
2026-01-19 12:00:00 - Lorog,13.216343
2026-01-19 18:00:00 - Lorog,13.12415
2026-01-20 06:00:00 - Lorog,13.120276
2026-01-20 12:00:00 - Lorog,12.9743
2026-01-20 18:00:00 - Lorog,13.027153
2026-01-21 06:00:00 - Lorog,12.799305
2026-01-21 12:00:00 - Lorog,13.118053
2026-01-21 18:00:00 - Lorog,13.036258
2026-01-22 06:00:00 - Lorog,13.077372
2026-01-22 12:00:00 - Lorog,13.001576
2026-01-22 18:00:00 - Lorog,12.898842
2026-01-23 06:00:00 - Lorog,13.146026
2026-01-23 12:00:00 - Lorog,13.016405
2026-01-23 18:00:00 - Lorog,13.054135
2026-01-24 06:00:00 - Lorog,13.153646
2026-01-24 12:00:00 - Lorog,12.923215
2026-01-24 18:00:00 - Lorog,12.775695
2026-01-25 06:00:00 - Lorog,12.897226
2026-01-25 12:00:00 - Lorog,12.94567
2026-01-25 18:00:00 - Lorog,13.008764
2026-01-26 06:00:00 - Lorog,12.832085
2026-01-26 12:00:00 - Lorog,13.051556
2026-01-26 18:00:00 - Lorog,12.947899
2026-01-27 06:00:00 - Lorog,13.129486
2026-01-27 12:00:00 - Lorog,13.177749
2026-01-27 18:00:00 - Lorog,13.115425
2026-01-28 06:00:00 - Lorog,13.049807
2026-01-28 12:00:00 - Lorog,13.128089
2026-01-28 18:00:00 - Lorog,13.211082
2026-01-29 06:00:00 - Lorog,12.917157
2026-01-29 12:00:00 - Lorog,13.043997
2026-01-29 18:00:00 - Lorog,13.005636
2026-01-30 06:00:00 - Lorog,13.134532
2026-01-30 12:00:00 - Lorog,13.082099
2026-01-30 18:00:00 - Lorog,13.017124
2026-01-31 06:00:00 - Lorog,12.892883
2026-01-31 12:00:00 - Lorog,13.01452
2026-01-31 18:00:00 - Lorog,13.269119
2026-02-01 06:00:00 - Lorog,13.041705
2026-02-01 12:00:00 - Lorog,13.10918
2026-02-01 18:00:00 - Lorog,13.042093
2026-02-02 06:00:00 - Lorog,13.048784
2026-02-02 12:00:00 - Lorog,12.959501
2026-02-02 18:00:00 - Lorog,12.968786
2026-02-03 06:00:00 - Lorog,12.955563
2026-02-03 12:00:00 - Lorog,13.049786
2026-02-03 18:00:00 - Lorog,13.144437
2026-02-04 06:00:00 - Lorog,13.307973
2026-02-04 12:00:00 - Lorog,13.282373
2026-02-04 18:00:00 - Lorog,13.089353
2026-02-05 06:00:00 - Lorog,13.00659
2026-02-05 12:00:00 - Lorog,13.055147
2026-02-05 18:00:00 - Lorog,13.086546
2026-02-06 06:00:00 - Lorog,12.987418
2026-02-06 12:00:00 - Lorog,13.046865
2026-02-06 18:00:00 - Lorog,13.042995
2026-02-07 06:00:00 - Lorog,13.061891
2026-02-07 12:00:00 - Lorog,13.191149
2026-02-07 18:00:00 - Lorog,13.187437
2026-02-08 06:00:00 - Lorog,13.067997
2026-02-08 12:00:00 - Lorog,13.096892
2026-02-08 18:00:00 - Lorog,13.260588
2026-02-09 06:00:00 - Lorog,12.986275
2026-02-09 12:00:00 - Lorog,13.013781
2026-02-09 18:00:00 - Lorog,13.031297
2026-02-10 06:00:00 - Lorog,13.0328455
2026-02-10 12:00:00 - Lorog,13.011231
2026-02-10 18:00:00 - Lorog,13.022109
2026-02-11 06:00:00 - Lorog,12.920932
2026-02-11 12:00:00 - Lorog,13.126335
2026-02-11 18:00:00 - Lorog,13.007437
2026-02-12 06:00:00 - Lorog,12.869917
2026-02-12 12:00:00 - Lorog,13.069879
2026-02-12 18:00:00 - Lorog,12.991558
2026-02-13 06:00:00 - Lorog,13.021168
2026-02-13 12:00:00 - Lorog,13.094669
2026-02-13 18:00:00 - Lorog,12.93838
2026-02-14 06:00:00 - Lorog,12.939688
2026-02-14 12:00:00 - Lorog,12.967433
2026-02-14 18:00:00 - Lorog,13.113786
2026-02-15 06:00:00 - Lorog,13.2522745
2026-02-15 12:00:00 - Lorog,12.890198
2026-02-15 18:00:00 - Lorog,13.086319
2026-02-16 06:00:00 - Lorog,13.087705
2026-02-16 12:00:00 - Lorog,13.233824
2026-02-16 18:00:00 - Lorog,13.4008255
2026-02-17 06:00:00 - Lorog,13.095587
2026-02-17 12:00:00 - Lorog,12.990561
2026-02-17 18:00:00 - Lorog,13.15526
2026-02-18 06:00:00 - Lorog,13.125515
2026-02-18 12:00:00 - Lorog,13.099091
2026-02-18 18:00:00 - Lorog,13.203506
2026-02-19 06:00:00 - Lorog,12.907667
2026-02-19 12:00:00 - Lorog,13.00916
2026-02-19 18:00:00 - Lorog,13.087497
2026-02-20 06:00:00 - Lorog,12.925999
2026-02-20 12:00:00 - Lorog,13.026927
2026-02-20 18:00:00 - Lorog,13.24179
2026-02-21 06:00:00 - Lorog,13.182416
2026-02-21 12:00:00 - Lorog,12.987461
2026-02-21 18:00:00 - Lorog,13.180383
2026-02-22 06:00:00 - Lorog,12.964196
2026-02-22 12:00:00 - Lorog,13.204245
2026-02-22 18:00:00 - Lorog,12.880195
2026-02-23 06:00:00 - Lorog,12.849167
2026-02-23 12:00:00 - Lorog,12.996264
2026-02-23 18:00:00 - Lorog,13.060912
2026-02-24 06:00:00 - Lorog,12.967192
2026-02-24 12:00:00 - Lorog,13.017884
2026-02-24 18:00:00 - Lorog,13.005236
2026-02-25 06:00:00 - Lorog,13.250948
2026-02-25 12:00:00 - Lorog,13.157072
2026-02-25 18:00:00 - Lorog,13.178614
2026-02-26 06:00:00 - Lorog,13.325195
2026-02-26 12:00:00 - Lorog,13.297004
2026-02-26 18:00:00 - Lorog,13.215258
2026-02-27 06:00:00 - Lorog,13.110972
2026-02-27 12:00:00 - Lorog,13.159821
2026-02-27 18:00:00 - Lorog,13.060551
2026-02-28 06:00:00 - Lorog,13.055786
2026-02-28 12:00:00 - Lorog,13.015032
2026-02-28 18:00:00 - Lorog,13.18946
2026-03-01 06:00:00 - Lorog,13.2736845
2026-03-01 12:00:00 - Lorog,13.265085
2026-03-01 18:00:00 - Lorog,13.290865
2026-03-02 06:00:00 - Lorog,13.135185
2026-03-02 12:00:00 - Lorog,13.107845
2026-03-02 18:00:00 - Lorog,13.254
2026-03-03 06:00:00 - Lorog,13.09477
2026-03-03 12:00:00 - Lorog,13.0663595
2026-03-03 18:00:00 - Lorog,13.08984
2026-03-04 06:00:00 - Lorog,13.20996
2026-03-04 12:00:00 - Lorog,12.945418
2026-03-04 18:00:00 - Lorog,13.050917
2026-03-05 06:00:00 - Lorog,13.274446
2026-03-05 12:00:00 - Lorog,13.121462
2026-03-05 18:00:00 - Lorog,13.006394
2026-03-06 06:00:00 - Lorog,13.040059
2026-03-06 12:00:00 - Lorog,13.091358
2026-03-06 18:00:00 - Lorog,12.997622
2026-03-07 06:00:00 - Lorog,13.046746
2026-03-07 12:00:00 - Lorog,13.191073
2026-03-07 18:00:00 - Lorog,13.12426
2026-03-08 06:00:00 - Lorog,13.039365
2026-03-08 12:00:00 - Lorog,13.125674
2026-03-08 18:00:00 - Lorog,12.780993
2026-03-09 06:00:00 - Lorog,13.042727
2026-03-09 12:00:00 - Lorog,12.936864
2026-03-09 18:00:00 - Lorog,12.9536705
2026-03-10 06:00:00 - Lorog,12.9688015
2026-03-10 12:00:00 - Lorog,13.035964
2026-03-10 18:00:00 - Lorog,13.086773
2026-03-11 06:00:00 - Lorog,13.007346
2026-03-11 12:00:00 - Lorog,12.998393
2026-03-11 18:00:00 - Lorog,13.03468
2026-03-12 06:00:00 - Lorog,13.037037
2026-03-12 12:00:00 - Lorog,13.08266
2026-03-12 18:00:00 - Lorog,13.076832
2026-03-13 06:00:00 - Lorog,13.033725
2026-03-13 12:00:00 - Lorog,13.171624
2026-03-13 18:00:00 - Lorog,13.175556
2026-03-14 06:00:00 - Lorog,13.06206
2026-03-14 12:00:00 - Lorog,13.213756
2026-03-14 18:00:00 - Lorog,13.138304
2026-03-15 06:00:00 - Lorog,13.187594
2026-03-15 12:00:00 - Lorog,13.218511
2026-03-15 18:00:00 - Lorog,13.301787
2026-03-16 06:00:00 - Lorog,13.284616
2026-03-16 12:00:00 - Lorog,13.348003
2026-03-16 18:00:00 - Lorog,13.661521
2026-03-17 06:00:00 - Lorog,13.227405
2026-03-17 12:00:00 - Lorog,13.189632
2026-03-17 18:00:00 - Lorog,13.1639805
2026-03-18 06:00:00 - Lorog,13.24284
2026-03-18 12:00:00 - Lorog,13.215603
2026-03-18 18:00:00 - Lorog,13.325493
2026-03-19 06:00:00 - Lorog,13.267607
2026-03-19 12:00:00 - Lorog,13.280933
2026-03-19 18:00:00 - Lorog,13.213936
2026-03-20 06:00:00 - Lorog,13.321047
2026-03-20 12:00:00 - Lorog,13.426036
2026-03-20 18:00:00 - Lorog,13.370152
2026-03-21 06:00:00 - Lorog,13.250675
2026-03-21 12:00:00 - Lorog,13.289311
2026-03-21 18:00:00 - Lorog,13.233606
2026-03-22 06:00:00 - Lorog,13.166032
2026-03-22 12:00:00 - Lorog,13.165198
2026-03-22 18:00:00 - Lorog,13.11819
2026-03-23 06:00:00 - Lorog,13.03973
2026-03-23 12:00:00 - Lorog,12.969851
2026-03-23 18:00:00 - Lorog,12.98421
2026-03-24 06:00:00 - Lorog,12.856957
2026-03-24 12:00:00 - Lorog,12.967874
2026-03-24 18:00:00 - Lorog,13.030877
2026-03-25 06:00:00 - Lorog,12.933274
2026-03-25 12:00:00 - Lorog,12.972527
2026-03-25 18:00:00 - Lorog,13.019864
2026-03-26 06:00:00 - Lorog,12.986332
2026-03-26 12:00:00 - Lorog,13.094394
2026-03-26 18:00:00 - Lorog,13.057878
2026-03-27 06:00:00 - Lorog,13.122403
2026-03-27 12:00:00 - Lorog,13.364446
2026-03-27 18:00:00 - Lorog,13.20891
2026-03-28 06:00:00 - Lorog,13.140444
2026-03-28 12:00:00 - Lorog,13.141351
2026-03-28 18:00:00 - Lorog,12.97807
2026-03-29 06:00:00 - Lorog,12.745942
2026-03-29 12:00:00 - Lorog,12.947865
2026-03-29 18:00:00 - Lorog,13.186958
2026-03-30 06:00:00 - Lorog,12.99152
2026-03-30 12:00:00 - Lorog,13.092871
2026-03-30 18:00:00 - Lorog,13.037355
2026-03-31 06:00:00 - Lorog,12.934054
2026-03-31 12:00:00 - Lorog,13.046406
2026-03-31 18:00:00 - Lorog,13.082959
2026-04-01 06:00:00 - Lorog,13.131678
2026-04-01 12:00:00 - Lorog,13.023416
2026-04-01 18:00:00 - Lorog,13.065924
2026-04-02 06:00:00 - Lorog,13.061513
2026-04-02 12:00:00 - Lorog,13.135419
2026-04-02 18:00:00 - Lorog,13.133563
2026-04-03 06:00:00 - Lorog,13.11852
2026-04-03 12:00:00 - Lorog,13.049112
2026-04-03 18:00:00 - Lorog,13.145588
2026-04-04 06:00:00 - Lorog,12.986452
2026-04-04 12:00:00 - Lorog,13.043259
2026-04-04 18:00:00 - Lorog,12.980019
2026-04-05 06:00:00 - Lorog,13.006918
2026-04-05 12:00:00 - Lorog,13.02511
2026-04-05 18:00:00 - Lorog,12.992424
2026-04-06 06:00:00 - Lorog,12.931042
2026-04-06 12:00:00 - Lorog,12.945233
2026-04-06 18:00:00 - Lorog,12.982724
2026-04-07 06:00:00 - Lorog,12.921676
2026-04-07 12:00:00 - Lorog,12.941833
2026-04-07 18:00:00 - Lorog,13.080403
2026-04-08 06:00:00 - Lorog,12.942559
2026-04-08 12:00:00 - Lorog,12.971246
2026-04-08 18:00:00 - Lorog,12.97587
2026-04-09 06:00:00 - Lorog,12.955886
2026-04-09 12:00:00 - Lorog,12.949441
2026-04-09 18:00:00 - Lorog,12.986003
2026-04-10 06:00:00 - Lorog,13.020976
2026-04-10 12:00:00 - Lorog,13.137926
2026-04-10 18:00:00 - Lorog,12.992963
2026-04-11 06:00:00 - Lorog,13.044389
2026-04-11 12:00:00 - Lorog,12.959689
2026-04-11 18:00:00 - Lorog,13.011159
2026-04-12 06:00:00 - Lorog,13.002977
2026-04-12 12:00:00 - Lorog,12.97638
2026-04-12 18:00:00 - Lorog,13.033267
2026-04-13 06:00:00 - Lorog,12.995751
2026-04-13 12:00:00 - Lorog,13.011674
2026-04-13 18:00:00 - Lorog,12.948956
2026-04-14 06:00:00 - Lorog,12.971008
2026-04-14 12:00:00 - Lorog,12.958716
2026-04-14 18:00:00 - Lorog,12.941027
2026-04-15 06:00:00 - Lorog,12.972058
2026-04-15 12:00:00 - Lorog,12.979434
2026-04-15 18:00:00 - Lorog,12.978099
2026-04-16 06:00:00 - Lorog,12.939455
2026-04-16 12:00:00 - Lorog,12.905517
2026-04-16 18:00:00 - Lorog,12.864812
2026-04-17 06:00:00 - Lorog,12.835581
2026-04-17 12:00:00 - Lorog,12.879438
2026-04-17 18:00:00 - Lorog,12.862526
2026-04-18 06:00:00 - Lorog,12.893694
2026-04-18 12:00:00 - Lorog,12.9066305
2026-04-18 18:00:00 - Lorog,12.67158
2026-04-19 06:00:00 - Lorog,12.885991
2026-04-19 12:00:00 - Lorog,12.918413
2026-04-19 18:00:00 - Lorog,12.869199
2026-04-20 06:00:00 - Lorog,12.788023
2026-04-20 12:00:00 - Lorog,12.866138
2026-04-20 18:00:00 - Lorog,12.896382
2026-04-21 06:00:00 - Lorog,12.903387
2026-04-21 12:00:00 - Lorog,12.967501
2026-04-21 18:00:00 - Lorog,12.966957
2026-04-22 06:00:00 - Lorog,12.923101
2026-04-22 12:00:00 - Lorog,13.053352
2026-04-22 18:00:00 - Lorog,13.171274
2026-04-23 06:00:00 - Lorog,12.887062
2026-04-23 12:00:00 - Lorog,12.9004345
2026-04-23 18:00:00 - Lorog,12.906741
2026-04-24 06:00:00 - Lorog,12.823486
2026-04-24 12:00:00 - Lorog,12.854649
2026-04-24 18:00:00 - Lorog,12.932713
2026-04-25 06:00:00 - Lorog,12.945113
2026-04-25 12:00:00 - Lorog,13.058061
2026-04-25 18:00:00 - Lorog,12.866078
2026-04-26 06:00:00 - Lorog,12.850678
2026-04-26 12:00:00 - Lorog,12.894978
2026-04-26 18:00:00 - Lorog,13.07808
2026-04-27 06:00:00 - Lorog,12.813808
2026-04-27 12:00:00 - Lorog,12.829597
2026-04-27 18:00:00 - Lorog,12.891997
2026-04-28 06:00:00 - Lorog,12.854115
2026-04-28 12:00:00 - Lorog,12.85523
2026-04-28 18:00:00 - Lorog,12.874641
2026-04-29 06:00:00 - Lorog,12.912349
2026-04-29 12:00:00 - Lorog,13.021617
2026-04-29 18:00:00 - Lorog,13.076218
2026-04-30 06:00:00 - Lorog,12.889193
2026-04-30 12:00:00 - Lorog,12.873268
2026-04-30 18:00:00 - Lorog,13.016389
2026-05-01 06:00:00 - Lorog,12.9049
2026-05-01 12:00:00 - Lorog,12.873661
2026-05-01 18:00:00 - Lorog,12.839774
2026-05-02 06:00:00 - Lorog,12.7963505
2026-05-02 12:00:00 - Lorog,12.842498
2026-05-02 18:00:00 - Lorog,12.84883
2026-05-03 06:00:00 - Lorog,12.770722
2026-05-03 12:00:00 - Lorog,12.785785
2026-05-03 18:00:00 - Lorog,12.777802
2026-05-04 06:00:00 - Lorog,12.827084
2026-05-04 12:00:00 - Lorog,12.791017
2026-05-04 18:00:00 - Lorog,12.797504
2026-05-05 06:00:00 - Lorog,12.777495
2026-05-05 12:00:00 - Lorog,12.766425
2026-05-05 18:00:00 - Lorog,12.769864
2026-05-06 06:00:00 - Lorog,12.794201
2026-05-06 12:00:00 - Lorog,12.762127
2026-05-06 18:00:00 - Lorog,12.775003
2026-05-07 06:00:00 - Lorog,12.76118
2026-05-07 12:00:00 - Lorog,12.775179
2026-05-07 18:00:00 - Lorog,12.726917
2026-05-08 06:00:00 - Lorog,12.755576
2026-05-08 12:00:00 - Lorog,12.752751
2026-05-08 18:00:00 - Lorog,12.759043
2026-05-09 06:00:00 - Lorog,12.768587
2026-05-09 12:00:00 - Lorog,12.785722
2026-05-09 18:00:00 - Lorog,12.809406
2026-05-10 06:00:00 - Lorog,12.757354
2026-05-10 12:00:00 - Lorog,12.723692
2026-05-10 18:00:00 - Lorog,12.738122
2026-05-11 06:00:00 - Lorog,12.779776
2026-05-11 12:00:00 - Lorog,12.767777
2026-05-11 18:00:00 - Lorog,12.780355
2026-05-12 06:00:00 - Lorog,12.809283
2026-05-12 12:00:00 - Lorog,12.7845955
2026-05-12 18:00:00 - Lorog,12.831119
2026-05-13 06:00:00 - Lorog,12.79369
2026-05-13 12:00:00 - Lorog,12.77906
2026-05-13 18:00:00 - Lorog,12.728121
2026-05-14 06:00:00 - Lorog,12.761453
2026-05-14 12:00:00 - Lorog,12.758228
2026-05-14 18:00:00 - Lorog,12.801319
2026-05-15 06:00:00 - Lorog,12.751401
2026-05-15 12:00:00 - Lorog,12.756113
2026-05-15 18:00:00 - Lorog,12.75508
2026-05-16 06:00:00 - Lorog,12.801213
2026-05-16 12:00:00 - Lorog,12.765103
2026-05-16 18:00:00 - Lorog,12.822661
2026-05-17 06:00:00 - Lorog,12.728174
2026-05-17 12:00:00 - Lorog,12.7750435
2026-05-17 18:00:00 - Lorog,12.761194
2026-05-18 06:00:00 - Lorog,12.726041
2026-05-18 12:00:00 - Lorog,12.803608
2026-05-18 18:00:00 - Lorog,12.797045
2025-09-19 06:00:00 - Napel,38.34499
2025-09-19 12:00:00 - Napel,32.76622
2025-09-19 18:00:00 - Napel,33.090317
2025-09-20 06:00:00 - Napel,32.817474
2025-09-20 12:00:00 - Napel,32.697567
2025-09-20 18:00:00 - Napel,32.941734
2025-09-21 06:00:00 - Napel,32.53777
2025-09-21 12:00:00 - Napel,32.660213
2025-09-21 18:00:00 - Napel,32.607647
2025-09-22 06:00:00 - Napel,32.685337
2025-09-22 12:00:00 - Napel,32.724567
2025-09-22 18:00:00 - Napel,32.846466
2025-09-23 06:00:00 - Napel,32.86869
2025-09-23 12:00:00 - Napel,32.79153
2025-09-23 18:00:00 - Napel,32.671722
2025-09-24 06:00:00 - Napel,32.84282
2025-09-24 12:00:00 - Napel,32.735275
2025-09-24 18:00:00 - Napel,32.646122
2025-09-25 06:00:00 - Napel,32.730324
2025-09-25 12:00:00 - Napel,32.683308
2025-09-25 18:00:00 - Napel,32.645184
2025-09-26 06:00:00 - Napel,32.68369
2025-09-26 12:00:00 - Napel,32.575485
2025-09-26 18:00:00 - Napel,32.610706
2025-09-27 06:00:00 - Napel,32.676716
2025-09-27 12:00:00 - Napel,32.783207
2025-09-27 18:00:00 - Napel,32.523045
2025-09-28 06:00:00 - Napel,32.656864
2025-09-28 12:00:00 - Napel,32.614323
2025-09-28 18:00:00 - Napel,32.690968
2025-09-29 06:00:00 - Napel,32.765224
2025-09-29 12:00:00 - Napel,32.688637
2025-09-29 18:00:00 - Napel,32.661552
2025-09-30 06:00:00 - Napel,32.787453
2025-09-30 12:00:00 - Napel,32.763332
2025-09-30 18:00:00 - Napel,32.6737
2025-10-01 06:00:00 - Napel,32.82481
2025-10-01 12:00:00 - Napel,33.077873
2025-10-01 18:00:00 - Napel,33.033497
2025-10-02 06:00:00 - Napel,33.272614
2025-10-02 12:00:00 - Napel,33.216072
2025-10-02 18:00:00 - Napel,33.05981
2025-10-03 06:00:00 - Napel,33.2085
2025-10-03 12:00:00 - Napel,33.10571
2025-10-03 18:00:00 - Napel,33.197094
2025-10-04 06:00:00 - Napel,33.00793
2025-10-04 12:00:00 - Napel,32.827282
2025-10-04 18:00:00 - Napel,32.745953
2025-10-05 06:00:00 - Napel,32.942997
2025-10-05 12:00:00 - Napel,32.68311
2025-10-05 18:00:00 - Napel,33.185467
2025-10-06 06:00:00 - Napel,32.784737
2025-10-06 12:00:00 - Napel,32.74174
2025-10-06 18:00:00 - Napel,32.717113
2025-10-07 06:00:00 - Napel,32.718544
2025-10-07 12:00:00 - Napel,32.676952
2025-10-07 18:00:00 - Napel,32.60145
2025-10-08 06:00:00 - Napel,32.79233
2025-10-08 12:00:00 - Napel,32.613823
2025-10-08 18:00:00 - Napel,32.61533
2025-10-09 06:00:00 - Napel,32.78352
2025-10-09 12:00:00 - Napel,32.602863
2025-10-09 18:00:00 - Napel,32.55258
2025-10-10 06:00:00 - Napel,32.72946
2025-10-10 12:00:00 - Napel,32.639103
2025-10-10 18:00:00 - Napel,32.689526
2025-10-11 06:00:00 - Napel,32.794456
2025-10-11 12:00:00 - Napel,32.579178
2025-10-11 18:00:00 - Napel,32.59127
2025-10-12 06:00:00 - Napel,32.736122
2025-10-12 12:00:00 - Napel,32.653355
2025-10-12 18:00:00 - Napel,32.7258
2025-10-13 06:00:00 - Napel,32.683704
2025-10-13 12:00:00 - Napel,32.570187
2025-10-13 18:00:00 - Napel,32.723892
2025-10-14 06:00:00 - Napel,32.740276
2025-10-14 12:00:00 - Napel,32.67964
2025-10-14 18:00:00 - Napel,32.755066
2025-10-15 06:00:00 - Napel,32.709026
2025-10-15 12:00:00 - Napel,32.671116
2025-10-15 18:00:00 - Napel,32.787125
2025-10-16 06:00:00 - Napel,32.88056
2025-10-16 12:00:00 - Napel,32.787197
2025-10-16 18:00:00 - Napel,32.803127
2025-10-17 06:00:00 - Napel,32.813755
2025-10-17 12:00:00 - Napel,32.862476
2025-10-17 18:00:00 - Napel,32.7793
2025-10-18 06:00:00 - Napel,32.712574
2025-10-18 12:00:00 - Napel,32.750412
2025-10-18 18:00:00 - Napel,33.0204
2025-10-19 06:00:00 - Napel,32.56015
2025-10-19 12:00:00 - Napel,32.720688
2025-10-19 18:00:00 - Napel,32.75993
2025-10-20 06:00:00 - Napel,32.55334
2025-10-20 12:00:00 - Napel,32.719646
2025-10-20 18:00:00 - Napel,32.697098
2025-10-21 06:00:00 - Napel,32.837578
2025-10-21 12:00:00 - Napel,32.95028
2025-10-21 18:00:00 - Napel,32.94749
2025-10-22 06:00:00 - Napel,33.186424
2025-10-22 12:00:00 - Napel,33.668163
2025-10-22 18:00:00 - Napel,33.14421
2025-10-23 06:00:00 - Napel,33.748466
2025-10-23 12:00:00 - Napel,34.030407
2025-10-23 18:00:00 - Napel,34.30194
2025-10-24 06:00:00 - Napel,34.24815
2025-10-24 12:00:00 - Napel,34.698074
2025-10-24 18:00:00 - Napel,34.272034
2025-10-25 06:00:00 - Napel,34.38887
2025-10-25 12:00:00 - Napel,35.157875
2025-10-25 18:00:00 - Napel,34.725685
2025-10-26 06:00:00 - Napel,35.02359
2025-10-26 12:00:00 - Napel,34.60393
2025-10-26 18:00:00 - Napel,34.513134
2025-10-27 06:00:00 - Napel,35.016914
2025-10-27 12:00:00 - Napel,35.09287
2025-10-27 18:00:00 - Napel,34.5617
2025-10-28 06:00:00 - Napel,34.854156
2025-10-28 12:00:00 - Napel,34.93818
2025-10-28 18:00:00 - Napel,35.428047
2025-10-29 06:00:00 - Napel,35.676193
2025-10-29 12:00:00 - Napel,35.213863
2025-10-29 18:00:00 - Napel,35.09011
2025-10-30 06:00:00 - Napel,34.896053
2025-10-30 12:00:00 - Napel,34.914455
2025-10-30 18:00:00 - Napel,35.029087
2025-10-31 06:00:00 - Napel,34.351364
2025-10-31 12:00:00 - Napel,34.704666
2025-10-31 18:00:00 - Napel,34.263084
2025-11-01 06:00:00 - Napel,34.72062
2025-11-01 12:00:00 - Napel,34.81808
2025-11-01 18:00:00 - Napel,34.824738
2025-11-02 06:00:00 - Napel,34.724064
2025-11-02 12:00:00 - Napel,34.437027
2025-11-02 18:00:00 - Napel,34.31047
2025-11-03 06:00:00 - Napel,34.639896
2025-11-03 12:00:00 - Napel,34.488018
2025-11-03 18:00:00 - Napel,34.612717
2025-11-04 06:00:00 - Napel,34.64683
2025-11-04 12:00:00 - Napel,34.748154
2025-11-04 18:00:00 - Napel,34.499645
2025-11-05 06:00:00 - Napel,34.245205
2025-11-05 12:00:00 - Napel,34.507954
2025-11-05 18:00:00 - Napel,34.502903
2025-11-06 06:00:00 - Napel,34.94439
2025-11-06 12:00:00 - Napel,35.08467
2025-11-06 18:00:00 - Napel,35.00831
2025-11-07 06:00:00 - Napel,34.692123
2025-11-07 12:00:00 - Napel,34.623684
2025-11-07 18:00:00 - Napel,34.629143
2025-11-08 06:00:00 - Napel,34.6959
2025-11-08 12:00:00 - Napel,35.38662
2025-11-08 18:00:00 - Napel,35.18345
2025-11-09 06:00:00 - Napel,35.072926
2025-11-09 12:00:00 - Napel,34.905388
2025-11-09 18:00:00 - Napel,35.28052
2025-11-10 06:00:00 - Napel,35.539085
2025-11-10 12:00:00 - Napel,35.1274
2025-11-10 18:00:00 - Napel,35.223515
2025-11-11 06:00:00 - Napel,35.245872
2025-11-11 12:00:00 - Napel,35.51437
2025-11-11 18:00:00 - Napel,35.52621
2025-11-12 06:00:00 - Napel,36.32328
2025-11-12 12:00:00 - Napel,36.702984
2025-11-12 18:00:00 - Napel,36.70619
2025-11-13 06:00:00 - Napel,36.705036
2025-11-13 12:00:00 - Napel,36.745953
2025-11-13 18:00:00 - Napel,36.59204
2025-11-14 06:00:00 - Napel,36.309837
2025-11-14 12:00:00 - Napel,36.04873
2025-11-14 18:00:00 - Napel,36.243088
2025-11-15 06:00:00 - Napel,36.27425
2025-11-15 12:00:00 - Napel,36.527378
2025-11-15 18:00:00 - Napel,36.427948
2025-11-16 06:00:00 - Napel,35.726326
2025-11-16 12:00:00 - Napel,35.333946
2025-11-16 18:00:00 - Napel,35.390892
2025-11-17 06:00:00 - Napel,34.961063
2025-11-17 12:00:00 - Napel,34.831524
2025-11-17 18:00:00 - Napel,34.95696
2025-11-18 06:00:00 - Napel,35.075493
2025-11-18 12:00:00 - Napel,35.184563
2025-11-18 18:00:00 - Napel,34.73505
2025-11-19 06:00:00 - Napel,35.21976
2025-11-19 12:00:00 - Napel,37.046223
2025-11-19 18:00:00 - Napel,36.599335
2025-11-20 06:00:00 - Napel,36.44848
2025-11-20 12:00:00 - Napel,36.170277
2025-11-20 18:00:00 - Napel,36.322353
2025-11-21 06:00:00 - Napel,36.019886
2025-11-21 12:00:00 - Napel,36.26978
2025-11-21 18:00:00 - Napel,36.097736
2025-11-22 06:00:00 - Napel,36.513607
2025-11-22 12:00:00 - Napel,36.696472
2025-11-22 18:00:00 - Napel,36.343937
2025-11-23 06:00:00 - Napel,36.009933
2025-11-23 12:00:00 - Napel,35.918087
2025-11-23 18:00:00 - Napel,35.733242
2025-11-24 06:00:00 - Napel,36.091087
2025-11-24 12:00:00 - Napel,36.695484
2025-11-24 18:00:00 - Napel,36.11013
2025-11-25 06:00:00 - Napel,35.71756
2025-11-25 12:00:00 - Napel,35.465946
2025-11-25 18:00:00 - Napel,35.24583
2025-11-26 06:00:00 - Napel,34.874943
2025-11-26 12:00:00 - Napel,34.214996
2025-11-26 18:00:00 - Napel,34.320644
2025-11-27 06:00:00 - Napel,34.152786
2025-11-27 12:00:00 - Napel,34.046658
2025-11-27 18:00:00 - Napel,34.65876
2025-11-28 06:00:00 - Napel,34.381084
2025-11-28 12:00:00 - Napel,34.256477
2025-11-28 18:00:00 - Napel,34.196957
2025-11-29 06:00:00 - Napel,34.082764
2025-11-29 12:00:00 - Napel,34.087013
2025-11-29 18:00:00 - Napel,41.673725
2025-11-30 06:00:00 - Napel,46.94106
2025-11-30 12:00:00 - Napel,46.97032
2025-11-30 18:00:00 - Napel,53.67543
2025-12-01 06:00:00 - Napel,47.36023
2025-12-01 12:00:00 - Napel,47.352955
2025-12-01 18:00:00 - Napel,47.318707
2025-12-02 06:00:00 - Napel,34.65722
2025-12-02 12:00:00 - Napel,34.76569
2025-12-02 18:00:00 - Napel,45.024166
2025-12-03 06:00:00 - Napel,33.868317
2025-12-03 12:00:00 - Napel,33.85408
2025-12-03 18:00:00 - Napel,34.168015
2025-12-04 06:00:00 - Napel,33.647755
2025-12-04 12:00:00 - Napel,33.776764
2025-12-04 18:00:00 - Napel,33.922493
2025-12-05 06:00:00 - Napel,34.15602
2025-12-05 12:00:00 - Napel,34.30612
2025-12-05 18:00:00 - Napel,34.3166
2025-12-06 06:00:00 - Napel,33.818935
2025-12-06 12:00:00 - Napel,34.23246
2025-12-06 18:00:00 - Napel,34.261517
2025-12-07 06:00:00 - Napel,33.922783
2025-12-07 12:00:00 - Napel,34.225407
2025-12-07 18:00:00 - Napel,34.24177
2025-12-08 06:00:00 - Napel,34.123005
2025-12-08 12:00:00 - Napel,34.20351
2025-12-08 18:00:00 - Napel,34.063354
2025-12-09 06:00:00 - Napel,33.750717
2025-12-09 12:00:00 - Napel,34.080986
2025-12-09 18:00:00 - Napel,33.952785
2025-12-10 06:00:00 - Napel,33.84455
2025-12-10 12:00:00 - Napel,34.110867
2025-12-10 18:00:00 - Napel,33.647614
2025-12-11 06:00:00 - Napel,34.03389
2025-12-11 12:00:00 - Napel,34.625492
2025-12-11 18:00:00 - Napel,34.1462
2025-12-12 06:00:00 - Napel,33.43877
2025-12-12 12:00:00 - Napel,33.37244
2025-12-12 18:00:00 - Napel,33.399952
2025-12-13 06:00:00 - Napel,33.327667
2025-12-13 12:00:00 - Napel,33.361298
2025-12-13 18:00:00 - Napel,33.840477
2025-12-14 06:00:00 - Napel,33.198723
2025-12-14 12:00:00 - Napel,33.400425
2025-12-14 18:00:00 - Napel,33.344627
2025-12-15 06:00:00 - Napel,33.816998
2025-12-15 12:00:00 - Napel,33.69941
2025-12-15 18:00:00 - Napel,33.75974
2025-12-16 06:00:00 - Napel,33.407906
2025-12-16 12:00:00 - Napel,33.26017
2025-12-16 18:00:00 - Napel,33.191544
2025-12-17 06:00:00 - Napel,33.599064
2025-12-17 12:00:00 - Napel,33.503704
2025-12-17 18:00:00 - Napel,33.504562
2025-12-18 06:00:00 - Napel,33.729103
2025-12-18 12:00:00 - Napel,33.40559
2025-12-18 18:00:00 - Napel,33.868496
2025-12-19 06:00:00 - Napel,33.908207
2025-12-19 12:00:00 - Napel,34.123417
2025-12-19 18:00:00 - Napel,34.087128
2025-12-20 06:00:00 - Napel,33.721523
2025-12-20 12:00:00 - Napel,33.663326
2025-12-20 18:00:00 - Napel,33.469395
2025-12-21 06:00:00 - Napel,33.021168
2025-12-21 12:00:00 - Napel,34.12777
2025-12-21 18:00:00 - Napel,33.771755
2025-12-22 06:00:00 - Napel,34.048805
2025-12-22 12:00:00 - Napel,34.276
2025-12-22 18:00:00 - Napel,33.695843
2025-12-23 06:00:00 - Napel,33.88756
2025-12-23 12:00:00 - Napel,33.991314
2025-12-23 18:00:00 - Napel,34.482758
2025-12-24 06:00:00 - Napel,33.74391
2025-12-24 12:00:00 - Napel,33.89391
2025-12-24 18:00:00 - Napel,33.745895
2025-12-25 06:00:00 - Napel,34.18186
2025-12-25 12:00:00 - Napel,34.59238
2025-12-25 18:00:00 - Napel,34.64403
2025-12-26 06:00:00 - Napel,34.835953
2025-12-26 12:00:00 - Napel,34.82072
2025-12-26 18:00:00 - Napel,34.515594
2025-12-27 06:00:00 - Napel,34.745815
2025-12-27 12:00:00 - Napel,34.864765
2025-12-27 18:00:00 - Napel,34.739426
2025-12-28 06:00:00 - Napel,34.425888
2025-12-28 12:00:00 - Napel,34.39551
2025-12-28 18:00:00 - Napel,33.70319
2025-12-29 06:00:00 - Napel,34.06998
2025-12-29 12:00:00 - Napel,34.465893
2025-12-29 18:00:00 - Napel,34.126537
2025-12-30 06:00:00 - Napel,33.548912
2025-12-30 12:00:00 - Napel,33.60619
2025-12-30 18:00:00 - Napel,33.429573
2025-12-31 06:00:00 - Napel,33.777946
2025-12-31 12:00:00 - Napel,33.823624
2025-12-31 18:00:00 - Napel,34.145805
2026-01-01 06:00:00 - Napel,41.717083
2026-01-01 12:00:00 - Napel,34.24631
2026-01-01 18:00:00 - Napel,34.061775
2026-01-02 06:00:00 - Napel,35.3409
2026-01-02 12:00:00 - Napel,35.25964
2026-01-02 18:00:00 - Napel,34.924446
2026-01-03 06:00:00 - Napel,35.457092
2026-01-03 12:00:00 - Napel,35.969078
2026-01-03 18:00:00 - Napel,35.859207
2026-01-04 06:00:00 - Napel,35.9384
2026-01-04 12:00:00 - Napel,35.83356
2026-01-04 18:00:00 - Napel,35.675
2026-01-05 06:00:00 - Napel,35.662712
2026-01-05 12:00:00 - Napel,35.57213
2026-01-05 18:00:00 - Napel,35.414345
2026-01-06 06:00:00 - Napel,35.14718
2026-01-06 12:00:00 - Napel,34.90157
2026-01-06 18:00:00 - Napel,35.13416
2026-01-07 06:00:00 - Napel,34.254642
2026-01-07 12:00:00 - Napel,34.3391
2026-01-07 18:00:00 - Napel,34.207558
2026-01-08 06:00:00 - Napel,34.352463
2026-01-08 12:00:00 - Napel,34.22328
2026-01-08 18:00:00 - Napel,34.08116
2026-01-09 06:00:00 - Napel,33.655743
2026-01-09 12:00:00 - Napel,46.32572
2026-01-09 18:00:00 - Napel,34.487427
2026-01-10 06:00:00 - Napel,40.965088
2026-01-10 12:00:00 - Napel,35.046494
2026-01-10 18:00:00 - Napel,34.337654
2026-01-11 06:00:00 - Napel,35.204903
2026-01-11 12:00:00 - Napel,35.295296
2026-01-11 18:00:00 - Napel,34.610374
2026-01-12 06:00:00 - Napel,35.40302
2026-01-12 12:00:00 - Napel,35.66907
2026-01-12 18:00:00 - Napel,35.376423
2026-01-13 06:00:00 - Napel,35.237617
2026-01-13 12:00:00 - Napel,34.847122
2026-01-13 18:00:00 - Napel,34.882523
2026-01-14 06:00:00 - Napel,35.73989
2026-01-14 12:00:00 - Napel,35.53231
2026-01-14 18:00:00 - Napel,35.592293
2026-01-15 06:00:00 - Napel,36.21928
2026-01-15 12:00:00 - Napel,36.172348
2026-01-15 18:00:00 - Napel,36.957912
2026-01-16 06:00:00 - Napel,37.275898
2026-01-16 12:00:00 - Napel,36.1111
2026-01-16 18:00:00 - Napel,37.052776
2026-01-17 06:00:00 - Napel,36.575108
2026-01-17 12:00:00 - Napel,35.82027
2026-01-17 18:00:00 - Napel,36.367287
2026-01-18 06:00:00 - Napel,37.308224
2026-01-18 12:00:00 - Napel,37.419933
2026-01-18 18:00:00 - Napel,38.11363
2026-01-19 06:00:00 - Napel,37.457874
2026-01-19 12:00:00 - Napel,36.704807
2026-01-19 18:00:00 - Napel,37.99772
2026-01-20 06:00:00 - Napel,38.228268
2026-01-20 12:00:00 - Napel,37.213463
2026-01-20 18:00:00 - Napel,37.571297
2026-01-21 06:00:00 - Napel,36.17092
2026-01-21 12:00:00 - Napel,36.26838
2026-01-21 18:00:00 - Napel,35.347286
2026-01-22 06:00:00 - Napel,35.262096
2026-01-22 12:00:00 - Napel,35.08335
2026-01-22 18:00:00 - Napel,35.196636
2026-01-23 06:00:00 - Napel,35.660114
2026-01-23 12:00:00 - Napel,35.40669
2026-01-23 18:00:00 - Napel,35.871582
2026-01-24 06:00:00 - Napel,37.599457
2026-01-24 12:00:00 - Napel,36.672344
2026-01-24 18:00:00 - Napel,35.812153
2026-01-25 06:00:00 - Napel,35.024242
2026-01-25 12:00:00 - Napel,34.91247
2026-01-25 18:00:00 - Napel,35.15862
2026-01-26 06:00:00 - Napel,34.43071
2026-01-26 12:00:00 - Napel,34.363846
2026-01-26 18:00:00 - Napel,34.09199
2026-01-27 06:00:00 - Napel,34.240414
2026-01-27 12:00:00 - Napel,34.322456
2026-01-27 18:00:00 - Napel,34.65271
2026-01-28 06:00:00 - Napel,35.950798
2026-01-28 12:00:00 - Napel,36.011936
2026-01-28 18:00:00 - Napel,35.989246
2026-01-29 06:00:00 - Napel,36.395267
2026-01-29 12:00:00 - Napel,36.177315
2026-01-29 18:00:00 - Napel,36.069046
2026-01-30 06:00:00 - Napel,35.577377
2026-01-30 12:00:00 - Napel,35.795788
2026-01-30 18:00:00 - Napel,35.041527
2026-01-31 06:00:00 - Napel,34.858982
2026-01-31 12:00:00 - Napel,35.62933
2026-01-31 18:00:00 - Napel,35.00721
2026-02-01 06:00:00 - Napel,35.314705
2026-02-01 12:00:00 - Napel,35.382263
2026-02-01 18:00:00 - Napel,34.98635
2026-02-02 06:00:00 - Napel,35.331028
2026-02-02 12:00:00 - Napel,35.061977
2026-02-02 18:00:00 - Napel,35.398056
2026-02-03 06:00:00 - Napel,35.908062
2026-02-03 12:00:00 - Napel,36.043396
2026-02-03 18:00:00 - Napel,36.21722
2026-02-04 06:00:00 - Napel,35.98275
2026-02-04 12:00:00 - Napel,36.080227
2026-02-04 18:00:00 - Napel,35.81717
2026-02-05 06:00:00 - Napel,35.864586
2026-02-05 12:00:00 - Napel,35.82764
2026-02-05 18:00:00 - Napel,35.90597
2026-02-06 06:00:00 - Napel,35.4694
2026-02-06 12:00:00 - Napel,35.087044
2026-02-06 18:00:00 - Napel,34.78664
2026-02-07 06:00:00 - Napel,34.95472
2026-02-07 12:00:00 - Napel,35.069546
2026-02-07 18:00:00 - Napel,34.781387
2026-02-08 06:00:00 - Napel,35.316414
2026-02-08 12:00:00 - Napel,35.585598
2026-02-08 18:00:00 - Napel,35.61427
2026-02-09 06:00:00 - Napel,35.852047
2026-02-09 12:00:00 - Napel,35.732414
2026-02-09 18:00:00 - Napel,36.188187
2026-02-10 06:00:00 - Napel,35.68448
2026-02-10 12:00:00 - Napel,35.692062
2026-02-10 18:00:00 - Napel,35.569164
2026-02-11 06:00:00 - Napel,36.3016
2026-02-11 12:00:00 - Napel,36.505436
2026-02-11 18:00:00 - Napel,36.299007
2026-02-12 06:00:00 - Napel,36.674355
2026-02-12 12:00:00 - Napel,36.721798
2026-02-12 18:00:00 - Napel,36.109745
2026-02-13 06:00:00 - Napel,36.929157
2026-02-13 12:00:00 - Napel,37.10172
2026-02-13 18:00:00 - Napel,36.499786
2026-02-14 06:00:00 - Napel,36.53055
2026-02-14 12:00:00 - Napel,36.6602
2026-02-14 18:00:00 - Napel,36.352043
2026-02-15 06:00:00 - Napel,36.566513
2026-02-15 12:00:00 - Napel,36.9936
2026-02-15 18:00:00 - Napel,36.61924
2026-02-16 06:00:00 - Napel,36.34811
2026-02-16 12:00:00 - Napel,36.31159
2026-02-16 18:00:00 - Napel,36.647102
2026-02-17 06:00:00 - Napel,36.322582
2026-02-17 12:00:00 - Napel,36.306812
2026-02-17 18:00:00 - Napel,36.04238
2026-02-18 06:00:00 - Napel,36.013668
2026-02-18 12:00:00 - Napel,36.23044
2026-02-18 18:00:00 - Napel,35.933376
2026-02-19 06:00:00 - Napel,36.454144
2026-02-19 12:00:00 - Napel,36.78389
2026-02-19 18:00:00 - Napel,36.77252
2026-02-20 06:00:00 - Napel,37.283546
2026-02-20 12:00:00 - Napel,36.809223
2026-02-20 18:00:00 - Napel,36.750183
2026-02-21 06:00:00 - Napel,36.28495
2026-02-21 12:00:00 - Napel,36.192574
2026-02-21 18:00:00 - Napel,35.899418
2026-02-22 06:00:00 - Napel,36.657215
2026-02-22 12:00:00 - Napel,36.62189
2026-02-22 18:00:00 - Napel,37.133053
2026-02-23 06:00:00 - Napel,36.84378
2026-02-23 12:00:00 - Napel,37.27139
2026-02-23 18:00:00 - Napel,37.590515
2026-02-24 06:00:00 - Napel,37.02409
2026-02-24 12:00:00 - Napel,37.063988
2026-02-24 18:00:00 - Napel,37.48903
2026-02-25 06:00:00 - Napel,36.72545
2026-02-25 12:00:00 - Napel,36.106777
2026-02-25 18:00:00 - Napel,35.536015
2026-02-26 06:00:00 - Napel,35.089478
2026-02-26 12:00:00 - Napel,35.175514
2026-02-26 18:00:00 - Napel,34.88152
2026-02-27 06:00:00 - Napel,34.97985
2026-02-27 12:00:00 - Napel,34.644264
2026-02-27 18:00:00 - Napel,34.655956
2026-02-28 06:00:00 - Napel,34.298122
2026-02-28 12:00:00 - Napel,34.39285
2026-02-28 18:00:00 - Napel,34.55667
2026-03-01 06:00:00 - Napel,34.72745
2026-03-01 12:00:00 - Napel,35.63722
2026-03-01 18:00:00 - Napel,35.424328
2026-03-02 06:00:00 - Napel,35.77413
2026-03-02 12:00:00 - Napel,35.52509
2026-03-02 18:00:00 - Napel,35.454826
2026-03-03 06:00:00 - Napel,36.263412
2026-03-03 12:00:00 - Napel,36.75074
2026-03-03 18:00:00 - Napel,36.2536
2026-03-04 06:00:00 - Napel,37.237392
2026-03-04 12:00:00 - Napel,37.746994
2026-03-04 18:00:00 - Napel,37.54639
2026-03-05 06:00:00 - Napel,36.980114
2026-03-05 12:00:00 - Napel,36.81016
2026-03-05 18:00:00 - Napel,36.42952
2026-03-06 06:00:00 - Napel,36.515995
2026-03-06 12:00:00 - Napel,36.42833
2026-03-06 18:00:00 - Napel,35.894493
2026-03-07 06:00:00 - Napel,35.257282
2026-03-07 12:00:00 - Napel,35.38459
2026-03-07 18:00:00 - Napel,35.259567
2026-03-08 06:00:00 - Napel,35.822865
2026-03-08 12:00:00 - Napel,36.23769
2026-03-08 18:00:00 - Napel,36.385624
2026-03-09 06:00:00 - Napel,36.71208
2026-03-09 12:00:00 - Napel,36.589275
2026-03-09 18:00:00 - Napel,36.614353
2026-03-10 06:00:00 - Napel,36.821735
2026-03-10 12:00:00 - Napel,36.88626
2026-03-10 18:00:00 - Napel,35.561577
2026-03-11 06:00:00 - Napel,35.14639
2026-03-11 12:00:00 - Napel,35.199356
2026-03-11 18:00:00 - Napel,34.885178
2026-03-12 06:00:00 - Napel,34.82574
2026-03-12 12:00:00 - Napel,34.56873
2026-03-12 18:00:00 - Napel,34.58785
2026-03-13 06:00:00 - Napel,34.644558
2026-03-13 12:00:00 - Napel,34.681263
2026-03-13 18:00:00 - Napel,34.657833
2026-03-14 06:00:00 - Napel,34.448475
2026-03-14 12:00:00 - Napel,34.39711
2026-03-14 18:00:00 - Napel,34.461006
2026-03-15 06:00:00 - Napel,34.539154
2026-03-15 12:00:00 - Napel,34.40877
2026-03-15 18:00:00 - Napel,34.580284
2026-03-16 06:00:00 - Napel,34.29867
2026-03-16 12:00:00 - Napel,34.38048
2026-03-16 18:00:00 - Napel,34.69212
2026-03-17 06:00:00 - Napel,34.601444
2026-03-17 12:00:00 - Napel,35.243877
2026-03-17 18:00:00 - Napel,34.564148
2026-03-18 06:00:00 - Napel,34.40855
2026-03-18 12:00:00 - Napel,34.97481
2026-03-18 18:00:00 - Napel,34.47456
2026-03-19 06:00:00 - Napel,34.51561
2026-03-19 12:00:00 - Napel,42.220963
2026-03-19 18:00:00 - Napel,34.378277
2026-03-20 06:00:00 - Napel,34.599796
2026-03-20 12:00:00 - Napel,34.677433
2026-03-20 18:00:00 - Napel,34.589283
2026-03-21 06:00:00 - Napel,34.34982
2026-03-21 12:00:00 - Napel,34.402138
2026-03-21 18:00:00 - Napel,34.48947
2026-03-22 06:00:00 - Napel,34.356216
2026-03-22 12:00:00 - Napel,35.076885
2026-03-22 18:00:00 - Napel,34.760815
2026-03-23 06:00:00 - Napel,34.385307
2026-03-23 12:00:00 - Napel,34.15581
2026-03-23 18:00:00 - Napel,34.16478
2026-03-24 06:00:00 - Napel,34.681637
2026-03-24 12:00:00 - Napel,34.33063
2026-03-24 18:00:00 - Napel,34.05114
2026-03-25 06:00:00 - Napel,34.353363
2026-03-25 12:00:00 - Napel,34.594753
2026-03-25 18:00:00 - Napel,34.506386
2026-03-26 06:00:00 - Napel,34.20191
2026-03-26 12:00:00 - Napel,34.10084
2026-03-26 18:00:00 - Napel,34.27696
2026-03-27 06:00:00 - Napel,34.88695
2026-03-27 12:00:00 - Napel,35.190403
2026-03-27 18:00:00 - Napel,35.55962
2026-03-28 06:00:00 - Napel,35.93275
2026-03-28 12:00:00 - Napel,35.59768
2026-03-28 18:00:00 - Napel,35.27067
2026-03-29 06:00:00 - Napel,36.86941
2026-03-29 12:00:00 - Napel,37.432266
2026-03-29 18:00:00 - Napel,36.964344
2026-03-30 06:00:00 - Napel,36.72401
2026-03-30 12:00:00 - Napel,37.19426
2026-03-30 18:00:00 - Napel,36.819397
2026-03-31 06:00:00 - Napel,37.458515
2026-03-31 12:00:00 - Napel,36.963806
2026-03-31 18:00:00 - Napel,36.458946
2026-04-01 06:00:00 - Napel,35.593384
2026-04-01 12:00:00 - Napel,35.856327
2026-04-01 18:00:00 - Napel,35.55287
2026-04-02 06:00:00 - Napel,35.62866
2026-04-02 12:00:00 - Napel,35.195408
2026-04-02 18:00:00 - Napel,35.18255
2026-04-03 06:00:00 - Napel,35.666695
2026-04-03 12:00:00 - Napel,35.794945
2026-04-03 18:00:00 - Napel,35.721897
2026-04-04 06:00:00 - Napel,36.21385
2026-04-04 12:00:00 - Napel,36.311493
2026-04-04 18:00:00 - Napel,36.242638
2026-04-05 06:00:00 - Napel,36.00314
2026-04-05 12:00:00 - Napel,35.701588
2026-04-05 18:00:00 - Napel,35.710827
2026-04-06 06:00:00 - Napel,35.730545
2026-04-06 12:00:00 - Napel,35.198803
2026-04-06 18:00:00 - Napel,34.954853
2026-04-07 06:00:00 - Napel,34.73499
2026-04-07 12:00:00 - Napel,34.54886
2026-04-07 18:00:00 - Napel,34.64862
2026-04-08 06:00:00 - Napel,34.970093
2026-04-08 12:00:00 - Napel,34.779343
2026-04-08 18:00:00 - Napel,35.041832
2026-04-09 06:00:00 - Napel,34.837433
2026-04-09 12:00:00 - Napel,34.89359
2026-04-09 18:00:00 - Napel,34.772144
2026-04-10 06:00:00 - Napel,36.42208
2026-04-10 12:00:00 - Napel,36.34712
2026-04-10 18:00:00 - Napel,35.86431
2026-04-11 06:00:00 - Napel,36.44345
2026-04-11 12:00:00 - Napel,36.421085
2026-04-11 18:00:00 - Napel,36.331005
2026-04-12 06:00:00 - Napel,36.60499
2026-04-12 12:00:00 - Napel,36.431496
2026-04-12 18:00:00 - Napel,36.16786
2026-04-13 06:00:00 - Napel,35.78647
2026-04-13 12:00:00 - Napel,35.508724
2026-04-13 18:00:00 - Napel,35.32945
2026-04-14 06:00:00 - Napel,34.763275
2026-04-14 12:00:00 - Napel,34.636047
2026-04-14 18:00:00 - Napel,34.38953
2026-04-15 06:00:00 - Napel,34.260788
2026-04-15 12:00:00 - Napel,34.406357
2026-04-15 18:00:00 - Napel,34.516014
2026-04-16 06:00:00 - Napel,34.372734
2026-04-16 12:00:00 - Napel,34.181545
2026-04-16 18:00:00 - Napel,34.15247
2026-04-17 06:00:00 - Napel,34.22716
2026-04-17 12:00:00 - Napel,34.15348
2026-04-17 18:00:00 - Napel,34.192135
2026-04-18 06:00:00 - Napel,33.89219
2026-04-18 12:00:00 - Napel,33.79796
2026-04-18 18:00:00 - Napel,41.261208
2026-04-19 06:00:00 - Napel,33.47376
2026-04-19 12:00:00 - Napel,33.6855
2026-04-19 18:00:00 - Napel,33.415062
2026-04-20 06:00:00 - Napel,33.59675
2026-04-20 12:00:00 - Napel,33.638588
2026-04-20 18:00:00 - Napel,33.379833
2026-04-21 06:00:00 - Napel,33.723934
2026-04-21 12:00:00 - Napel,33.704613
2026-04-21 18:00:00 - Napel,33.706413
2026-04-22 06:00:00 - Napel,33.6854
2026-04-22 12:00:00 - Napel,34.275265
2026-04-22 18:00:00 - Napel,33.818535
2026-04-23 06:00:00 - Napel,34.169247
2026-04-23 12:00:00 - Napel,34.52517
2026-04-23 18:00:00 - Napel,34.4787
2026-04-24 06:00:00 - Napel,34.011715
2026-04-24 12:00:00 - Napel,34.01884
2026-04-24 18:00:00 - Napel,34.129093
2026-04-25 06:00:00 - Napel,34.332733
2026-04-25 12:00:00 - Napel,34.361084
2026-04-25 18:00:00 - Napel,34.249336
2026-04-26 06:00:00 - Napel,34.116394
2026-04-26 12:00:00 - Napel,39.835903
2026-04-26 18:00:00 - Napel,33.733192
2026-04-27 06:00:00 - Napel,33.55008
2026-04-27 12:00:00 - Napel,33.80559
2026-04-27 18:00:00 - Napel,33.837017
2026-04-28 06:00:00 - Napel,33.68239
2026-04-28 12:00:00 - Napel,33.810986
2026-04-28 18:00:00 - Napel,33.79606
2026-04-29 06:00:00 - Napel,33.800182
2026-04-29 12:00:00 - Napel,33.79648
2026-04-29 18:00:00 - Napel,33.605297
2026-04-30 06:00:00 - Napel,34.00641
2026-04-30 12:00:00 - Napel,34.184566
2026-04-30 18:00:00 - Napel,34.121746
2026-05-01 06:00:00 - Napel,35.117725
2026-05-01 12:00:00 - Napel,35.520683
2026-05-01 18:00:00 - Napel,34.98519
2026-05-02 06:00:00 - Napel,34.962532
2026-05-02 12:00:00 - Napel,34.614456
2026-05-02 18:00:00 - Napel,34.608955
2026-05-03 06:00:00 - Napel,33.87381
2026-05-03 12:00:00 - Napel,33.887264
2026-05-03 18:00:00 - Napel,33.95343
2026-05-04 06:00:00 - Napel,34.50762
2026-05-04 12:00:00 - Napel,34.649075
2026-05-04 18:00:00 - Napel,34.51418
2026-05-05 06:00:00 - Napel,34.343292
2026-05-05 12:00:00 - Napel,34.274303
2026-05-05 18:00:00 - Napel,34.302692
2026-05-06 06:00:00 - Napel,33.78874
2026-05-06 12:00:00 - Napel,33.855316
2026-05-06 18:00:00 - Napel,33.76147
2026-05-07 06:00:00 - Napel,33.642654
2026-05-07 12:00:00 - Napel,33.757915
2026-05-07 18:00:00 - Napel,33.604702
2026-05-08 06:00:00 - Napel,33.578396
2026-05-08 12:00:00 - Napel,33.65345
2026-05-08 18:00:00 - Napel,41.160973
2026-05-09 06:00:00 - Napel,33.45879
2026-05-09 12:00:00 - Napel,33.374382
2026-05-09 18:00:00 - Napel,33.3743
2026-05-10 06:00:00 - Napel,33.32836
2026-05-10 12:00:00 - Napel,33.375813
2026-05-10 18:00:00 - Napel,33.339287
2026-05-11 06:00:00 - Napel,33.437614
2026-05-11 12:00:00 - Napel,33.50003
2026-05-11 18:00:00 - Napel,33.412216
2026-05-12 06:00:00 - Napel,33.500404
2026-05-12 12:00:00 - Napel,33.572937
2026-05-12 18:00:00 - Napel,34.34605
2026-05-13 06:00:00 - Napel,33.312767
2026-05-13 12:00:00 - Napel,33.408455
2026-05-13 18:00:00 - Napel,33.384903
2026-05-14 06:00:00 - Napel,33.208492
2026-05-14 12:00:00 - Napel,33.35682
2026-05-14 18:00:00 - Napel,33.36707
2026-05-15 06:00:00 - Napel,33.452316
2026-05-15 12:00:00 - Napel,33.49241
2026-05-15 18:00:00 - Napel,33.57421
2026-05-16 06:00:00 - Napel,33.50758
2026-05-16 12:00:00 - Napel,33.76863
2026-05-16 18:00:00 - Napel,33.795364
2026-05-17 06:00:00 - Napel,33.765232
2026-05-17 12:00:00 - Napel,33.75058
2026-05-17 18:00:00 - Napel,33.726196
2026-05-18 06:00:00 - Napel,33.568882
2026-05-18 12:00:00 - Napel,33.560837
2026-05-18 18:00:00 - Napel,33.356934
2025-09-19 06:00:00 - Ngadipiro,143.46779
2025-09-19 12:00:00 - Ngadipiro,143.47107
2025-09-19 18:00:00 - Ngadipiro,143.50737
2025-09-20 06:00:00 - Ngadipiro,143.41191
2025-09-20 12:00:00 - Ngadipiro,143.42935
2025-09-20 18:00:00 - Ngadipiro,143.36754
2025-09-21 06:00:00 - Ngadipiro,143.38724
2025-09-21 12:00:00 - Ngadipiro,143.33644
2025-09-21 18:00:00 - Ngadipiro,143.29613
2025-09-22 06:00:00 - Ngadipiro,143.30399
2025-09-22 12:00:00 - Ngadipiro,143.31744
2025-09-22 18:00:00 - Ngadipiro,143.16547
2025-09-23 06:00:00 - Ngadipiro,143.32367
2025-09-23 12:00:00 - Ngadipiro,143.33461
2025-09-23 18:00:00 - Ngadipiro,143.32867
2025-09-24 06:00:00 - Ngadipiro,143.33536
2025-09-24 12:00:00 - Ngadipiro,143.33131
2025-09-24 18:00:00 - Ngadipiro,143.3334
2025-09-25 06:00:00 - Ngadipiro,143.35027
2025-09-25 12:00:00 - Ngadipiro,143.37096
2025-09-25 18:00:00 - Ngadipiro,143.28639
2025-09-26 06:00:00 - Ngadipiro,143.34406
2025-09-26 12:00:00 - Ngadipiro,143.35335
2025-09-26 18:00:00 - Ngadipiro,143.31082
2025-09-27 06:00:00 - Ngadipiro,143.33293
2025-09-27 12:00:00 - Ngadipiro,143.27571
2025-09-27 18:00:00 - Ngadipiro,143.2775
2025-09-28 06:00:00 - Ngadipiro,143.3108
2025-09-28 12:00:00 - Ngadipiro,143.34515
2025-09-28 18:00:00 - Ngadipiro,143.28139
2025-09-29 06:00:00 - Ngadipiro,143.33815
2025-09-29 12:00:00 - Ngadipiro,143.29137
2025-09-29 18:00:00 - Ngadipiro,143.47113
2025-09-30 06:00:00 - Ngadipiro,143.3564
2025-09-30 12:00:00 - Ngadipiro,143.38051
2025-09-30 18:00:00 - Ngadipiro,143.24983
2025-10-01 06:00:00 - Ngadipiro,143.50255
2025-10-01 12:00:00 - Ngadipiro,143.43578
2025-10-01 18:00:00 - Ngadipiro,143.36627
2025-10-02 06:00:00 - Ngadipiro,143.36723
2025-10-02 12:00:00 - Ngadipiro,143.41437
2025-10-02 18:00:00 - Ngadipiro,143.37546
2025-10-03 06:00:00 - Ngadipiro,143.37457
2025-10-03 12:00:00 - Ngadipiro,143.32933
2025-10-03 18:00:00 - Ngadipiro,143.35202
2025-10-04 06:00:00 - Ngadipiro,143.27504
2025-10-04 12:00:00 - Ngadipiro,143.33461
2025-10-04 18:00:00 - Ngadipiro,143.32408
2025-10-05 06:00:00 - Ngadipiro,143.34395
2025-10-05 12:00:00 - Ngadipiro,143.60846
2025-10-05 18:00:00 - Ngadipiro,143.53975
2025-10-06 06:00:00 - Ngadipiro,143.3007
2025-10-06 12:00:00 - Ngadipiro,143.54736
2025-10-06 18:00:00 - Ngadipiro,143.25089
2025-10-07 06:00:00 - Ngadipiro,143.33856
2025-10-07 12:00:00 - Ngadipiro,143.37341
2025-10-07 18:00:00 - Ngadipiro,143.26555
2025-10-08 06:00:00 - Ngadipiro,143.3448
2025-10-08 12:00:00 - Ngadipiro,143.32289
2025-10-08 18:00:00 - Ngadipiro,143.27548
2025-10-09 06:00:00 - Ngadipiro,143.33691
2025-10-09 12:00:00 - Ngadipiro,143.30092
2025-10-09 18:00:00 - Ngadipiro,143.30547
2025-10-10 06:00:00 - Ngadipiro,143.34415
2025-10-10 12:00:00 - Ngadipiro,143.32292
2025-10-10 18:00:00 - Ngadipiro,143.29578
2025-10-11 06:00:00 - Ngadipiro,143.35483
2025-10-11 12:00:00 - Ngadipiro,143.28667
2025-10-11 18:00:00 - Ngadipiro,143.28966
2025-10-12 06:00:00 - Ngadipiro,143.3592
2025-10-12 12:00:00 - Ngadipiro,143.31642
2025-10-12 18:00:00 - Ngadipiro,143.36687
2025-10-13 06:00:00 - Ngadipiro,143.34459
2025-10-13 12:00:00 - Ngadipiro,143.28557
2025-10-13 18:00:00 - Ngadipiro,143.261
2025-10-14 06:00:00 - Ngadipiro,143.48276
2025-10-14 12:00:00 - Ngadipiro,143.21457
2025-10-14 18:00:00 - Ngadipiro,143.31725
2025-10-15 06:00:00 - Ngadipiro,143.38205
2025-10-15 12:00:00 - Ngadipiro,143.33226
2025-10-15 18:00:00 - Ngadipiro,143.49783
2025-10-16 06:00:00 - Ngadipiro,143.52446
2025-10-16 12:00:00 - Ngadipiro,143.46567
2025-10-16 18:00:00 - Ngadipiro,143.52075
2025-10-17 06:00:00 - Ngadipiro,143.42351
2025-10-17 12:00:00 - Ngadipiro,143.33676
2025-10-17 18:00:00 - Ngadipiro,143.53137
2025-10-18 06:00:00 - Ngadipiro,143.33675
2025-10-18 12:00:00 - Ngadipiro,143.29099
2025-10-18 18:00:00 - Ngadipiro,143.35008
2025-10-19 06:00:00 - Ngadipiro,143.32072
2025-10-19 12:00:00 - Ngadipiro,143.32239
2025-10-19 18:00:00 - Ngadipiro,143.30113
2025-10-20 06:00:00 - Ngadipiro,143.45245
2025-10-20 12:00:00 - Ngadipiro,143.34018
2025-10-20 18:00:00 - Ngadipiro,143.33705
2025-10-21 06:00:00 - Ngadipiro,143.63542
2025-10-21 12:00:00 - Ngadipiro,143.55942
2025-10-21 18:00:00 - Ngadipiro,143.70041
2025-10-22 06:00:00 - Ngadipiro,143.81233
2025-10-22 12:00:00 - Ngadipiro,143.71306
2025-10-22 18:00:00 - Ngadipiro,143.76935
2025-10-23 06:00:00 - Ngadipiro,143.89474
2025-10-23 12:00:00 - Ngadipiro,143.82846
2025-10-23 18:00:00 - Ngadipiro,143.80943
2025-10-24 06:00:00 - Ngadipiro,143.91934
2025-10-24 12:00:00 - Ngadipiro,143.84593
2025-10-24 18:00:00 - Ngadipiro,143.93835
2025-10-25 06:00:00 - Ngadipiro,143.83662
2025-10-25 12:00:00 - Ngadipiro,143.71239
2025-10-25 18:00:00 - Ngadipiro,143.7273
2025-10-26 06:00:00 - Ngadipiro,143.44005
2025-10-26 12:00:00 - Ngadipiro,143.53484
2025-10-26 18:00:00 - Ngadipiro,143.52403
2025-10-27 06:00:00 - Ngadipiro,143.3547
2025-10-27 12:00:00 - Ngadipiro,143.3326
2025-10-27 18:00:00 - Ngadipiro,143.53502
2025-10-28 06:00:00 - Ngadipiro,143.59045
2025-10-28 12:00:00 - Ngadipiro,143.36577
2025-10-28 18:00:00 - Ngadipiro,143.80695
2025-10-29 06:00:00 - Ngadipiro,143.63002
2025-10-29 12:00:00 - Ngadipiro,143.53989
2025-10-29 18:00:00 - Ngadipiro,143.60571
2025-10-30 06:00:00 - Ngadipiro,143.48116
2025-10-30 12:00:00 - Ngadipiro,143.48715
2025-10-30 18:00:00 - Ngadipiro,143.46231
2025-10-31 06:00:00 - Ngadipiro,143.62784
2025-10-31 12:00:00 - Ngadipiro,143.57233
2025-10-31 18:00:00 - Ngadipiro,143.68315
2025-11-01 06:00:00 - Ngadipiro,143.67258
2025-11-01 12:00:00 - Ngadipiro,143.55511
2025-11-01 18:00:00 - Ngadipiro,143.69127
2025-11-02 06:00:00 - Ngadipiro,143.67416
2025-11-02 12:00:00 - Ngadipiro,143.51167
2025-11-02 18:00:00 - Ngadipiro,143.51082
2025-11-03 06:00:00 - Ngadipiro,143.72359
2025-11-03 12:00:00 - Ngadipiro,143.6167
2025-11-03 18:00:00 - Ngadipiro,143.86
2025-11-04 06:00:00 - Ngadipiro,144.00978
2025-11-04 12:00:00 - Ngadipiro,143.76376
2025-11-04 18:00:00 - Ngadipiro,144.18745
2025-11-05 06:00:00 - Ngadipiro,143.77773
2025-11-05 12:00:00 - Ngadipiro,143.71794
2025-11-05 18:00:00 - Ngadipiro,144.18896
2025-11-06 06:00:00 - Ngadipiro,144.50455
2025-11-06 12:00:00 - Ngadipiro,143.84964
2025-11-06 18:00:00 - Ngadipiro,144.19469
2025-11-07 06:00:00 - Ngadipiro,143.86394
2025-11-07 12:00:00 - Ngadipiro,143.75847
2025-11-07 18:00:00 - Ngadipiro,143.76494
2025-11-08 06:00:00 - Ngadipiro,143.82254
2025-11-08 12:00:00 - Ngadipiro,143.85081
2025-11-08 18:00:00 - Ngadipiro,143.88942
2025-11-09 06:00:00 - Ngadipiro,145.72845
2025-11-09 12:00:00 - Ngadipiro,144.25487
2025-11-09 18:00:00 - Ngadipiro,144.23595
2025-11-10 06:00:00 - Ngadipiro,144.1436
2025-11-10 12:00:00 - Ngadipiro,144.05275
2025-11-10 18:00:00 - Ngadipiro,144.09978
2025-11-11 06:00:00 - Ngadipiro,144.1382
2025-11-11 12:00:00 - Ngadipiro,143.95123
2025-11-11 18:00:00 - Ngadipiro,144.46576
2025-11-12 06:00:00 - Ngadipiro,144.5115
2025-11-12 12:00:00 - Ngadipiro,144.15471
2025-11-12 18:00:00 - Ngadipiro,144.33034
2025-11-13 06:00:00 - Ngadipiro,144.3955
2025-11-13 12:00:00 - Ngadipiro,144.07552
2025-11-13 18:00:00 - Ngadipiro,144.31894
2025-11-14 06:00:00 - Ngadipiro,144.15265
2025-11-14 12:00:00 - Ngadipiro,143.94778
2025-11-14 18:00:00 - Ngadipiro,144.13382
2025-11-15 06:00:00 - Ngadipiro,143.82022
2025-11-15 12:00:00 - Ngadipiro,144.06096
2025-11-15 18:00:00 - Ngadipiro,144.03032
2025-11-16 06:00:00 - Ngadipiro,143.75494
2025-11-16 12:00:00 - Ngadipiro,143.76936
2025-11-16 18:00:00 - Ngadipiro,144.2608
2025-11-17 06:00:00 - Ngadipiro,143.86282
2025-11-17 12:00:00 - Ngadipiro,143.83572
2025-11-17 18:00:00 - Ngadipiro,143.93546
2025-11-18 06:00:00 - Ngadipiro,143.71832
2025-11-18 12:00:00 - Ngadipiro,143.83986
2025-11-18 18:00:00 - Ngadipiro,143.82146
2025-11-19 06:00:00 - Ngadipiro,144.25053
2025-11-19 12:00:00 - Ngadipiro,144.27197
2025-11-19 18:00:00 - Ngadipiro,144.33511
2025-11-20 06:00:00 - Ngadipiro,143.88779
2025-11-20 12:00:00 - Ngadipiro,143.90665
2025-11-20 18:00:00 - Ngadipiro,143.86787
2025-11-21 06:00:00 - Ngadipiro,144.0776
2025-11-21 12:00:00 - Ngadipiro,143.92696
2025-11-21 18:00:00 - Ngadipiro,144.35835
2025-11-22 06:00:00 - Ngadipiro,145.1783
2025-11-22 12:00:00 - Ngadipiro,144.00087
2025-11-22 18:00:00 - Ngadipiro,144.01395
2025-11-23 06:00:00 - Ngadipiro,143.86661
2025-11-23 12:00:00 - Ngadipiro,143.7648
2025-11-23 18:00:00 - Ngadipiro,143.96356
2025-11-24 06:00:00 - Ngadipiro,144.02823
2025-11-24 12:00:00 - Ngadipiro,144.0292
2025-11-24 18:00:00 - Ngadipiro,144.12726
2025-11-25 06:00:00 - Ngadipiro,144.26039
2025-11-25 12:00:00 - Ngadipiro,143.90607
2025-11-25 18:00:00 - Ngadipiro,143.77309
2025-11-26 06:00:00 - Ngadipiro,144.1934
2025-11-26 12:00:00 - Ngadipiro,143.95244
2025-11-26 18:00:00 - Ngadipiro,144.0555
2025-11-27 06:00:00 - Ngadipiro,144.19711
2025-11-27 12:00:00 - Ngadipiro,143.87236
2025-11-27 18:00:00 - Ngadipiro,143.91022
2025-11-28 06:00:00 - Ngadipiro,144.00449
2025-11-28 12:00:00 - Ngadipiro,143.82072
2025-11-28 18:00:00 - Ngadipiro,143.89235
2025-11-29 06:00:00 - Ngadipiro,143.89029
2025-11-29 12:00:00 - Ngadipiro,143.87248
2025-11-29 18:00:00 - Ngadipiro,143.9558
2025-11-30 06:00:00 - Ngadipiro,143.8474
2025-11-30 12:00:00 - Ngadipiro,143.78781
2025-11-30 18:00:00 - Ngadipiro,143.64575
2025-12-01 06:00:00 - Ngadipiro,143.82794
2025-12-01 12:00:00 - Ngadipiro,143.54196
2025-12-01 18:00:00 - Ngadipiro,143.73083
2025-12-02 06:00:00 - Ngadipiro,143.72935
2025-12-02 12:00:00 - Ngadipiro,143.61287
2025-12-02 18:00:00 - Ngadipiro,143.8284
2025-12-03 06:00:00 - Ngadipiro,143.76556
2025-12-03 12:00:00 - Ngadipiro,143.76468
2025-12-03 18:00:00 - Ngadipiro,143.83733
2025-12-04 06:00:00 - Ngadipiro,143.77708
2025-12-04 12:00:00 - Ngadipiro,143.67818
2025-12-04 18:00:00 - Ngadipiro,144.60637
2025-12-05 06:00:00 - Ngadipiro,143.90054
2025-12-05 12:00:00 - Ngadipiro,143.94049
2025-12-05 18:00:00 - Ngadipiro,143.98108
2025-12-06 06:00:00 - Ngadipiro,144.05663
2025-12-06 12:00:00 - Ngadipiro,144.0836
2025-12-06 18:00:00 - Ngadipiro,144.01915
2025-12-07 06:00:00 - Ngadipiro,143.87299
2025-12-07 12:00:00 - Ngadipiro,143.9876
2025-12-07 18:00:00 - Ngadipiro,143.96861
2025-12-08 06:00:00 - Ngadipiro,144.05357
2025-12-08 12:00:00 - Ngadipiro,144.07672
2025-12-08 18:00:00 - Ngadipiro,144.09732
2025-12-09 06:00:00 - Ngadipiro,144.0826
2025-12-09 12:00:00 - Ngadipiro,143.93814
2025-12-09 18:00:00 - Ngadipiro,144.0895
2025-12-10 06:00:00 - Ngadipiro,144.01843
2025-12-10 12:00:00 - Ngadipiro,143.9066
2025-12-10 18:00:00 - Ngadipiro,143.9161
2025-12-11 06:00:00 - Ngadipiro,143.90233
2025-12-11 12:00:00 - Ngadipiro,143.9871
2025-12-11 18:00:00 - Ngadipiro,143.80081
2025-12-12 06:00:00 - Ngadipiro,143.81604
2025-12-12 12:00:00 - Ngadipiro,143.94151
2025-12-12 18:00:00 - Ngadipiro,143.61142
2025-12-13 06:00:00 - Ngadipiro,143.69646
2025-12-13 12:00:00 - Ngadipiro,143.64755
2025-12-13 18:00:00 - Ngadipiro,143.94298
2025-12-14 06:00:00 - Ngadipiro,143.62877
2025-12-14 12:00:00 - Ngadipiro,143.59012
2025-12-14 18:00:00 - Ngadipiro,144.04796
2025-12-15 06:00:00 - Ngadipiro,143.50554
2025-12-15 12:00:00 - Ngadipiro,143.63327
2025-12-15 18:00:00 - Ngadipiro,143.94601
2025-12-16 06:00:00 - Ngadipiro,143.56776
2025-12-16 12:00:00 - Ngadipiro,143.5698
2025-12-16 18:00:00 - Ngadipiro,144.00098
2025-12-17 06:00:00 - Ngadipiro,143.53952
2025-12-17 12:00:00 - Ngadipiro,143.58856
2025-12-17 18:00:00 - Ngadipiro,143.96864
2025-12-18 06:00:00 - Ngadipiro,143.91968
2025-12-18 12:00:00 - Ngadipiro,143.49802
2025-12-18 18:00:00 - Ngadipiro,144.14622
2025-12-19 06:00:00 - Ngadipiro,144.0938
2025-12-19 12:00:00 - Ngadipiro,144.547
2025-12-19 18:00:00 - Ngadipiro,144.6167
2025-12-20 06:00:00 - Ngadipiro,144.572
2025-12-20 12:00:00 - Ngadipiro,144.39354
2025-12-20 18:00:00 - Ngadipiro,144.37805
2025-12-21 06:00:00 - Ngadipiro,144.25623
2025-12-21 12:00:00 - Ngadipiro,144.16344
2025-12-21 18:00:00 - Ngadipiro,144.30795
2025-12-22 06:00:00 - Ngadipiro,144.32318
2025-12-22 12:00:00 - Ngadipiro,144.26793
2025-12-22 18:00:00 - Ngadipiro,144.63043
2025-12-23 06:00:00 - Ngadipiro,144.10564
2025-12-23 12:00:00 - Ngadipiro,144.14015
2025-12-23 18:00:00 - Ngadipiro,144.58157
2025-12-24 06:00:00 - Ngadipiro,143.7247
2025-12-24 12:00:00 - Ngadipiro,144.13896
2025-12-24 18:00:00 - Ngadipiro,144.52118
2025-12-25 06:00:00 - Ngadipiro,144.48466
2025-12-25 12:00:00 - Ngadipiro,143.61328
2025-12-25 18:00:00 - Ngadipiro,144.45058
2025-12-26 06:00:00 - Ngadipiro,144.04678
2025-12-26 12:00:00 - Ngadipiro,143.61873
2025-12-26 18:00:00 - Ngadipiro,144.26555
2025-12-27 06:00:00 - Ngadipiro,143.96649
2025-12-27 12:00:00 - Ngadipiro,143.90805
2025-12-27 18:00:00 - Ngadipiro,143.87799
2025-12-28 06:00:00 - Ngadipiro,144.13057
2025-12-28 12:00:00 - Ngadipiro,144.15433
2025-12-28 18:00:00 - Ngadipiro,144.49155
2025-12-29 06:00:00 - Ngadipiro,144.09825
2025-12-29 12:00:00 - Ngadipiro,143.9835
2025-12-29 18:00:00 - Ngadipiro,144.46791
2025-12-30 06:00:00 - Ngadipiro,143.60516
2025-12-30 12:00:00 - Ngadipiro,143.96655
2025-12-30 18:00:00 - Ngadipiro,144.38925
2025-12-31 06:00:00 - Ngadipiro,144.46274
2025-12-31 12:00:00 - Ngadipiro,143.65988
2025-12-31 18:00:00 - Ngadipiro,144.15707
2026-01-01 06:00:00 - Ngadipiro,143.60014
2026-01-01 12:00:00 - Ngadipiro,143.66449
2026-01-01 18:00:00 - Ngadipiro,144.1353
2026-01-02 06:00:00 - Ngadipiro,145.25333
2026-01-02 12:00:00 - Ngadipiro,144.46597
2026-01-02 18:00:00 - Ngadipiro,144.2793
2026-01-03 06:00:00 - Ngadipiro,143.95497
2026-01-03 12:00:00 - Ngadipiro,143.96077
2026-01-03 18:00:00 - Ngadipiro,144.11545
2026-01-04 06:00:00 - Ngadipiro,143.95389
2026-01-04 12:00:00 - Ngadipiro,144.00378
2026-01-04 18:00:00 - Ngadipiro,143.88058
2026-01-05 06:00:00 - Ngadipiro,143.8325
2026-01-05 12:00:00 - Ngadipiro,143.9012
2026-01-05 18:00:00 - Ngadipiro,143.8422
2026-01-06 06:00:00 - Ngadipiro,144.17699
2026-01-06 12:00:00 - Ngadipiro,144.14822
2026-01-06 18:00:00 - Ngadipiro,144.2852
2026-01-07 06:00:00 - Ngadipiro,143.81868
2026-01-07 12:00:00 - Ngadipiro,143.75418
2026-01-07 18:00:00 - Ngadipiro,144.0854
2026-01-08 06:00:00 - Ngadipiro,144.23558
2026-01-08 12:00:00 - Ngadipiro,144.16982
2026-01-08 18:00:00 - Ngadipiro,144.17128
2026-01-09 06:00:00 - Ngadipiro,144.04996
2026-01-09 12:00:00 - Ngadipiro,144.36891
2026-01-09 18:00:00 - Ngadipiro,143.81416
2026-01-10 06:00:00 - Ngadipiro,144.15585
2026-01-10 12:00:00 - Ngadipiro,144.04063
2026-01-10 18:00:00 - Ngadipiro,144.15051
2026-01-11 06:00:00 - Ngadipiro,144.75334
2026-01-11 12:00:00 - Ngadipiro,144.60959
2026-01-11 18:00:00 - Ngadipiro,144.04199
2026-01-12 06:00:00 - Ngadipiro,144.55699
2026-01-12 12:00:00 - Ngadipiro,144.67705
2026-01-12 18:00:00 - Ngadipiro,144.80545
2026-01-13 06:00:00 - Ngadipiro,144.65483
2026-01-13 12:00:00 - Ngadipiro,144.34651
2026-01-13 18:00:00 - Ngadipiro,145.04811
2026-01-14 06:00:00 - Ngadipiro,144.59892
2026-01-14 12:00:00 - Ngadipiro,144.85547
2026-01-14 18:00:00 - Ngadipiro,145.6772
2026-01-15 06:00:00 - Ngadipiro,144.25952
2026-01-15 12:00:00 - Ngadipiro,144.22926
2026-01-15 18:00:00 - Ngadipiro,144.35667
2026-01-16 06:00:00 - Ngadipiro,144.7643
2026-01-16 12:00:00 - Ngadipiro,144.71304
2026-01-16 18:00:00 - Ngadipiro,144.76978
2026-01-17 06:00:00 - Ngadipiro,144.27475
2026-01-17 12:00:00 - Ngadipiro,144.4663
2026-01-17 18:00:00 - Ngadipiro,144.5223
2026-01-18 06:00:00 - Ngadipiro,145.32622
2026-01-18 12:00:00 - Ngadipiro,144.24341
2026-01-18 18:00:00 - Ngadipiro,144.23854
2026-01-19 06:00:00 - Ngadipiro,144.59425
2026-01-19 12:00:00 - Ngadipiro,143.9693
2026-01-19 18:00:00 - Ngadipiro,144.17116
2026-01-20 06:00:00 - Ngadipiro,144.15892
2026-01-20 12:00:00 - Ngadipiro,144.59485
2026-01-20 18:00:00 - Ngadipiro,144.28404
2026-01-21 06:00:00 - Ngadipiro,143.9859
2026-01-21 12:00:00 - Ngadipiro,144.2612
2026-01-21 18:00:00 - Ngadipiro,143.94487
2026-01-22 06:00:00 - Ngadipiro,144.20416
2026-01-22 12:00:00 - Ngadipiro,143.96815
2026-01-22 18:00:00 - Ngadipiro,144.10081
2026-01-23 06:00:00 - Ngadipiro,144.15288
2026-01-23 12:00:00 - Ngadipiro,143.94284
2026-01-23 18:00:00 - Ngadipiro,145.64899
2026-01-24 06:00:00 - Ngadipiro,144.46957
2026-01-24 12:00:00 - Ngadipiro,144.24419
2026-01-24 18:00:00 - Ngadipiro,144.27255
2026-01-25 06:00:00 - Ngadipiro,143.79399
2026-01-25 12:00:00 - Ngadipiro,143.7795
2026-01-25 18:00:00 - Ngadipiro,143.80579
2026-01-26 06:00:00 - Ngadipiro,143.87149
2026-01-26 12:00:00 - Ngadipiro,144.17635
2026-01-26 18:00:00 - Ngadipiro,143.74426
2026-01-27 06:00:00 - Ngadipiro,144.20724
2026-01-27 12:00:00 - Ngadipiro,143.77983
2026-01-27 18:00:00 - Ngadipiro,146.08696
2026-01-28 06:00:00 - Ngadipiro,144.58984
2026-01-28 12:00:00 - Ngadipiro,144.61949
2026-01-28 18:00:00 - Ngadipiro,145.94539
2026-01-29 06:00:00 - Ngadipiro,144.5835
2026-01-29 12:00:00 - Ngadipiro,144.67244
2026-01-29 18:00:00 - Ngadipiro,144.5195
2026-01-30 06:00:00 - Ngadipiro,144.70071
2026-01-30 12:00:00 - Ngadipiro,144.51817
2026-01-30 18:00:00 - Ngadipiro,144.60371
2026-01-31 06:00:00 - Ngadipiro,144.37572
2026-01-31 12:00:00 - Ngadipiro,144.30484
2026-01-31 18:00:00 - Ngadipiro,144.37468
2026-02-01 06:00:00 - Ngadipiro,144.33694
2026-02-01 12:00:00 - Ngadipiro,144.47688
2026-02-01 18:00:00 - Ngadipiro,144.54813
2026-02-02 06:00:00 - Ngadipiro,144.44016
2026-02-02 12:00:00 - Ngadipiro,144.37378
2026-02-02 18:00:00 - Ngadipiro,144.40329
2026-02-03 06:00:00 - Ngadipiro,144.36066
2026-02-03 12:00:00 - Ngadipiro,144.45859
2026-02-03 18:00:00 - Ngadipiro,144.65602
2026-02-04 06:00:00 - Ngadipiro,144.62988
2026-02-04 12:00:00 - Ngadipiro,144.53935
2026-02-04 18:00:00 - Ngadipiro,144.37715
2026-02-05 06:00:00 - Ngadipiro,143.8815
2026-02-05 12:00:00 - Ngadipiro,143.93544
2026-02-05 18:00:00 - Ngadipiro,144.14398
2026-02-06 06:00:00 - Ngadipiro,144.37622
2026-02-06 12:00:00 - Ngadipiro,144.31827
2026-02-06 18:00:00 - Ngadipiro,144.29614
2026-02-07 06:00:00 - Ngadipiro,144.04793
2026-02-07 12:00:00 - Ngadipiro,144.05258
2026-02-07 18:00:00 - Ngadipiro,144.26855
2026-02-08 06:00:00 - Ngadipiro,144.16145
2026-02-08 12:00:00 - Ngadipiro,144.07027
2026-02-08 18:00:00 - Ngadipiro,144.12074
2026-02-09 06:00:00 - Ngadipiro,144.09966
2026-02-09 12:00:00 - Ngadipiro,144.17635
2026-02-09 18:00:00 - Ngadipiro,144.47186
2026-02-10 06:00:00 - Ngadipiro,144.13803
2026-02-10 12:00:00 - Ngadipiro,143.87672
2026-02-10 18:00:00 - Ngadipiro,144.14084
2026-02-11 06:00:00 - Ngadipiro,144.02324
2026-02-11 12:00:00 - Ngadipiro,143.87988
2026-02-11 18:00:00 - Ngadipiro,144.2037
2026-02-12 06:00:00 - Ngadipiro,144.04558
2026-02-12 12:00:00 - Ngadipiro,143.92273
2026-02-12 18:00:00 - Ngadipiro,144.23682
2026-02-13 06:00:00 - Ngadipiro,144.18875
2026-02-13 12:00:00 - Ngadipiro,144.17592
2026-02-13 18:00:00 - Ngadipiro,144.30281
2026-02-14 06:00:00 - Ngadipiro,144.13857
2026-02-14 12:00:00 - Ngadipiro,144.14177
2026-02-14 18:00:00 - Ngadipiro,144.20166
2026-02-15 06:00:00 - Ngadipiro,144.28206
2026-02-15 12:00:00 - Ngadipiro,144.21922
2026-02-15 18:00:00 - Ngadipiro,144.23038
2026-02-16 06:00:00 - Ngadipiro,144.33403
2026-02-16 12:00:00 - Ngadipiro,144.24321
2026-02-16 18:00:00 - Ngadipiro,144.34496
2026-02-17 06:00:00 - Ngadipiro,144.18419
2026-02-17 12:00:00 - Ngadipiro,144.03142
2026-02-17 18:00:00 - Ngadipiro,144.26451
2026-02-18 06:00:00 - Ngadipiro,144.14787
2026-02-18 12:00:00 - Ngadipiro,144.09903
2026-02-18 18:00:00 - Ngadipiro,144.17258
2026-02-19 06:00:00 - Ngadipiro,144.02429
2026-02-19 12:00:00 - Ngadipiro,143.99016
2026-02-19 18:00:00 - Ngadipiro,144.00731
2026-02-20 06:00:00 - Ngadipiro,143.92474
2026-02-20 12:00:00 - Ngadipiro,143.93025
2026-02-20 18:00:00 - Ngadipiro,143.93816
2026-02-21 06:00:00 - Ngadipiro,143.92819
2026-02-21 12:00:00 - Ngadipiro,143.92424
2026-02-21 18:00:00 - Ngadipiro,143.93243
2026-02-22 06:00:00 - Ngadipiro,143.86296
2026-02-22 12:00:00 - Ngadipiro,145.2814
2026-02-22 18:00:00 - Ngadipiro,144.06903
2026-02-23 06:00:00 - Ngadipiro,145.15167
2026-02-23 12:00:00 - Ngadipiro,144.14423
2026-02-23 18:00:00 - Ngadipiro,144.28162
2026-02-24 06:00:00 - Ngadipiro,144.8837
2026-02-24 12:00:00 - Ngadipiro,144.01065
2026-02-24 18:00:00 - Ngadipiro,144.03223
2026-02-25 06:00:00 - Ngadipiro,143.93175
2026-02-25 12:00:00 - Ngadipiro,144.00467
2026-02-25 18:00:00 - Ngadipiro,143.842
2026-02-26 06:00:00 - Ngadipiro,144.7551
2026-02-26 12:00:00 - Ngadipiro,144.12878
2026-02-26 18:00:00 - Ngadipiro,143.55289
2026-02-27 06:00:00 - Ngadipiro,144.1208
2026-02-27 12:00:00 - Ngadipiro,143.05219
2026-02-27 18:00:00 - Ngadipiro,144.04248
2026-02-28 06:00:00 - Ngadipiro,144.2846
2026-02-28 12:00:00 - Ngadipiro,143.70149
2026-02-28 18:00:00 - Ngadipiro,145.3433
2026-03-01 06:00:00 - Ngadipiro,144.3468
2026-03-01 12:00:00 - Ngadipiro,143.44078
2026-03-01 18:00:00 - Ngadipiro,144.15065
2026-03-02 06:00:00 - Ngadipiro,143.82324
2026-03-02 12:00:00 - Ngadipiro,143.85545
2026-03-02 18:00:00 - Ngadipiro,145.5252
2026-03-03 06:00:00 - Ngadipiro,143.90137
2026-03-03 12:00:00 - Ngadipiro,143.93645
2026-03-03 18:00:00 - Ngadipiro,144.01268
2026-03-04 06:00:00 - Ngadipiro,144.01544
2026-03-04 12:00:00 - Ngadipiro,144.22466
2026-03-04 18:00:00 - Ngadipiro,144.33028
2026-03-05 06:00:00 - Ngadipiro,143.62993
2026-03-05 12:00:00 - Ngadipiro,145.1586
2026-03-05 18:00:00 - Ngadipiro,144.53458
2026-03-06 06:00:00 - Ngadipiro,143.67358
2026-03-06 12:00:00 - Ngadipiro,144.18883
2026-03-06 18:00:00 - Ngadipiro,143.85735
2026-03-07 06:00:00 - Ngadipiro,143.81271
2026-03-07 12:00:00 - Ngadipiro,144.04305
2026-03-07 18:00:00 - Ngadipiro,144.45265
2026-03-08 06:00:00 - Ngadipiro,143.80643
2026-03-08 12:00:00 - Ngadipiro,143.78212
2026-03-08 18:00:00 - Ngadipiro,143.66492
2026-03-09 06:00:00 - Ngadipiro,143.87036
2026-03-09 12:00:00 - Ngadipiro,143.86034
2026-03-09 18:00:00 - Ngadipiro,146.21234
2026-03-10 06:00:00 - Ngadipiro,143.87251
2026-03-10 12:00:00 - Ngadipiro,143.82721
2026-03-10 18:00:00 - Ngadipiro,143.86276
2026-03-11 06:00:00 - Ngadipiro,143.72403
2026-03-11 12:00:00 - Ngadipiro,143.79716
2026-03-11 18:00:00 - Ngadipiro,144.34406
2026-03-12 06:00:00 - Ngadipiro,144.15842
2026-03-12 12:00:00 - Ngadipiro,143.60402
2026-03-12 18:00:00 - Ngadipiro,143.5334
2026-03-13 06:00:00 - Ngadipiro,143.6537
2026-03-13 12:00:00 - Ngadipiro,143.60022
2026-03-13 18:00:00 - Ngadipiro,143.5986
2026-03-14 06:00:00 - Ngadipiro,143.59038
2026-03-14 12:00:00 - Ngadipiro,143.70996
2026-03-14 18:00:00 - Ngadipiro,143.72598
2026-03-15 06:00:00 - Ngadipiro,143.9372
2026-03-15 12:00:00 - Ngadipiro,144.99193
2026-03-15 18:00:00 - Ngadipiro,144.34387
2026-03-16 06:00:00 - Ngadipiro,143.8438
2026-03-16 12:00:00 - Ngadipiro,143.68976
2026-03-16 18:00:00 - Ngadipiro,143.93164
2026-03-17 06:00:00 - Ngadipiro,144.14989
2026-03-17 12:00:00 - Ngadipiro,143.96777
2026-03-17 18:00:00 - Ngadipiro,144.22101
2026-03-18 06:00:00 - Ngadipiro,143.88805
2026-03-18 12:00:00 - Ngadipiro,143.96167
2026-03-18 18:00:00 - Ngadipiro,144.11797
2026-03-19 06:00:00 - Ngadipiro,143.73491
2026-03-19 12:00:00 - Ngadipiro,143.81743
2026-03-19 18:00:00 - Ngadipiro,144.43544
2026-03-20 06:00:00 - Ngadipiro,143.65303
2026-03-20 12:00:00 - Ngadipiro,143.7939
2026-03-20 18:00:00 - Ngadipiro,143.78568
2026-03-21 06:00:00 - Ngadipiro,143.68707
2026-03-21 12:00:00 - Ngadipiro,143.66321
2026-03-21 18:00:00 - Ngadipiro,143.91724
2026-03-22 06:00:00 - Ngadipiro,143.6361
2026-03-22 12:00:00 - Ngadipiro,143.66064
2026-03-22 18:00:00 - Ngadipiro,143.71323
2026-03-23 06:00:00 - Ngadipiro,143.58049
2026-03-23 12:00:00 - Ngadipiro,143.52083
2026-03-23 18:00:00 - Ngadipiro,143.59105
2026-03-24 06:00:00 - Ngadipiro,143.47499
2026-03-24 12:00:00 - Ngadipiro,143.5015
2026-03-24 18:00:00 - Ngadipiro,143.64763
2026-03-25 06:00:00 - Ngadipiro,143.78764
2026-03-25 12:00:00 - Ngadipiro,143.68683
2026-03-25 18:00:00 - Ngadipiro,143.7071
2026-03-26 06:00:00 - Ngadipiro,143.45071
2026-03-26 12:00:00 - Ngadipiro,143.5502
2026-03-26 18:00:00 - Ngadipiro,143.9775
2026-03-27 06:00:00 - Ngadipiro,143.80792
2026-03-27 12:00:00 - Ngadipiro,143.79814
2026-03-27 18:00:00 - Ngadipiro,143.93564
2026-03-28 06:00:00 - Ngadipiro,143.8661
2026-03-28 12:00:00 - Ngadipiro,143.90309
2026-03-28 18:00:00 - Ngadipiro,144.98022
2026-03-29 06:00:00 - Ngadipiro,144.06772
2026-03-29 12:00:00 - Ngadipiro,143.91801
2026-03-29 18:00:00 - Ngadipiro,144.10568
2026-03-30 06:00:00 - Ngadipiro,143.96826
2026-03-30 12:00:00 - Ngadipiro,143.99564
2026-03-30 18:00:00 - Ngadipiro,144.12634
2026-03-31 06:00:00 - Ngadipiro,143.80544
2026-03-31 12:00:00 - Ngadipiro,143.90091
2026-03-31 18:00:00 - Ngadipiro,143.95743
2026-04-01 06:00:00 - Ngadipiro,143.83873
2026-04-01 12:00:00 - Ngadipiro,143.8683
2026-04-01 18:00:00 - Ngadipiro,143.91193
2026-04-02 06:00:00 - Ngadipiro,143.76453
2026-04-02 12:00:00 - Ngadipiro,143.62491
2026-04-02 18:00:00 - Ngadipiro,143.93956
2026-04-03 06:00:00 - Ngadipiro,143.79735
2026-04-03 12:00:00 - Ngadipiro,143.70331
2026-04-03 18:00:00 - Ngadipiro,143.91736
2026-04-04 06:00:00 - Ngadipiro,143.72707
2026-04-04 12:00:00 - Ngadipiro,143.84811
2026-04-04 18:00:00 - Ngadipiro,144.01724
2026-04-05 06:00:00 - Ngadipiro,143.88719
2026-04-05 12:00:00 - Ngadipiro,143.78038
2026-04-05 18:00:00 - Ngadipiro,144.04202
2026-04-06 06:00:00 - Ngadipiro,143.71806
2026-04-06 12:00:00 - Ngadipiro,143.8645
2026-04-06 18:00:00 - Ngadipiro,143.82231
2026-04-07 06:00:00 - Ngadipiro,143.86418
2026-04-07 12:00:00 - Ngadipiro,143.85497
2026-04-07 18:00:00 - Ngadipiro,144.05862
2026-04-08 06:00:00 - Ngadipiro,143.88115
2026-04-08 12:00:00 - Ngadipiro,143.90132
2026-04-08 18:00:00 - Ngadipiro,144.05617
2026-04-09 06:00:00 - Ngadipiro,143.87914
2026-04-09 12:00:00 - Ngadipiro,143.83847
2026-04-09 18:00:00 - Ngadipiro,144.21436
2026-04-10 06:00:00 - Ngadipiro,143.94128
2026-04-10 12:00:00 - Ngadipiro,144.01234
2026-04-10 18:00:00 - Ngadipiro,144.01389
2026-04-11 06:00:00 - Ngadipiro,144.02391
2026-04-11 12:00:00 - Ngadipiro,143.89548
2026-04-11 18:00:00 - Ngadipiro,145.05244
2026-04-12 06:00:00 - Ngadipiro,143.68509
2026-04-12 12:00:00 - Ngadipiro,143.89262
2026-04-12 18:00:00 - Ngadipiro,143.9152
2026-04-13 06:00:00 - Ngadipiro,143.87701
2026-04-13 12:00:00 - Ngadipiro,143.71642
2026-04-13 18:00:00 - Ngadipiro,143.72192
2026-04-14 06:00:00 - Ngadipiro,143.68095
2026-04-14 12:00:00 - Ngadipiro,143.87537
2026-04-14 18:00:00 - Ngadipiro,143.7314
2026-04-15 06:00:00 - Ngadipiro,143.69267
2026-04-15 12:00:00 - Ngadipiro,143.7295
2026-04-15 18:00:00 - Ngadipiro,143.95317
2026-04-16 06:00:00 - Ngadipiro,143.6898
2026-04-16 12:00:00 - Ngadipiro,143.73875
2026-04-16 18:00:00 - Ngadipiro,143.87587
2026-04-17 06:00:00 - Ngadipiro,143.66571
2026-04-17 12:00:00 - Ngadipiro,143.66911
2026-04-17 18:00:00 - Ngadipiro,143.85054
2026-04-18 06:00:00 - Ngadipiro,143.68391
2026-04-18 12:00:00 - Ngadipiro,143.72607
2026-04-18 18:00:00 - Ngadipiro,143.77516
2026-04-19 06:00:00 - Ngadipiro,143.5169
2026-04-19 12:00:00 - Ngadipiro,143.62514
2026-04-19 18:00:00 - Ngadipiro,143.64752
2026-04-20 06:00:00 - Ngadipiro,143.65596
2026-04-20 12:00:00 - Ngadipiro,143.62918
2026-04-20 18:00:00 - Ngadipiro,143.52573
2026-04-21 06:00:00 - Ngadipiro,143.62512
2026-04-21 12:00:00 - Ngadipiro,143.61765
2026-04-21 18:00:00 - Ngadipiro,143.61765
2026-04-22 06:00:00 - Ngadipiro,143.54755
2026-04-22 12:00:00 - Ngadipiro,143.8269
2026-04-22 18:00:00 - Ngadipiro,143.79971
2026-04-23 06:00:00 - Ngadipiro,143.6859
2026-04-23 12:00:00 - Ngadipiro,143.79117
2026-04-23 18:00:00 - Ngadipiro,143.7112
2026-04-24 06:00:00 - Ngadipiro,143.57642
2026-04-24 12:00:00 - Ngadipiro,143.62376
2026-04-24 18:00:00 - Ngadipiro,143.59198
2026-04-25 06:00:00 - Ngadipiro,143.58568
2026-04-25 12:00:00 - Ngadipiro,143.59624
2026-04-25 18:00:00 - Ngadipiro,143.7538
2026-04-26 06:00:00 - Ngadipiro,143.48047
2026-04-26 12:00:00 - Ngadipiro,143.53462
2026-04-26 18:00:00 - Ngadipiro,143.4922
2026-04-27 06:00:00 - Ngadipiro,143.39185
2026-04-27 12:00:00 - Ngadipiro,143.45755
2026-04-27 18:00:00 - Ngadipiro,143.46997
2026-04-28 06:00:00 - Ngadipiro,143.402
2026-04-28 12:00:00 - Ngadipiro,143.4954
2026-04-28 18:00:00 - Ngadipiro,143.53154
2026-04-29 06:00:00 - Ngadipiro,143.55522
2026-04-29 12:00:00 - Ngadipiro,143.61264
2026-04-29 18:00:00 - Ngadipiro,143.66766
2026-04-30 06:00:00 - Ngadipiro,143.63397
2026-04-30 12:00:00 - Ngadipiro,143.71844
2026-04-30 18:00:00 - Ngadipiro,145.00145
2026-05-01 06:00:00 - Ngadipiro,144.09831
2026-05-01 12:00:00 - Ngadipiro,143.77773
2026-05-01 18:00:00 - Ngadipiro,143.53995
2026-05-02 06:00:00 - Ngadipiro,143.57474
2026-05-02 12:00:00 - Ngadipiro,143.63493
2026-05-02 18:00:00 - Ngadipiro,143.79733
2026-05-03 06:00:00 - Ngadipiro,143.46281
2026-05-03 12:00:00 - Ngadipiro,143.5374
2026-05-03 18:00:00 - Ngadipiro,143.58015
2026-05-04 06:00:00 - Ngadipiro,143.66205
2026-05-04 12:00:00 - Ngadipiro,143.63731
2026-05-04 18:00:00 - Ngadipiro,143.60628
2026-05-05 06:00:00 - Ngadipiro,143.63806
2026-05-05 12:00:00 - Ngadipiro,143.60779
2026-05-05 18:00:00 - Ngadipiro,143.59375
2026-05-06 06:00:00 - Ngadipiro,143.5597
2026-05-06 12:00:00 - Ngadipiro,143.42632
2026-05-06 18:00:00 - Ngadipiro,143.42068
2026-05-07 06:00:00 - Ngadipiro,143.38216
2026-05-07 12:00:00 - Ngadipiro,143.40752
2026-05-07 18:00:00 - Ngadipiro,143.39021
2026-05-08 06:00:00 - Ngadipiro,143.41391
2026-05-08 12:00:00 - Ngadipiro,143.35484
2026-05-08 18:00:00 - Ngadipiro,143.38322
2026-05-09 06:00:00 - Ngadipiro,143.34528
2026-05-09 12:00:00 - Ngadipiro,143.41609
2026-05-09 18:00:00 - Ngadipiro,143.34789
2026-05-10 06:00:00 - Ngadipiro,143.33919
2026-05-10 12:00:00 - Ngadipiro,143.34581
2026-05-10 18:00:00 - Ngadipiro,143.38223
2026-05-11 06:00:00 - Ngadipiro,143.40607
2026-05-11 12:00:00 - Ngadipiro,143.40813
2026-05-11 18:00:00 - Ngadipiro,143.37938
2026-05-12 06:00:00 - Ngadipiro,143.3802
2026-05-12 12:00:00 - Ngadipiro,143.39803
2026-05-12 18:00:00 - Ngadipiro,143.48299
2026-05-13 06:00:00 - Ngadipiro,143.51714
2026-05-13 12:00:00 - Ngadipiro,143.41304
2026-05-13 18:00:00 - Ngadipiro,143.35054
2026-05-14 06:00:00 - Ngadipiro,143.40381
2026-05-14 12:00:00 - Ngadipiro,143.36357
2026-05-14 18:00:00 - Ngadipiro,143.50534
2026-05-15 06:00:00 - Ngadipiro,143.63336
2026-05-15 12:00:00 - Ngadipiro,143.63568
2026-05-15 18:00:00 - Ngadipiro,143.537
2026-05-16 06:00:00 - Ngadipiro,143.56404
2026-05-16 12:00:00 - Ngadipiro,143.63051
2026-05-16 18:00:00 - Ngadipiro,143.81987
2026-05-17 06:00:00 - Ngadipiro,143.70663
2026-05-17 12:00:00 - Ngadipiro,143.63507
2026-05-17 18:00:00 - Ngadipiro,143.46013
2026-05-18 06:00:00 - Ngadipiro,143.42172
2026-05-18 12:00:00 - Ngadipiro,143.48624
2026-05-18 18:00:00 - Ngadipiro,143.47751
2025-09-19 06:00:00 - Ngrembang,139.92166
2025-09-19 12:00:00 - Ngrembang,139.94487
2025-09-19 18:00:00 - Ngrembang,139.90225
2025-09-20 06:00:00 - Ngrembang,139.92723
2025-09-20 12:00:00 - Ngrembang,139.92564
2025-09-20 18:00:00 - Ngrembang,139.90627
2025-09-21 06:00:00 - Ngrembang,139.95659
2025-09-21 12:00:00 - Ngrembang,139.94579
2025-09-21 18:00:00 - Ngrembang,139.9457
2025-09-22 06:00:00 - Ngrembang,140.00366
2025-09-22 12:00:00 - Ngrembang,139.98257
2025-09-22 18:00:00 - Ngrembang,139.94142
2025-09-23 06:00:00 - Ngrembang,139.93738
2025-09-23 12:00:00 - Ngrembang,139.93814
2025-09-23 18:00:00 - Ngrembang,139.93431
2025-09-24 06:00:00 - Ngrembang,139.97978
2025-09-24 12:00:00 - Ngrembang,139.96617
2025-09-24 18:00:00 - Ngrembang,139.94203
2025-09-25 06:00:00 - Ngrembang,139.9634
2025-09-25 12:00:00 - Ngrembang,139.9651
2025-09-25 18:00:00 - Ngrembang,139.90837
2025-09-26 06:00:00 - Ngrembang,139.92834
2025-09-26 12:00:00 - Ngrembang,139.89822
2025-09-26 18:00:00 - Ngrembang,139.88603
2025-09-27 06:00:00 - Ngrembang,139.93443
2025-09-27 12:00:00 - Ngrembang,139.89682
2025-09-27 18:00:00 - Ngrembang,139.92035
2025-09-28 06:00:00 - Ngrembang,139.94612
2025-09-28 12:00:00 - Ngrembang,139.86906
2025-09-28 18:00:00 - Ngrembang,139.88364
2025-09-29 06:00:00 - Ngrembang,139.93706
2025-09-29 12:00:00 - Ngrembang,139.87962
2025-09-29 18:00:00 - Ngrembang,139.9006
2025-09-30 06:00:00 - Ngrembang,139.94968
2025-09-30 12:00:00 - Ngrembang,139.89503
2025-09-30 18:00:00 - Ngrembang,139.93059
2025-10-01 06:00:00 - Ngrembang,139.9847
2025-10-01 12:00:00 - Ngrembang,139.89073
2025-10-01 18:00:00 - Ngrembang,139.90439
2025-10-02 06:00:00 - Ngrembang,140.04393
2025-10-02 12:00:00 - Ngrembang,139.90897
2025-10-02 18:00:00 - Ngrembang,140.03648
2025-10-03 06:00:00 - Ngrembang,140.02263
2025-10-03 12:00:00 - Ngrembang,139.96046
2025-10-03 18:00:00 - Ngrembang,139.9663
2025-10-04 06:00:00 - Ngrembang,140.02101
2025-10-04 12:00:00 - Ngrembang,139.95248
2025-10-04 18:00:00 - Ngrembang,139.96185
2025-10-05 06:00:00 - Ngrembang,140.01051
2025-10-05 12:00:00 - Ngrembang,139.98854
2025-10-05 18:00:00 - Ngrembang,139.96912
2025-10-06 06:00:00 - Ngrembang,139.94922
2025-10-06 12:00:00 - Ngrembang,139.93425
2025-10-06 18:00:00 - Ngrembang,139.88945
2025-10-07 06:00:00 - Ngrembang,139.96416
2025-10-07 12:00:00 - Ngrembang,139.95338
2025-10-07 18:00:00 - Ngrembang,139.93825
2025-10-08 06:00:00 - Ngrembang,139.97318
2025-10-08 12:00:00 - Ngrembang,139.92131
2025-10-08 18:00:00 - Ngrembang,139.93982
2025-10-09 06:00:00 - Ngrembang,139.99825
2025-10-09 12:00:00 - Ngrembang,139.96466
2025-10-09 18:00:00 - Ngrembang,139.96495
2025-10-10 06:00:00 - Ngrembang,139.96445
2025-10-10 12:00:00 - Ngrembang,139.92172
2025-10-10 18:00:00 - Ngrembang,139.96254
2025-10-11 06:00:00 - Ngrembang,139.97299
2025-10-11 12:00:00 - Ngrembang,139.9101
2025-10-11 18:00:00 - Ngrembang,139.95279
2025-10-12 06:00:00 - Ngrembang,139.9715
2025-10-12 12:00:00 - Ngrembang,139.90231
2025-10-12 18:00:00 - Ngrembang,139.95064
2025-10-13 06:00:00 - Ngrembang,140.01413
2025-10-13 12:00:00 - Ngrembang,139.91043
2025-10-13 18:00:00 - Ngrembang,139.97333
2025-10-14 06:00:00 - Ngrembang,139.99715
2025-10-14 12:00:00 - Ngrembang,139.90999
2025-10-14 18:00:00 - Ngrembang,139.96063
2025-10-15 06:00:00 - Ngrembang,139.98624
2025-10-15 12:00:00 - Ngrembang,139.9387
2025-10-15 18:00:00 - Ngrembang,139.98836
2025-10-16 06:00:00 - Ngrembang,140.01012
2025-10-16 12:00:00 - Ngrembang,139.96364
2025-10-16 18:00:00 - Ngrembang,139.96599
2025-10-17 06:00:00 - Ngrembang,139.93889
2025-10-17 12:00:00 - Ngrembang,139.9233
2025-10-17 18:00:00 - Ngrembang,139.92888
2025-10-18 06:00:00 - Ngrembang,139.97452
2025-10-18 12:00:00 - Ngrembang,139.9114
2025-10-18 18:00:00 - Ngrembang,139.89882
2025-10-19 06:00:00 - Ngrembang,139.95583
2025-10-19 12:00:00 - Ngrembang,139.95473
2025-10-19 18:00:00 - Ngrembang,139.86177
2025-10-20 06:00:00 - Ngrembang,139.98871
2025-10-20 12:00:00 - Ngrembang,139.97037
2025-10-20 18:00:00 - Ngrembang,139.91461
2025-10-21 06:00:00 - Ngrembang,140.15169
2025-10-21 12:00:00 - Ngrembang,140.03717
2025-10-21 18:00:00 - Ngrembang,140.01688
2025-10-22 06:00:00 - Ngrembang,140.08963
2025-10-22 12:00:00 - Ngrembang,140.1505
2025-10-22 18:00:00 - Ngrembang,139.9601
2025-10-23 06:00:00 - Ngrembang,140.183
2025-10-23 12:00:00 - Ngrembang,140.2004
2025-10-23 18:00:00 - Ngrembang,140.09879
2025-10-24 06:00:00 - Ngrembang,140.23557
2025-10-24 12:00:00 - Ngrembang,140.25076
2025-10-24 18:00:00 - Ngrembang,140.22276
2025-10-25 06:00:00 - Ngrembang,140.1257
2025-10-25 12:00:00 - Ngrembang,140.12889
2025-10-25 18:00:00 - Ngrembang,140.11464
2025-10-26 06:00:00 - Ngrembang,139.87862
2025-10-26 12:00:00 - Ngrembang,140.13562
2025-10-26 18:00:00 - Ngrembang,140.01181
2025-10-27 06:00:00 - Ngrembang,139.9297
2025-10-27 12:00:00 - Ngrembang,139.96327
2025-10-27 18:00:00 - Ngrembang,139.91415
2025-10-28 06:00:00 - Ngrembang,140.01028
2025-10-28 12:00:00 - Ngrembang,139.92548
2025-10-28 18:00:00 - Ngrembang,140.0764
2025-10-29 06:00:00 - Ngrembang,139.95116
2025-10-29 12:00:00 - Ngrembang,139.99196
2025-10-29 18:00:00 - Ngrembang,140.07962
2025-10-30 06:00:00 - Ngrembang,139.93388
2025-10-30 12:00:00 - Ngrembang,139.94342
2025-10-30 18:00:00 - Ngrembang,140.00136
2025-10-31 06:00:00 - Ngrembang,140.04118
2025-10-31 12:00:00 - Ngrembang,139.95747
2025-10-31 18:00:00 - Ngrembang,140.13838
2025-11-01 06:00:00 - Ngrembang,139.7316
2025-11-01 12:00:00 - Ngrembang,139.84265
2025-11-01 18:00:00 - Ngrembang,139.86394
2025-11-02 06:00:00 - Ngrembang,140.14455
2025-11-02 12:00:00 - Ngrembang,139.91696
2025-11-02 18:00:00 - Ngrembang,139.97078
2025-11-03 06:00:00 - Ngrembang,140.08934
2025-11-03 12:00:00 - Ngrembang,140.06526
2025-11-03 18:00:00 - Ngrembang,140.23953
2025-11-04 06:00:00 - Ngrembang,140.20184
2025-11-04 12:00:00 - Ngrembang,140.2341
2025-11-04 18:00:00 - Ngrembang,140.45493
2025-11-05 06:00:00 - Ngrembang,140.09444
2025-11-05 12:00:00 - Ngrembang,139.98929
2025-11-05 18:00:00 - Ngrembang,140.28333
2025-11-06 06:00:00 - Ngrembang,140.30064
2025-11-06 12:00:00 - Ngrembang,140.13492
2025-11-06 18:00:00 - Ngrembang,140.27527
2025-11-07 06:00:00 - Ngrembang,140.13564
2025-11-07 12:00:00 - Ngrembang,140.07706
2025-11-07 18:00:00 - Ngrembang,140.16049
2025-11-08 06:00:00 - Ngrembang,140.20036
2025-11-08 12:00:00 - Ngrembang,140.24283
2025-11-08 18:00:00 - Ngrembang,140.81401
2025-11-09 06:00:00 - Ngrembang,142.17789
2025-11-09 12:00:00 - Ngrembang,141.05562
2025-11-09 18:00:00 - Ngrembang,141.22118
2025-11-10 06:00:00 - Ngrembang,140.98813
2025-11-10 12:00:00 - Ngrembang,140.88785
2025-11-10 18:00:00 - Ngrembang,140.89511
2025-11-11 06:00:00 - Ngrembang,141.20865
2025-11-11 12:00:00 - Ngrembang,140.89331
2025-11-11 18:00:00 - Ngrembang,141.09393
2025-11-12 06:00:00 - Ngrembang,141.0995
2025-11-12 12:00:00 - Ngrembang,140.91101
2025-11-12 18:00:00 - Ngrembang,141.02275
2025-11-13 06:00:00 - Ngrembang,141.1728
2025-11-13 12:00:00 - Ngrembang,140.80057
2025-11-13 18:00:00 - Ngrembang,141.00423
2025-11-14 06:00:00 - Ngrembang,141.1082
2025-11-14 12:00:00 - Ngrembang,140.92018
2025-11-14 18:00:00 - Ngrembang,141.03026
2025-11-15 06:00:00 - Ngrembang,140.7166
2025-11-15 12:00:00 - Ngrembang,141.10884
2025-11-15 18:00:00 - Ngrembang,140.8166
2025-11-16 06:00:00 - Ngrembang,140.42245
2025-11-16 12:00:00 - Ngrembang,140.40416
2025-11-16 18:00:00 - Ngrembang,140.60054
2025-11-17 06:00:00 - Ngrembang,140.41599
2025-11-17 12:00:00 - Ngrembang,140.4683
2025-11-17 18:00:00 - Ngrembang,140.57698
2025-11-18 06:00:00 - Ngrembang,140.36446
2025-11-18 12:00:00 - Ngrembang,140.3478
2025-11-18 18:00:00 - Ngrembang,140.4138
2025-11-19 06:00:00 - Ngrembang,140.73564
2025-11-19 12:00:00 - Ngrembang,140.75002
2025-11-19 18:00:00 - Ngrembang,140.6748
2025-11-20 06:00:00 - Ngrembang,140.55472
2025-11-20 12:00:00 - Ngrembang,140.51643
2025-11-20 18:00:00 - Ngrembang,140.60716
2025-11-21 06:00:00 - Ngrembang,140.60275
2025-11-21 12:00:00 - Ngrembang,140.63156
2025-11-21 18:00:00 - Ngrembang,140.81856
2025-11-22 06:00:00 - Ngrembang,140.61024
2025-11-22 12:00:00 - Ngrembang,140.71367
2025-11-22 18:00:00 - Ngrembang,140.62018
2025-11-23 06:00:00 - Ngrembang,140.47966
2025-11-23 12:00:00 - Ngrembang,140.42404
2025-11-23 18:00:00 - Ngrembang,140.39752
2025-11-24 06:00:00 - Ngrembang,140.61655
2025-11-24 12:00:00 - Ngrembang,140.71347
2025-11-24 18:00:00 - Ngrembang,140.50075
2025-11-25 06:00:00 - Ngrembang,140.68063
2025-11-25 12:00:00 - Ngrembang,140.45576
2025-11-25 18:00:00 - Ngrembang,140.47227
2025-11-26 06:00:00 - Ngrembang,140.67363
2025-11-26 12:00:00 - Ngrembang,140.6209
2025-11-26 18:00:00 - Ngrembang,140.51689
2025-11-27 06:00:00 - Ngrembang,140.57117
2025-11-27 12:00:00 - Ngrembang,140.7267
2025-11-27 18:00:00 - Ngrembang,140.72589
2025-11-28 06:00:00 - Ngrembang,140.61737
2025-11-28 12:00:00 - Ngrembang,140.67369
2025-11-28 18:00:00 - Ngrembang,140.61874
2025-11-29 06:00:00 - Ngrembang,140.50642
2025-11-29 12:00:00 - Ngrembang,140.61363
2025-11-29 18:00:00 - Ngrembang,140.72871
2025-11-30 06:00:00 - Ngrembang,140.81718
2025-11-30 12:00:00 - Ngrembang,140.66193
2025-11-30 18:00:00 - Ngrembang,140.6515
2025-12-01 06:00:00 - Ngrembang,140.76292
2025-12-01 12:00:00 - Ngrembang,140.73433
2025-12-01 18:00:00 - Ngrembang,140.81825
2025-12-02 06:00:00 - Ngrembang,140.62773
2025-12-02 12:00:00 - Ngrembang,140.64343
2025-12-02 18:00:00 - Ngrembang,140.84914
2025-12-03 06:00:00 - Ngrembang,140.77238
2025-12-03 12:00:00 - Ngrembang,140.33344
2025-12-03 18:00:00 - Ngrembang,140.65404
2025-12-04 06:00:00 - Ngrembang,140.3116
2025-12-04 12:00:00 - Ngrembang,140.26978
2025-12-04 18:00:00 - Ngrembang,140.6734
2025-12-05 06:00:00 - Ngrembang,140.5461
2025-12-05 12:00:00 - Ngrembang,140.57104
2025-12-05 18:00:00 - Ngrembang,140.71407
2025-12-06 06:00:00 - Ngrembang,140.50128
2025-12-06 12:00:00 - Ngrembang,140.54974
2025-12-06 18:00:00 - Ngrembang,140.62834
2025-12-07 06:00:00 - Ngrembang,140.4516
2025-12-07 12:00:00 - Ngrembang,140.57571
2025-12-07 18:00:00 - Ngrembang,140.51953
2025-12-08 06:00:00 - Ngrembang,140.50882
2025-12-08 12:00:00 - Ngrembang,140.49538
2025-12-08 18:00:00 - Ngrembang,140.68033
2025-12-09 06:00:00 - Ngrembang,140.747
2025-12-09 12:00:00 - Ngrembang,140.95892
2025-12-09 18:00:00 - Ngrembang,140.73997
2025-12-10 06:00:00 - Ngrembang,140.55139
2025-12-10 12:00:00 - Ngrembang,140.64568
2025-12-10 18:00:00 - Ngrembang,140.57089
2025-12-11 06:00:00 - Ngrembang,140.3943
2025-12-11 12:00:00 - Ngrembang,140.37938
2025-12-11 18:00:00 - Ngrembang,140.48447
2025-12-12 06:00:00 - Ngrembang,140.34265
2025-12-12 12:00:00 - Ngrembang,140.24194
2025-12-12 18:00:00 - Ngrembang,140.16191
2025-12-13 06:00:00 - Ngrembang,140.18407
2025-12-13 12:00:00 - Ngrembang,140.17818
2025-12-13 18:00:00 - Ngrembang,140.0733
2025-12-14 06:00:00 - Ngrembang,140.10565
2025-12-14 12:00:00 - Ngrembang,140.13039
2025-12-14 18:00:00 - Ngrembang,140.21086
2025-12-15 06:00:00 - Ngrembang,140.10039
2025-12-15 12:00:00 - Ngrembang,140.11751
2025-12-15 18:00:00 - Ngrembang,140.09792
2025-12-16 06:00:00 - Ngrembang,140.12193
2025-12-16 12:00:00 - Ngrembang,140.09166
2025-12-16 18:00:00 - Ngrembang,140.13885
2025-12-17 06:00:00 - Ngrembang,140.0937
2025-12-17 12:00:00 - Ngrembang,140.1223
2025-12-17 18:00:00 - Ngrembang,140.15773
2025-12-18 06:00:00 - Ngrembang,140.11163
2025-12-18 12:00:00 - Ngrembang,140.11295
2025-12-18 18:00:00 - Ngrembang,140.15741
2025-12-19 06:00:00 - Ngrembang,140.12537
2025-12-19 12:00:00 - Ngrembang,140.56236
2025-12-19 18:00:00 - Ngrembang,140.5573
2025-12-20 06:00:00 - Ngrembang,140.04987
2025-12-20 12:00:00 - Ngrembang,140.52834
2025-12-20 18:00:00 - Ngrembang,140.13826
2025-12-21 06:00:00 - Ngrembang,140.08682
2025-12-21 12:00:00 - Ngrembang,140.596
2025-12-21 18:00:00 - Ngrembang,140.1812
2025-12-22 06:00:00 - Ngrembang,140.54747
2025-12-22 12:00:00 - Ngrembang,140.53726
2025-12-22 18:00:00 - Ngrembang,140.50497
2025-12-23 06:00:00 - Ngrembang,140.43169
2025-12-23 12:00:00 - Ngrembang,140.63176
2025-12-23 18:00:00 - Ngrembang,140.57011
2025-12-24 06:00:00 - Ngrembang,140.17274
2025-12-24 12:00:00 - Ngrembang,140.65244
2025-12-24 18:00:00 - Ngrembang,140.63017
2025-12-25 06:00:00 - Ngrembang,140.2947
2025-12-25 12:00:00 - Ngrembang,140.24872
2025-12-25 18:00:00 - Ngrembang,140.7151
2025-12-26 06:00:00 - Ngrembang,141.03752
2025-12-26 12:00:00 - Ngrembang,140.24966
2025-12-26 18:00:00 - Ngrembang,140.71065
2025-12-27 06:00:00 - Ngrembang,140.16415
2025-12-27 12:00:00 - Ngrembang,140.32726
2025-12-27 18:00:00 - Ngrembang,140.23122
2025-12-28 06:00:00 - Ngrembang,140.54652
2025-12-28 12:00:00 - Ngrembang,140.61632
2025-12-28 18:00:00 - Ngrembang,140.5527
2025-12-29 06:00:00 - Ngrembang,140.58038
2025-12-29 12:00:00 - Ngrembang,140.5989
2025-12-29 18:00:00 - Ngrembang,140.54266
2025-12-30 06:00:00 - Ngrembang,140.15805
2025-12-30 12:00:00 - Ngrembang,140.60495
2025-12-30 18:00:00 - Ngrembang,140.61623
2025-12-31 06:00:00 - Ngrembang,140.61353
2025-12-31 12:00:00 - Ngrembang,140.22987
2025-12-31 18:00:00 - Ngrembang,140.45639
2026-01-01 06:00:00 - Ngrembang,140.1714
2026-01-01 12:00:00 - Ngrembang,140.16518
2026-01-01 18:00:00 - Ngrembang,140.5226
2026-01-02 06:00:00 - Ngrembang,140.33331
2026-01-02 12:00:00 - Ngrembang,140.81322
2026-01-02 18:00:00 - Ngrembang,140.53432
2026-01-03 06:00:00 - Ngrembang,140.24216
2026-01-03 12:00:00 - Ngrembang,140.63837
2026-01-03 18:00:00 - Ngrembang,140.5218
2026-01-04 06:00:00 - Ngrembang,140.30809
2026-01-04 12:00:00 - Ngrembang,140.27182
2026-01-04 18:00:00 - Ngrembang,140.13629
2026-01-05 06:00:00 - Ngrembang,140.09984
2026-01-05 12:00:00 - Ngrembang,140.0566
2026-01-05 18:00:00 - Ngrembang,140.07985
2026-01-06 06:00:00 - Ngrembang,140.47133
2026-01-06 12:00:00 - Ngrembang,140.50673
2026-01-06 18:00:00 - Ngrembang,140.0242
2026-01-07 06:00:00 - Ngrembang,140.26831
2026-01-07 12:00:00 - Ngrembang,140.29231
2026-01-07 18:00:00 - Ngrembang,140.70277
2026-01-08 06:00:00 - Ngrembang,140.67848
2026-01-08 12:00:00 - Ngrembang,140.75044
2026-01-08 18:00:00 - Ngrembang,140.65254
2026-01-09 06:00:00 - Ngrembang,140.28893
2026-01-09 12:00:00 - Ngrembang,140.24626
2026-01-09 18:00:00 - Ngrembang,140.42943
2026-01-10 06:00:00 - Ngrembang,140.51521
2026-01-10 12:00:00 - Ngrembang,140.62758
2026-01-10 18:00:00 - Ngrembang,140.50606
2026-01-11 06:00:00 - Ngrembang,140.84952
2026-01-11 12:00:00 - Ngrembang,140.82158
2026-01-11 18:00:00 - Ngrembang,140.59323
2026-01-12 06:00:00 - Ngrembang,140.41608
2026-01-12 12:00:00 - Ngrembang,141.21785
2026-01-12 18:00:00 - Ngrembang,141.03044
2026-01-13 06:00:00 - Ngrembang,140.95894
2026-01-13 12:00:00 - Ngrembang,140.80981
2026-01-13 18:00:00 - Ngrembang,140.904
2026-01-14 06:00:00 - Ngrembang,141.07156
2026-01-14 12:00:00 - Ngrembang,141.54572
2026-01-14 18:00:00 - Ngrembang,142.67574
2026-01-15 06:00:00 - Ngrembang,141.26639
2026-01-15 12:00:00 - Ngrembang,141.05228
2026-01-15 18:00:00 - Ngrembang,141.07207
2026-01-16 06:00:00 - Ngrembang,140.7873
2026-01-16 12:00:00 - Ngrembang,141.2797
2026-01-16 18:00:00 - Ngrembang,141.37634
2026-01-17 06:00:00 - Ngrembang,140.75557
2026-01-17 12:00:00 - Ngrembang,140.88362
2026-01-17 18:00:00 - Ngrembang,140.62256
2026-01-18 06:00:00 - Ngrembang,141.79202
2026-01-18 12:00:00 - Ngrembang,140.59013
2026-01-18 18:00:00 - Ngrembang,140.59923
2026-01-19 06:00:00 - Ngrembang,140.9514
2026-01-19 12:00:00 - Ngrembang,140.63081
2026-01-19 18:00:00 - Ngrembang,140.93884
2026-01-20 06:00:00 - Ngrembang,140.25511
2026-01-20 12:00:00 - Ngrembang,141.14313
2026-01-20 18:00:00 - Ngrembang,140.43037
2026-01-21 06:00:00 - Ngrembang,140.20224
2026-01-21 12:00:00 - Ngrembang,140.7971
2026-01-21 18:00:00 - Ngrembang,140.61021
2026-01-22 06:00:00 - Ngrembang,140.8913
2026-01-22 12:00:00 - Ngrembang,140.54686
2026-01-22 18:00:00 - Ngrembang,141.01012
2026-01-23 06:00:00 - Ngrembang,140.56868
2026-01-23 12:00:00 - Ngrembang,140.53078
2026-01-23 18:00:00 - Ngrembang,141.70573
2026-01-24 06:00:00 - Ngrembang,140.42752
2026-01-24 12:00:00 - Ngrembang,140.40198
2026-01-24 18:00:00 - Ngrembang,140.29733
2026-01-25 06:00:00 - Ngrembang,140.14958
2026-01-25 12:00:00 - Ngrembang,140.54965
2026-01-25 18:00:00 - Ngrembang,140.79759
2026-01-26 06:00:00 - Ngrembang,140.13695
2026-01-26 12:00:00 - Ngrembang,140.6249
2026-01-26 18:00:00 - Ngrembang,140.37253
2026-01-27 06:00:00 - Ngrembang,140.44551
2026-01-27 12:00:00 - Ngrembang,140.38326
2026-01-27 18:00:00 - Ngrembang,141.56761
2026-01-28 06:00:00 - Ngrembang,140.8429
2026-01-28 12:00:00 - Ngrembang,142.82845
2026-01-28 18:00:00 - Ngrembang,142.3531
2026-01-29 06:00:00 - Ngrembang,140.3999
2026-01-29 12:00:00 - Ngrembang,140.52087
2026-01-29 18:00:00 - Ngrembang,141.07112
2026-01-30 06:00:00 - Ngrembang,141.27791
2026-01-30 12:00:00 - Ngrembang,141.0753
2026-01-30 18:00:00 - Ngrembang,141.30626
2026-01-31 06:00:00 - Ngrembang,140.46556
2026-01-31 12:00:00 - Ngrembang,141.0005
2026-01-31 18:00:00 - Ngrembang,140.9628
2026-02-01 06:00:00 - Ngrembang,141.01024
2026-02-01 12:00:00 - Ngrembang,141.22711
2026-02-01 18:00:00 - Ngrembang,141.38492
2026-02-02 06:00:00 - Ngrembang,140.91573
2026-02-02 12:00:00 - Ngrembang,140.71109
2026-02-02 18:00:00 - Ngrembang,141.02753
2026-02-03 06:00:00 - Ngrembang,140.81184
2026-02-03 12:00:00 - Ngrembang,141.07524
2026-02-03 18:00:00 - Ngrembang,141.01802
2026-02-04 06:00:00 - Ngrembang,141.01448
2026-02-04 12:00:00 - Ngrembang,141.12544
2026-02-04 18:00:00 - Ngrembang,140.82909
2026-02-05 06:00:00 - Ngrembang,140.23354
2026-02-05 12:00:00 - Ngrembang,140.72765
2026-02-05 18:00:00 - Ngrembang,140.34673
2026-02-06 06:00:00 - Ngrembang,140.65305
2026-02-06 12:00:00 - Ngrembang,140.69156
2026-02-06 18:00:00 - Ngrembang,140.70622
2026-02-07 06:00:00 - Ngrembang,140.24806
2026-02-07 12:00:00 - Ngrembang,140.32948
2026-02-07 18:00:00 - Ngrembang,140.32634
2026-02-08 06:00:00 - Ngrembang,140.33018
2026-02-08 12:00:00 - Ngrembang,140.29944
2026-02-08 18:00:00 - Ngrembang,140.28203
2026-02-09 06:00:00 - Ngrembang,140.23381
2026-02-09 12:00:00 - Ngrembang,140.37585
2026-02-09 18:00:00 - Ngrembang,140.60945
2026-02-10 06:00:00 - Ngrembang,140.17087
2026-02-10 12:00:00 - Ngrembang,140.29575
2026-02-10 18:00:00 - Ngrembang,140.49744
2026-02-11 06:00:00 - Ngrembang,140.22798
2026-02-11 12:00:00 - Ngrembang,140.38225
2026-02-11 18:00:00 - Ngrembang,140.55682
2026-02-12 06:00:00 - Ngrembang,140.02917
2026-02-12 12:00:00 - Ngrembang,140.42574
2026-02-12 18:00:00 - Ngrembang,140.62509
2026-02-13 06:00:00 - Ngrembang,140.7879
2026-02-13 12:00:00 - Ngrembang,140.67612
2026-02-13 18:00:00 - Ngrembang,140.37277
2026-02-14 06:00:00 - Ngrembang,140.42584
2026-02-14 12:00:00 - Ngrembang,140.62927
2026-02-14 18:00:00 - Ngrembang,140.77213
2026-02-15 06:00:00 - Ngrembang,141.04468
2026-02-15 12:00:00 - Ngrembang,140.52353
2026-02-15 18:00:00 - Ngrembang,140.48024
2026-02-16 06:00:00 - Ngrembang,140.76158
2026-02-16 12:00:00 - Ngrembang,140.44931
2026-02-16 18:00:00 - Ngrembang,140.84135
2026-02-17 06:00:00 - Ngrembang,140.23656
2026-02-17 12:00:00 - Ngrembang,140.19559
2026-02-17 18:00:00 - Ngrembang,140.47955
2026-02-18 06:00:00 - Ngrembang,140.51538
2026-02-18 12:00:00 - Ngrembang,141.4408
2026-02-18 18:00:00 - Ngrembang,140.90538
2026-02-19 06:00:00 - Ngrembang,140.54189
2026-02-19 12:00:00 - Ngrembang,140.30583
2026-02-19 18:00:00 - Ngrembang,140.505
2026-02-20 06:00:00 - Ngrembang,140.27563
2026-02-20 12:00:00 - Ngrembang,140.3597
2026-02-20 18:00:00 - Ngrembang,140.40088
2026-02-21 06:00:00 - Ngrembang,140.41269
2026-02-21 12:00:00 - Ngrembang,140.30994
2026-02-21 18:00:00 - Ngrembang,140.52702
2026-02-22 06:00:00 - Ngrembang,140.2085
2026-02-22 12:00:00 - Ngrembang,141.2875
2026-02-22 18:00:00 - Ngrembang,141.51346
2026-02-23 06:00:00 - Ngrembang,141.70833
2026-02-23 12:00:00 - Ngrembang,140.77568
2026-02-23 18:00:00 - Ngrembang,140.75325
2026-02-24 06:00:00 - Ngrembang,140.45671
2026-02-24 12:00:00 - Ngrembang,140.3564
2026-02-24 18:00:00 - Ngrembang,140.43158
2026-02-25 06:00:00 - Ngrembang,140.87932
2026-02-25 12:00:00 - Ngrembang,140.65337
2026-02-25 18:00:00 - Ngrembang,140.51103
2026-02-26 06:00:00 - Ngrembang,140.6504
2026-02-26 12:00:00 - Ngrembang,140.6777
2026-02-26 18:00:00 - Ngrembang,140.54526
2026-02-27 06:00:00 - Ngrembang,140.30635
2026-02-27 12:00:00 - Ngrembang,140.40944
2026-02-27 18:00:00 - Ngrembang,140.67883
2026-02-28 06:00:00 - Ngrembang,140.34135
2026-02-28 12:00:00 - Ngrembang,140.24817
2026-02-28 18:00:00 - Ngrembang,140.33066
2026-03-01 06:00:00 - Ngrembang,140.49675
2026-03-01 12:00:00 - Ngrembang,140.39632
2026-03-01 18:00:00 - Ngrembang,140.44308
2026-03-02 06:00:00 - Ngrembang,140.34825
2026-03-02 12:00:00 - Ngrembang,140.28809
2026-03-02 18:00:00 - Ngrembang,142.61546
2026-03-03 06:00:00 - Ngrembang,140.63554
2026-03-03 12:00:00 - Ngrembang,140.49068
2026-03-03 18:00:00 - Ngrembang,140.69954
2026-03-04 06:00:00 - Ngrembang,140.56184
2026-03-04 12:00:00 - Ngrembang,140.70023
2026-03-04 18:00:00 - Ngrembang,140.74489
2026-03-05 06:00:00 - Ngrembang,141.08907
2026-03-05 12:00:00 - Ngrembang,140.8674
2026-03-05 18:00:00 - Ngrembang,140.85204
2026-03-06 06:00:00 - Ngrembang,140.4248
2026-03-06 12:00:00 - Ngrembang,140.32268
2026-03-06 18:00:00 - Ngrembang,140.2966
2026-03-07 06:00:00 - Ngrembang,140.27461
2026-03-07 12:00:00 - Ngrembang,140.34555
2026-03-07 18:00:00 - Ngrembang,140.22108
2026-03-08 06:00:00 - Ngrembang,140.27803
2026-03-08 12:00:00 - Ngrembang,140.39513
2026-03-08 18:00:00 - Ngrembang,140.66605
2026-03-09 06:00:00 - Ngrembang,140.21661
2026-03-09 12:00:00 - Ngrembang,140.33884
2026-03-09 18:00:00 - Ngrembang,140.13599
2026-03-10 06:00:00 - Ngrembang,140.11133
2026-03-10 12:00:00 - Ngrembang,140.24219
2026-03-10 18:00:00 - Ngrembang,140.16681
2026-03-11 06:00:00 - Ngrembang,140.12537
2026-03-11 12:00:00 - Ngrembang,140.16139
2026-03-11 18:00:00 - Ngrembang,140.19191
2026-03-12 06:00:00 - Ngrembang,140.28842
2026-03-12 12:00:00 - Ngrembang,140.31384
2026-03-12 18:00:00 - Ngrembang,140.19662
2026-03-13 06:00:00 - Ngrembang,140.28085
2026-03-13 12:00:00 - Ngrembang,140.2735
2026-03-13 18:00:00 - Ngrembang,140.2833
2026-03-14 06:00:00 - Ngrembang,140.2487
2026-03-14 12:00:00 - Ngrembang,140.23935
2026-03-14 18:00:00 - Ngrembang,140.25226
2026-03-15 06:00:00 - Ngrembang,140.3301
2026-03-15 12:00:00 - Ngrembang,140.36903
2026-03-15 18:00:00 - Ngrembang,140.41748
2026-03-16 06:00:00 - Ngrembang,140.32642
2026-03-16 12:00:00 - Ngrembang,140.36293
2026-03-16 18:00:00 - Ngrembang,140.86958
2026-03-17 06:00:00 - Ngrembang,140.5529
2026-03-17 12:00:00 - Ngrembang,140.41483
2026-03-17 18:00:00 - Ngrembang,140.45476
2026-03-18 06:00:00 - Ngrembang,140.35268
2026-03-18 12:00:00 - Ngrembang,140.30754
2026-03-18 18:00:00 - Ngrembang,140.29926
2026-03-19 06:00:00 - Ngrembang,140.27829
2026-03-19 12:00:00 - Ngrembang,140.47505
2026-03-19 18:00:00 - Ngrembang,140.31172
2026-03-20 06:00:00 - Ngrembang,140.39282
2026-03-20 12:00:00 - Ngrembang,140.45168
2026-03-20 18:00:00 - Ngrembang,140.36702
2026-03-21 06:00:00 - Ngrembang,140.3237
2026-03-21 12:00:00 - Ngrembang,140.3092
2026-03-21 18:00:00 - Ngrembang,140.35594
2026-03-22 06:00:00 - Ngrembang,140.29181
2026-03-22 12:00:00 - Ngrembang,140.31519
2026-03-22 18:00:00 - Ngrembang,140.25493
2026-03-23 06:00:00 - Ngrembang,140.17635
2026-03-23 12:00:00 - Ngrembang,140.16443
2026-03-23 18:00:00 - Ngrembang,140.12709
2026-03-24 06:00:00 - Ngrembang,140.0992
2026-03-24 12:00:00 - Ngrembang,140.15361
2026-03-24 18:00:00 - Ngrembang,140.17004
2026-03-25 06:00:00 - Ngrembang,140.13205
2026-03-25 12:00:00 - Ngrembang,140.08821
2026-03-25 18:00:00 - Ngrembang,140.08699
2026-03-26 06:00:00 - Ngrembang,140.0729
2026-03-26 12:00:00 - Ngrembang,140.23235
2026-03-26 18:00:00 - Ngrembang,140.18535
2026-03-27 06:00:00 - Ngrembang,140.30502
2026-03-27 12:00:00 - Ngrembang,140.21684
2026-03-27 18:00:00 - Ngrembang,140.19795
2026-03-28 06:00:00 - Ngrembang,140.12636
2026-03-28 12:00:00 - Ngrembang,140.19221
2026-03-28 18:00:00 - Ngrembang,141.05487
2026-03-29 06:00:00 - Ngrembang,140.21037
2026-03-29 12:00:00 - Ngrembang,140.17352
2026-03-29 18:00:00 - Ngrembang,140.52428
2026-03-30 06:00:00 - Ngrembang,140.03671
2026-03-30 12:00:00 - Ngrembang,140.14236
2026-03-30 18:00:00 - Ngrembang,140.3907
2026-03-31 06:00:00 - Ngrembang,139.97548
2026-03-31 12:00:00 - Ngrembang,140.0641
2026-03-31 18:00:00 - Ngrembang,140.25392
2026-04-01 06:00:00 - Ngrembang,140.13455
2026-04-01 12:00:00 - Ngrembang,140.14941
2026-04-01 18:00:00 - Ngrembang,140.10977
2026-04-02 06:00:00 - Ngrembang,140.15863
2026-04-02 12:00:00 - Ngrembang,140.25227
2026-04-02 18:00:00 - Ngrembang,140.30817
2026-04-03 06:00:00 - Ngrembang,140.05411
2026-04-03 12:00:00 - Ngrembang,140.36295
2026-04-03 18:00:00 - Ngrembang,140.24075
2026-04-04 06:00:00 - Ngrembang,140.09268
2026-04-04 12:00:00 - Ngrembang,140.24614
2026-04-04 18:00:00 - Ngrembang,140.87637
2026-04-05 06:00:00 - Ngrembang,140.03981
2026-04-05 12:00:00 - Ngrembang,140.1517
2026-04-05 18:00:00 - Ngrembang,140.36319
2026-04-06 06:00:00 - Ngrembang,140.07623
2026-04-06 12:00:00 - Ngrembang,140.26689
2026-04-06 18:00:00 - Ngrembang,140.41612
2026-04-07 06:00:00 - Ngrembang,140.16504
2026-04-07 12:00:00 - Ngrembang,140.32388
2026-04-07 18:00:00 - Ngrembang,140.41904
2026-04-08 06:00:00 - Ngrembang,140.1488
2026-04-08 12:00:00 - Ngrembang,140.12292
2026-04-08 18:00:00 - Ngrembang,140.31938
2026-04-09 06:00:00 - Ngrembang,140.2086
2026-04-09 12:00:00 - Ngrembang,140.21655
2026-04-09 18:00:00 - Ngrembang,140.63432
2026-04-10 06:00:00 - Ngrembang,140.16225
2026-04-10 12:00:00 - Ngrembang,140.34283
2026-04-10 18:00:00 - Ngrembang,140.55836
2026-04-11 06:00:00 - Ngrembang,140.1535
2026-04-11 12:00:00 - Ngrembang,140.33994
2026-04-11 18:00:00 - Ngrembang,140.44206
2026-04-12 06:00:00 - Ngrembang,140.08987
2026-04-12 12:00:00 - Ngrembang,140.43185
2026-04-12 18:00:00 - Ngrembang,140.31093
2026-04-13 06:00:00 - Ngrembang,140.22462
2026-04-13 12:00:00 - Ngrembang,140.22777
2026-04-13 18:00:00 - Ngrembang,140.27815
2026-04-14 06:00:00 - Ngrembang,140.11539
2026-04-14 12:00:00 - Ngrembang,140.15274
2026-04-14 18:00:00 - Ngrembang,140.09447
2026-04-15 06:00:00 - Ngrembang,140.20639
2026-04-15 12:00:00 - Ngrembang,140.19296
2026-04-15 18:00:00 - Ngrembang,140.27611
2026-04-16 06:00:00 - Ngrembang,140.02802
2026-04-16 12:00:00 - Ngrembang,140.11931
2026-04-16 18:00:00 - Ngrembang,140.23763
2026-04-17 06:00:00 - Ngrembang,140.02191
2026-04-17 12:00:00 - Ngrembang,140.12924
2026-04-17 18:00:00 - Ngrembang,140.24495
2026-04-18 06:00:00 - Ngrembang,140.01216
2026-04-18 12:00:00 - Ngrembang,140.076
2026-04-18 18:00:00 - Ngrembang,140.08449
2026-04-19 06:00:00 - Ngrembang,140.04672
2026-04-19 12:00:00 - Ngrembang,140.12459
2026-04-19 18:00:00 - Ngrembang,140.01044
2026-04-20 06:00:00 - Ngrembang,140.1018
2026-04-20 12:00:00 - Ngrembang,140.05179
2026-04-20 18:00:00 - Ngrembang,140.01874
2026-04-21 06:00:00 - Ngrembang,140.08818
2026-04-21 12:00:00 - Ngrembang,140.09085
2026-04-21 18:00:00 - Ngrembang,140.08253
2026-04-22 06:00:00 - Ngrembang,140.14206
2026-04-22 12:00:00 - Ngrembang,140.13182
2026-04-22 18:00:00 - Ngrembang,140.20934
2026-04-23 06:00:00 - Ngrembang,140.0005
2026-04-23 12:00:00 - Ngrembang,140.118
2026-04-23 18:00:00 - Ngrembang,140.12746
2026-04-24 06:00:00 - Ngrembang,140.04004
2026-04-24 12:00:00 - Ngrembang,140.20984
2026-04-24 18:00:00 - Ngrembang,140.10716
2026-04-25 06:00:00 - Ngrembang,140.10818
2026-04-25 12:00:00 - Ngrembang,140.09605
2026-04-25 18:00:00 - Ngrembang,140.1215
2026-04-26 06:00:00 - Ngrembang,140.04678
2026-04-26 12:00:00 - Ngrembang,140.08833
2026-04-26 18:00:00 - Ngrembang,140.19183
2026-04-27 06:00:00 - Ngrembang,140.05261
2026-04-27 12:00:00 - Ngrembang,140.0524
2026-04-27 18:00:00 - Ngrembang,140.10872
2026-04-28 06:00:00 - Ngrembang,140.07938
2026-04-28 12:00:00 - Ngrembang,140.1122
2026-04-28 18:00:00 - Ngrembang,140.25536
2026-04-29 06:00:00 - Ngrembang,140.01794
2026-04-29 12:00:00 - Ngrembang,140.06694
2026-04-29 18:00:00 - Ngrembang,140.23431
2026-04-30 06:00:00 - Ngrembang,140.06616
2026-04-30 12:00:00 - Ngrembang,140.16112
2026-04-30 18:00:00 - Ngrembang,141.34102
2026-05-01 06:00:00 - Ngrembang,140.32964
2026-05-01 12:00:00 - Ngrembang,140.22752
2026-05-01 18:00:00 - Ngrembang,139.47963
2026-05-02 06:00:00 - Ngrembang,139.96873
2026-05-02 12:00:00 - Ngrembang,140.0665
2026-05-02 18:00:00 - Ngrembang,140.13882
2026-05-03 06:00:00 - Ngrembang,140.0898
2026-05-03 12:00:00 - Ngrembang,140.06114
2026-05-03 18:00:00 - Ngrembang,140.06235
2026-05-04 06:00:00 - Ngrembang,140.04291
2026-05-04 12:00:00 - Ngrembang,140.07108
2026-05-04 18:00:00 - Ngrembang,140.0411
2026-05-05 06:00:00 - Ngrembang,140.0206
2026-05-05 12:00:00 - Ngrembang,140.01682
2026-05-05 18:00:00 - Ngrembang,140.00902
2026-05-06 06:00:00 - Ngrembang,140.03171
2026-05-06 12:00:00 - Ngrembang,140.03815
2026-05-06 18:00:00 - Ngrembang,140.01906
2026-05-07 06:00:00 - Ngrembang,140.03238
2026-05-07 12:00:00 - Ngrembang,140.04941
2026-05-07 18:00:00 - Ngrembang,139.95164
2026-05-08 06:00:00 - Ngrembang,139.97762
2026-05-08 12:00:00 - Ngrembang,139.96036
2026-05-08 18:00:00 - Ngrembang,139.92804
2026-05-09 06:00:00 - Ngrembang,139.99419
2026-05-09 12:00:00 - Ngrembang,140.01237
2026-05-09 18:00:00 - Ngrembang,139.94888
2026-05-10 06:00:00 - Ngrembang,139.96524
2026-05-10 12:00:00 - Ngrembang,140.0146
2026-05-10 18:00:00 - Ngrembang,139.9973
2026-05-11 06:00:00 - Ngrembang,140.0263
2026-05-11 12:00:00 - Ngrembang,140.05089
2026-05-11 18:00:00 - Ngrembang,140.01512
2026-05-12 06:00:00 - Ngrembang,140.0381
2026-05-12 12:00:00 - Ngrembang,140.0708
2026-05-12 18:00:00 - Ngrembang,140.05168
2026-05-13 06:00:00 - Ngrembang,140.07481
2026-05-13 12:00:00 - Ngrembang,140.14064
2026-05-13 18:00:00 - Ngrembang,139.98145
2026-05-14 06:00:00 - Ngrembang,139.9533
2026-05-14 12:00:00 - Ngrembang,139.9996
2026-05-14 18:00:00 - Ngrembang,139.99496
2026-05-15 06:00:00 - Ngrembang,139.97423
2026-05-15 12:00:00 - Ngrembang,139.97368
2026-05-15 18:00:00 - Ngrembang,140.02437
2026-05-16 06:00:00 - Ngrembang,139.98018
2026-05-16 12:00:00 - Ngrembang,140.03206
2026-05-16 18:00:00 - Ngrembang,139.99362
2026-05-17 06:00:00 - Ngrembang,139.9845
2026-05-17 12:00:00 - Ngrembang,140.02151
2026-05-17 18:00:00 - Ngrembang,139.96352
2026-05-18 06:00:00 - Ngrembang,139.95091
2026-05-18 12:00:00 - Ngrembang,139.98666
2026-05-18 18:00:00 - Ngrembang,139.94781
2025-09-19 06:00:00 - Peren,91.043846
2025-09-19 12:00:00 - Peren,91.03362
2025-09-19 18:00:00 - Peren,90.96171
2025-09-20 06:00:00 - Peren,91.20132
2025-09-20 12:00:00 - Peren,91.08048
2025-09-20 18:00:00 - Peren,90.48286
2025-09-21 06:00:00 - Peren,91.04606
2025-09-21 12:00:00 - Peren,91.045105
2025-09-21 18:00:00 - Peren,91.02317
2025-09-22 06:00:00 - Peren,91.00284
2025-09-22 12:00:00 - Peren,90.97386
2025-09-22 18:00:00 - Peren,90.9759
2025-09-23 06:00:00 - Peren,90.944244
2025-09-23 12:00:00 - Peren,90.91049
2025-09-23 18:00:00 - Peren,90.3838
2025-09-24 06:00:00 - Peren,90.92064
2025-09-24 12:00:00 - Peren,90.94534
2025-09-24 18:00:00 - Peren,90.905716
2025-09-25 06:00:00 - Peren,91.02667
2025-09-25 12:00:00 - Peren,90.92696
2025-09-25 18:00:00 - Peren,90.250496
2025-09-26 06:00:00 - Peren,91.035545
2025-09-26 12:00:00 - Peren,90.92528
2025-09-26 18:00:00 - Peren,90.860535
2025-09-27 06:00:00 - Peren,90.8891
2025-09-27 12:00:00 - Peren,90.39668
2025-09-27 18:00:00 - Peren,90.3032
2025-09-28 06:00:00 - Peren,90.94085
2025-09-28 12:00:00 - Peren,90.20953
2025-09-28 18:00:00 - Peren,91.33829
2025-09-29 06:00:00 - Peren,90.80831
2025-09-29 12:00:00 - Peren,91.13952
2025-09-29 18:00:00 - Peren,90.95314
2025-09-30 06:00:00 - Peren,91.061676
2025-09-30 12:00:00 - Peren,90.94567
2025-09-30 18:00:00 - Peren,90.92253
2025-10-01 06:00:00 - Peren,91.121414
2025-10-01 12:00:00 - Peren,90.99253
2025-10-01 18:00:00 - Peren,92.959854
2025-10-02 06:00:00 - Peren,91.21488
2025-10-02 12:00:00 - Peren,90.94724
2025-10-02 18:00:00 - Peren,90.30189
2025-10-03 06:00:00 - Peren,91.00205
2025-10-03 12:00:00 - Peren,91.04181
2025-10-03 18:00:00 - Peren,90.981606
2025-10-04 06:00:00 - Peren,91.006996
2025-10-04 12:00:00 - Peren,91.02676
2025-10-04 18:00:00 - Peren,90.14794
2025-10-05 06:00:00 - Peren,90.922554
2025-10-05 12:00:00 - Peren,90.91257
2025-10-05 18:00:00 - Peren,94.421585
2025-10-06 06:00:00 - Peren,90.95226
2025-10-06 12:00:00 - Peren,91.132286
2025-10-06 18:00:00 - Peren,91.875175
2025-10-07 06:00:00 - Peren,90.82754
2025-10-07 12:00:00 - Peren,90.42214
2025-10-07 18:00:00 - Peren,90.00293
2025-10-08 06:00:00 - Peren,90.84185
2025-10-08 12:00:00 - Peren,90.58713
2025-10-08 18:00:00 - Peren,90.52953
2025-10-09 06:00:00 - Peren,90.82259
2025-10-09 12:00:00 - Peren,90.77316
2025-10-09 18:00:00 - Peren,90.5587
2025-10-10 06:00:00 - Peren,90.92474
2025-10-10 12:00:00 - Peren,90.789
2025-10-10 18:00:00 - Peren,90.822754
2025-10-11 06:00:00 - Peren,90.9401
2025-10-11 12:00:00 - Peren,90.78273
2025-10-11 18:00:00 - Peren,90.06177
2025-10-12 06:00:00 - Peren,90.87969
2025-10-12 12:00:00 - Peren,90.60011
2025-10-12 18:00:00 - Peren,90.42297
2025-10-13 06:00:00 - Peren,90.86555
2025-10-13 12:00:00 - Peren,90.27727
2025-10-13 18:00:00 - Peren,90.82976
2025-10-14 06:00:00 - Peren,90.85235
2025-10-14 12:00:00 - Peren,90.435295
2025-10-14 18:00:00 - Peren,90.165596
2025-10-15 06:00:00 - Peren,90.97922
2025-10-15 12:00:00 - Peren,90.34429
2025-10-15 18:00:00 - Peren,90.921005
2025-10-16 06:00:00 - Peren,90.94673
2025-10-16 12:00:00 - Peren,90.349625
2025-10-16 18:00:00 - Peren,90.57256
2025-10-17 06:00:00 - Peren,90.93461
2025-10-17 12:00:00 - Peren,90.6858
2025-10-17 18:00:00 - Peren,91.15041
2025-10-18 06:00:00 - Peren,92.00221
2025-10-18 12:00:00 - Peren,91.92554
2025-10-18 18:00:00 - Peren,91.69282
2025-10-19 06:00:00 - Peren,92.06895
2025-10-19 12:00:00 - Peren,91.78429
2025-10-19 18:00:00 - Peren,92.07033
2025-10-20 06:00:00 - Peren,96.81121
2025-10-20 12:00:00 - Peren,96.642265
2025-10-20 18:00:00 - Peren,96.75852
2025-10-21 06:00:00 - Peren,96.95701
2025-10-21 12:00:00 - Peren,96.68323
2025-10-21 18:00:00 - Peren,97.27781
2025-10-22 06:00:00 - Peren,91.75836
2025-10-22 12:00:00 - Peren,91.2624
2025-10-22 18:00:00 - Peren,91.75985
2025-10-23 06:00:00 - Peren,91.997444
2025-10-23 12:00:00 - Peren,91.68122
2025-10-23 18:00:00 - Peren,91.73287
2025-10-24 06:00:00 - Peren,91.831474
2025-10-24 12:00:00 - Peren,91.5318
2025-10-24 18:00:00 - Peren,91.941895
2025-10-25 06:00:00 - Peren,91.89225
2025-10-25 12:00:00 - Peren,91.57467
2025-10-25 18:00:00 - Peren,91.64794
2025-10-26 06:00:00 - Peren,91.492645
2025-10-26 12:00:00 - Peren,91.37538
2025-10-26 18:00:00 - Peren,91.51694
2025-10-27 06:00:00 - Peren,91.4514
2025-10-27 12:00:00 - Peren,91.300934
2025-10-27 18:00:00 - Peren,91.29433
2025-10-28 06:00:00 - Peren,91.335266
2025-10-28 12:00:00 - Peren,91.28646
2025-10-28 18:00:00 - Peren,91.784676
2025-10-29 06:00:00 - Peren,92.025856
2025-10-29 12:00:00 - Peren,91.61247
2025-10-29 18:00:00 - Peren,91.467224
2025-10-30 06:00:00 - Peren,91.33592
2025-10-30 12:00:00 - Peren,91.27401
2025-10-30 18:00:00 - Peren,91.33308
2025-10-31 06:00:00 - Peren,91.45279
2025-10-31 12:00:00 - Peren,91.264084
2025-10-31 18:00:00 - Peren,91.62516
2025-11-01 06:00:00 - Peren,91.53697
2025-11-01 12:00:00 - Peren,91.372314
2025-11-01 18:00:00 - Peren,91.313286
2025-11-02 06:00:00 - Peren,91.79707
2025-11-02 12:00:00 - Peren,91.401596
2025-11-02 18:00:00 - Peren,91.43641
2025-11-03 06:00:00 - Peren,91.54587
2025-11-03 12:00:00 - Peren,91.321815
2025-11-03 18:00:00 - Peren,91.78561
2025-11-04 06:00:00 - Peren,91.90507
2025-11-04 12:00:00 - Peren,91.67648
2025-11-04 18:00:00 - Peren,91.82231
2025-11-05 06:00:00 - Peren,91.63818
2025-11-05 12:00:00 - Peren,91.389435
2025-11-05 18:00:00 - Peren,91.69726
2025-11-06 06:00:00 - Peren,91.87385
2025-11-06 12:00:00 - Peren,91.62328
2025-11-06 18:00:00 - Peren,91.68057
2025-11-07 06:00:00 - Peren,91.7364
2025-11-07 12:00:00 - Peren,91.31885
2025-11-07 18:00:00 - Peren,91.36861
2025-11-08 06:00:00 - Peren,91.67371
2025-11-08 12:00:00 - Peren,91.47796
2025-11-08 18:00:00 - Peren,91.77494
2025-11-09 06:00:00 - Peren,91.97029
2025-11-09 12:00:00 - Peren,91.95764
2025-11-09 18:00:00 - Peren,91.867836
2025-11-10 06:00:00 - Peren,92.05129
2025-11-10 12:00:00 - Peren,91.78177
2025-11-10 18:00:00 - Peren,91.289825
2025-11-11 06:00:00 - Peren,92.523026
2025-11-11 12:00:00 - Peren,91.738525
2025-11-11 18:00:00 - Peren,91.8616
2025-11-12 06:00:00 - Peren,91.92389
2025-11-12 12:00:00 - Peren,91.79673
2025-11-12 18:00:00 - Peren,91.89061
2025-11-13 06:00:00 - Peren,91.820984
2025-11-13 12:00:00 - Peren,91.56057
2025-11-13 18:00:00 - Peren,91.69413
2025-11-14 06:00:00 - Peren,91.84547
2025-11-14 12:00:00 - Peren,91.472275
2025-11-14 18:00:00 - Peren,91.43377
2025-11-15 06:00:00 - Peren,91.27629
2025-11-15 12:00:00 - Peren,91.54383
2025-11-15 18:00:00 - Peren,91.48466
2025-11-16 06:00:00 - Peren,91.46477
2025-11-16 12:00:00 - Peren,91.36231
2025-11-16 18:00:00 - Peren,91.53958
2025-11-17 06:00:00 - Peren,91.68265
2025-11-17 12:00:00 - Peren,91.68822
2025-11-17 18:00:00 - Peren,91.56387
2025-11-18 06:00:00 - Peren,91.548615
2025-11-18 12:00:00 - Peren,91.34577
2025-11-18 18:00:00 - Peren,91.667015
2025-11-19 06:00:00 - Peren,91.785065
2025-11-19 12:00:00 - Peren,91.7383
2025-11-19 18:00:00 - Peren,91.57536
2025-11-20 06:00:00 - Peren,91.615875
2025-11-20 12:00:00 - Peren,91.32226
2025-11-20 18:00:00 - Peren,91.45303
2025-11-21 06:00:00 - Peren,91.82738
2025-11-21 12:00:00 - Peren,91.72073
2025-11-21 18:00:00 - Peren,91.75412
2025-11-22 06:00:00 - Peren,91.76379
2025-11-22 12:00:00 - Peren,91.730156
2025-11-22 18:00:00 - Peren,91.339096
2025-11-23 06:00:00 - Peren,91.23869
2025-11-23 12:00:00 - Peren,91.18054
2025-11-23 18:00:00 - Peren,91.48805
2025-11-24 06:00:00 - Peren,91.764435
2025-11-24 12:00:00 - Peren,91.67803
2025-11-24 18:00:00 - Peren,91.57226
2025-11-25 06:00:00 - Peren,91.33626
2025-11-25 12:00:00 - Peren,91.33468
2025-11-25 18:00:00 - Peren,91.22771
2025-11-26 06:00:00 - Peren,91.16321
2025-11-26 12:00:00 - Peren,91.21603
2025-11-26 18:00:00 - Peren,91.33196
2025-11-27 06:00:00 - Peren,91.261055
2025-11-27 12:00:00 - Peren,91.33574
2025-11-27 18:00:00 - Peren,91.29509
2025-11-28 06:00:00 - Peren,91.36923
2025-11-28 12:00:00 - Peren,91.25356
2025-11-28 18:00:00 - Peren,91.1236
2025-11-29 06:00:00 - Peren,91.22319
2025-11-29 12:00:00 - Peren,91.104576
2025-11-29 18:00:00 - Peren,91.231255
2025-11-30 06:00:00 - Peren,91.09447
2025-11-30 12:00:00 - Peren,91.170334
2025-11-30 18:00:00 - Peren,91.01033
2025-12-01 06:00:00 - Peren,91.09628
2025-12-01 12:00:00 - Peren,91.04287
2025-12-01 18:00:00 - Peren,90.898315
2025-12-02 06:00:00 - Peren,91.066536
2025-12-02 12:00:00 - Peren,90.90503
2025-12-02 18:00:00 - Peren,91.256096
2025-12-03 06:00:00 - Peren,91.262146
2025-12-03 12:00:00 - Peren,91.346504
2025-12-03 18:00:00 - Peren,91.40949
2025-12-04 06:00:00 - Peren,91.42519
2025-12-04 12:00:00 - Peren,91.42724
2025-12-04 18:00:00 - Peren,91.57388
2025-12-05 06:00:00 - Peren,91.629654
2025-12-05 12:00:00 - Peren,91.48867
2025-12-05 18:00:00 - Peren,91.87924
2025-12-06 06:00:00 - Peren,91.82321
2025-12-06 12:00:00 - Peren,91.44462
2025-12-06 18:00:00 - Peren,91.7555
2025-12-07 06:00:00 - Peren,91.35811
2025-12-07 12:00:00 - Peren,91.32697
2025-12-07 18:00:00 - Peren,91.55008
2025-12-08 06:00:00 - Peren,91.23651
2025-12-08 12:00:00 - Peren,92.18802
2025-12-08 18:00:00 - Peren,91.178345
2025-12-09 06:00:00 - Peren,91.33055
2025-12-09 12:00:00 - Peren,91.49762
2025-12-09 18:00:00 - Peren,91.27997
2025-12-10 06:00:00 - Peren,92.25576
2025-12-10 12:00:00 - Peren,92.21017
2025-12-10 18:00:00 - Peren,91.17569
2025-12-11 06:00:00 - Peren,91.15437
2025-12-11 12:00:00 - Peren,91.201904
2025-12-11 18:00:00 - Peren,92.10441
2025-12-12 06:00:00 - Peren,91.14503
2025-12-12 12:00:00 - Peren,91.1456
2025-12-12 18:00:00 - Peren,90.96656
2025-12-13 06:00:00 - Peren,92.07845
2025-12-13 12:00:00 - Peren,91.05763
2025-12-13 18:00:00 - Peren,91.01067
2025-12-14 06:00:00 - Peren,90.998726
2025-12-14 12:00:00 - Peren,91.110825
2025-12-14 18:00:00 - Peren,91.07347
2025-12-15 06:00:00 - Peren,91.04718
2025-12-15 12:00:00 - Peren,91.089294
2025-12-15 18:00:00 - Peren,91.09676
2025-12-16 06:00:00 - Peren,90.950294
2025-12-16 12:00:00 - Peren,91.02182
2025-12-16 18:00:00 - Peren,90.95461
2025-12-17 06:00:00 - Peren,90.971344
2025-12-17 12:00:00 - Peren,90.96323
2025-12-17 18:00:00 - Peren,91.07161
2025-12-18 06:00:00 - Peren,91.06071
2025-12-18 12:00:00 - Peren,91.014725
2025-12-18 18:00:00 - Peren,91.21786
2025-12-19 06:00:00 - Peren,91.1981
2025-12-19 12:00:00 - Peren,91.21241
2025-12-19 18:00:00 - Peren,91.24749
2025-12-20 06:00:00 - Peren,91.17167
2025-12-20 12:00:00 - Peren,91.11846
2025-12-20 18:00:00 - Peren,91.43892
2025-12-21 06:00:00 - Peren,91.30391
2025-12-21 12:00:00 - Peren,91.297226
2025-12-21 18:00:00 - Peren,91.318596
2025-12-22 06:00:00 - Peren,91.57781
2025-12-22 12:00:00 - Peren,91.42775
2025-12-22 18:00:00 - Peren,91.297676
2025-12-23 06:00:00 - Peren,91.4747
2025-12-23 12:00:00 - Peren,91.39028
2025-12-23 18:00:00 - Peren,91.30513
2025-12-24 06:00:00 - Peren,91.16658
2025-12-24 12:00:00 - Peren,91.189
2025-12-24 18:00:00 - Peren,91.35171
2025-12-25 06:00:00 - Peren,91.49464
2025-12-25 12:00:00 - Peren,91.308395
2025-12-25 18:00:00 - Peren,91.31987
2025-12-26 06:00:00 - Peren,91.32346
2025-12-26 12:00:00 - Peren,91.2813
2025-12-26 18:00:00 - Peren,91.25623
2025-12-27 06:00:00 - Peren,91.49216
2025-12-27 12:00:00 - Peren,91.487976
2025-12-27 18:00:00 - Peren,91.199005
2025-12-28 06:00:00 - Peren,92.34873
2025-12-28 12:00:00 - Peren,91.37498
2025-12-28 18:00:00 - Peren,91.37123
2025-12-29 06:00:00 - Peren,91.12323
2025-12-29 12:00:00 - Peren,91.113846
2025-12-29 18:00:00 - Peren,91.12585
2025-12-30 06:00:00 - Peren,91.048096
2025-12-30 12:00:00 - Peren,90.96003
2025-12-30 18:00:00 - Peren,91.008026
2025-12-31 06:00:00 - Peren,91.35759
2025-12-31 12:00:00 - Peren,91.256775
2025-12-31 18:00:00 - Peren,91.250435
2026-01-01 06:00:00 - Peren,91.19697
2026-01-01 12:00:00 - Peren,91.12461
2026-01-01 18:00:00 - Peren,91.52924
2026-01-02 06:00:00 - Peren,94.14896
2026-01-02 12:00:00 - Peren,91.698944
2026-01-02 18:00:00 - Peren,91.46739
2026-01-03 06:00:00 - Peren,91.71263
2026-01-03 12:00:00 - Peren,91.81088
2026-01-03 18:00:00 - Peren,92.055984
2026-01-04 06:00:00 - Peren,91.82736
2026-01-04 12:00:00 - Peren,91.72608
2026-01-04 18:00:00 - Peren,92.49346
2026-01-05 06:00:00 - Peren,91.51579
2026-01-05 12:00:00 - Peren,91.712296
2026-01-05 18:00:00 - Peren,91.53242
2026-01-06 06:00:00 - Peren,91.26357
2026-01-06 12:00:00 - Peren,91.2668
2026-01-06 18:00:00 - Peren,91.26408
2026-01-07 06:00:00 - Peren,91.222015
2026-01-07 12:00:00 - Peren,91.24106
2026-01-07 18:00:00 - Peren,91.15979
2026-01-08 06:00:00 - Peren,91.2382
2026-01-08 12:00:00 - Peren,91.16903
2026-01-08 18:00:00 - Peren,91.176155
2026-01-09 06:00:00 - Peren,91.386375
2026-01-09 12:00:00 - Peren,91.42285
2026-01-09 18:00:00 - Peren,91.60467
2026-01-10 06:00:00 - Peren,91.63387
2026-01-10 12:00:00 - Peren,91.555565
2026-01-10 18:00:00 - Peren,91.64644
2026-01-11 06:00:00 - Peren,91.51183
2026-01-11 12:00:00 - Peren,91.552635
2026-01-11 18:00:00 - Peren,91.77607
2026-01-12 06:00:00 - Peren,91.70278
2026-01-12 12:00:00 - Peren,91.57543
2026-01-12 18:00:00 - Peren,91.708305
2026-01-13 06:00:00 - Peren,91.810295
2026-01-13 12:00:00 - Peren,91.58493
2026-01-13 18:00:00 - Peren,91.54593
2026-01-14 06:00:00 - Peren,91.56567
2026-01-14 12:00:00 - Peren,91.80166
2026-01-14 18:00:00 - Peren,91.66628
2026-01-15 06:00:00 - Peren,91.516525
2026-01-15 12:00:00 - Peren,91.67689
2026-01-15 18:00:00 - Peren,91.75084
2026-01-16 06:00:00 - Peren,91.600586
2026-01-16 12:00:00 - Peren,91.83254
2026-01-16 18:00:00 - Peren,91.73147
2026-01-17 06:00:00 - Peren,91.55087
2026-01-17 12:00:00 - Peren,91.56487
2026-01-17 18:00:00 - Peren,91.87941
2026-01-18 06:00:00 - Peren,93.045044
2026-01-18 12:00:00 - Peren,91.826195
2026-01-18 18:00:00 - Peren,92.08092
2026-01-19 06:00:00 - Peren,91.64685
2026-01-19 12:00:00 - Peren,91.57199
2026-01-19 18:00:00 - Peren,93.17753
2026-01-20 06:00:00 - Peren,91.57206
2026-01-20 12:00:00 - Peren,91.66996
2026-01-20 18:00:00 - Peren,91.5716
2026-01-21 06:00:00 - Peren,91.375565
2026-01-21 12:00:00 - Peren,91.552475
2026-01-21 18:00:00 - Peren,91.71843
2026-01-22 06:00:00 - Peren,91.69358
2026-01-22 12:00:00 - Peren,91.75335
2026-01-22 18:00:00 - Peren,91.61328
2026-01-23 06:00:00 - Peren,91.96874
2026-01-23 12:00:00 - Peren,91.90648
2026-01-23 18:00:00 - Peren,94.4604
2026-01-24 06:00:00 - Peren,94.72778
2026-01-24 12:00:00 - Peren,94.24633
2026-01-24 18:00:00 - Peren,94.031204
2026-01-25 06:00:00 - Peren,91.363945
2026-01-25 12:00:00 - Peren,91.40496
2026-01-25 18:00:00 - Peren,91.19713
2026-01-26 06:00:00 - Peren,91.290474
2026-01-26 12:00:00 - Peren,91.29149
2026-01-26 18:00:00 - Peren,91.21608
2026-01-27 06:00:00 - Peren,91.41259
2026-01-27 12:00:00 - Peren,91.312096
2026-01-27 18:00:00 - Peren,92.93285
2026-01-28 06:00:00 - Peren,91.95504
2026-01-28 12:00:00 - Peren,91.81775
2026-01-28 18:00:00 - Peren,93.397995
2026-01-29 06:00:00 - Peren,91.97114
2026-01-29 12:00:00 - Peren,91.8595
2026-01-29 18:00:00 - Peren,92.11765
2026-01-30 06:00:00 - Peren,91.611664
2026-01-30 12:00:00 - Peren,91.565056
2026-01-30 18:00:00 - Peren,91.90219
2026-01-31 06:00:00 - Peren,91.71236
2026-01-31 12:00:00 - Peren,91.53361
2026-01-31 18:00:00 - Peren,92.63041
2026-02-01 06:00:00 - Peren,91.5616
2026-02-01 12:00:00 - Peren,91.72717
2026-02-01 18:00:00 - Peren,91.73884
2026-02-02 06:00:00 - Peren,91.721085
2026-02-02 12:00:00 - Peren,91.57704
2026-02-02 18:00:00 - Peren,91.68645
2026-02-03 06:00:00 - Peren,91.6546
2026-02-03 12:00:00 - Peren,91.416435
2026-02-03 18:00:00 - Peren,91.613266
2026-02-04 06:00:00 - Peren,91.449646
2026-02-04 12:00:00 - Peren,91.760544
2026-02-04 18:00:00 - Peren,91.661575
2026-02-05 06:00:00 - Peren,91.68246
2026-02-05 12:00:00 - Peren,91.602516
2026-02-05 18:00:00 - Peren,91.893456
2026-02-06 06:00:00 - Peren,91.78928
2026-02-06 12:00:00 - Peren,91.68419
2026-02-06 18:00:00 - Peren,92.10518
2026-02-07 06:00:00 - Peren,91.50973
2026-02-07 12:00:00 - Peren,91.63219
2026-02-07 18:00:00 - Peren,91.55067
2026-02-08 06:00:00 - Peren,91.57991
2026-02-08 12:00:00 - Peren,91.60421
2026-02-08 18:00:00 - Peren,91.608345
2026-02-09 06:00:00 - Peren,91.53736
2026-02-09 12:00:00 - Peren,91.63477
2026-02-09 18:00:00 - Peren,91.566475
2026-02-10 06:00:00 - Peren,91.61375
2026-02-10 12:00:00 - Peren,91.649536
2026-02-10 18:00:00 - Peren,91.435684
2026-02-11 06:00:00 - Peren,91.70246
2026-02-11 12:00:00 - Peren,91.87918
2026-02-11 18:00:00 - Peren,92.09805
2026-02-12 06:00:00 - Peren,91.615425
2026-02-12 12:00:00 - Peren,91.72818
2026-02-12 18:00:00 - Peren,92.62058
2026-02-13 06:00:00 - Peren,92.05015
2026-02-13 12:00:00 - Peren,91.80082
2026-02-13 18:00:00 - Peren,91.76314
2026-02-14 06:00:00 - Peren,91.52829
2026-02-14 12:00:00 - Peren,91.62679
2026-02-14 18:00:00 - Peren,91.87148
2026-02-15 06:00:00 - Peren,91.70012
2026-02-15 12:00:00 - Peren,91.621666
2026-02-15 18:00:00 - Peren,91.56106
2026-02-16 06:00:00 - Peren,91.71198
2026-02-16 12:00:00 - Peren,91.6729
2026-02-16 18:00:00 - Peren,91.84682
2026-02-17 06:00:00 - Peren,91.84605
2026-02-17 12:00:00 - Peren,91.629486
2026-02-17 18:00:00 - Peren,91.902466
2026-02-18 06:00:00 - Peren,91.8984
2026-02-18 12:00:00 - Peren,91.788
2026-02-18 18:00:00 - Peren,91.700966
2026-02-19 06:00:00 - Peren,91.926834
2026-02-19 12:00:00 - Peren,91.72122
2026-02-19 18:00:00 - Peren,91.82394
2026-02-20 06:00:00 - Peren,91.84855
2026-02-20 12:00:00 - Peren,91.63986
2026-02-20 18:00:00 - Peren,91.814926
2026-02-21 06:00:00 - Peren,91.764465
2026-02-21 12:00:00 - Peren,91.72925
2026-02-21 18:00:00 - Peren,91.789604
2026-02-22 06:00:00 - Peren,91.83516
2026-02-22 12:00:00 - Peren,91.568306
2026-02-22 18:00:00 - Peren,93.91335
2026-02-23 06:00:00 - Peren,92.05549
2026-02-23 12:00:00 - Peren,91.69967
2026-02-23 18:00:00 - Peren,91.981926
2026-02-24 06:00:00 - Peren,91.742966
2026-02-24 12:00:00 - Peren,91.597
2026-02-24 18:00:00 - Peren,91.605316
2026-02-25 06:00:00 - Peren,91.70715
2026-02-25 12:00:00 - Peren,91.60075
2026-02-25 18:00:00 - Peren,91.34756
2026-02-26 06:00:00 - Peren,91.309654
2026-02-26 12:00:00 - Peren,91.303024
2026-02-26 18:00:00 - Peren,91.11724
2026-02-27 06:00:00 - Peren,91.274124
2026-02-27 12:00:00 - Peren,91.23157
2026-02-27 18:00:00 - Peren,91.26636
2026-02-28 06:00:00 - Peren,91.51794
2026-02-28 12:00:00 - Peren,91.31942
2026-02-28 18:00:00 - Peren,91.39121
2026-03-01 06:00:00 - Peren,91.87272
2026-03-01 12:00:00 - Peren,91.906456
2026-03-01 18:00:00 - Peren,91.639885
2026-03-02 06:00:00 - Peren,91.53301
2026-03-02 12:00:00 - Peren,91.467995
2026-03-02 18:00:00 - Peren,92.884544
2026-03-03 06:00:00 - Peren,91.78648
2026-03-03 12:00:00 - Peren,91.70608
2026-03-03 18:00:00 - Peren,91.724495
2026-03-04 06:00:00 - Peren,91.77463
2026-03-04 12:00:00 - Peren,91.645905
2026-03-04 18:00:00 - Peren,91.69281
2026-03-05 06:00:00 - Peren,91.83471
2026-03-05 12:00:00 - Peren,91.67959
2026-03-05 18:00:00 - Peren,91.741295
2026-03-06 06:00:00 - Peren,91.34772
2026-03-06 12:00:00 - Peren,91.3933
2026-03-06 18:00:00 - Peren,91.40996
2026-03-07 06:00:00 - Peren,91.2283
2026-03-07 12:00:00 - Peren,91.28296
2026-03-07 18:00:00 - Peren,91.27736
2026-03-08 06:00:00 - Peren,91.73344
2026-03-08 12:00:00 - Peren,91.46765
2026-03-08 18:00:00 - Peren,91.41632
2026-03-09 06:00:00 - Peren,91.47097
2026-03-09 12:00:00 - Peren,91.453094
2026-03-09 18:00:00 - Peren,91.65743
2026-03-10 06:00:00 - Peren,91.597305
2026-03-10 12:00:00 - Peren,91.49667
2026-03-10 18:00:00 - Peren,91.33717
2026-03-11 06:00:00 - Peren,91.25313
2026-03-11 12:00:00 - Peren,91.290215
2026-03-11 18:00:00 - Peren,91.192986
2026-03-12 06:00:00 - Peren,91.16857
2026-03-12 12:00:00 - Peren,91.069626
2026-03-12 18:00:00 - Peren,91.069466
2026-03-13 06:00:00 - Peren,91.07057
2026-03-13 12:00:00 - Peren,91.16736
2026-03-13 18:00:00 - Peren,91.196075
2026-03-14 06:00:00 - Peren,91.18602
2026-03-14 12:00:00 - Peren,91.20879
2026-03-14 18:00:00 - Peren,91.05806
2026-03-15 06:00:00 - Peren,91.476555
2026-03-15 12:00:00 - Peren,91.32242
2026-03-15 18:00:00 - Peren,92.30952
2026-03-16 06:00:00 - Peren,91.652626
2026-03-16 12:00:00 - Peren,91.394196
2026-03-16 18:00:00 - Peren,91.82383
2026-03-17 06:00:00 - Peren,91.69925
2026-03-17 12:00:00 - Peren,91.82627
2026-03-17 18:00:00 - Peren,91.78128
2026-03-18 06:00:00 - Peren,91.52037
2026-03-18 12:00:00 - Peren,91.36395
2026-03-18 18:00:00 - Peren,91.37868
2026-03-19 06:00:00 - Peren,91.13546
2026-03-19 12:00:00 - Peren,91.134056
2026-03-19 18:00:00 - Peren,91.18754
2026-03-20 06:00:00 - Peren,91.11666
2026-03-20 12:00:00 - Peren,90.95113
2026-03-20 18:00:00 - Peren,91.35981
2026-03-21 06:00:00 - Peren,92.01621
2026-03-21 12:00:00 - Peren,91.9773
2026-03-21 18:00:00 - Peren,91.4175
2026-03-22 06:00:00 - Peren,91.303375
2026-03-22 12:00:00 - Peren,91.34379
2026-03-22 18:00:00 - Peren,91.342094
2026-03-23 06:00:00 - Peren,91.220276
2026-03-23 12:00:00 - Peren,91.146706
2026-03-23 18:00:00 - Peren,91.19843
2026-03-24 06:00:00 - Peren,91.011116
2026-03-24 12:00:00 - Peren,91.08919
2026-03-24 18:00:00 - Peren,91.08052
2026-03-25 06:00:00 - Peren,91.215126
2026-03-25 12:00:00 - Peren,91.273094
2026-03-25 18:00:00 - Peren,91.36248
2026-03-26 06:00:00 - Peren,91.443184
2026-03-26 12:00:00 - Peren,91.34197
2026-03-26 18:00:00 - Peren,91.40698
2026-03-27 06:00:00 - Peren,92.12595
2026-03-27 12:00:00 - Peren,91.66524
2026-03-27 18:00:00 - Peren,91.65547
2026-03-28 06:00:00 - Peren,91.641464
2026-03-28 12:00:00 - Peren,91.717026
2026-03-28 18:00:00 - Peren,92.00477
2026-03-29 06:00:00 - Peren,92.04829
2026-03-29 12:00:00 - Peren,91.58401
2026-03-29 18:00:00 - Peren,91.74784
2026-03-30 06:00:00 - Peren,91.50778
2026-03-30 12:00:00 - Peren,91.435616
2026-03-30 18:00:00 - Peren,92.04179
2026-03-31 06:00:00 - Peren,91.90151
2026-03-31 12:00:00 - Peren,91.5292
2026-03-31 18:00:00 - Peren,91.45322
2026-04-01 06:00:00 - Peren,91.74306
2026-04-01 12:00:00 - Peren,91.42997
2026-04-01 18:00:00 - Peren,91.509544
2026-04-02 06:00:00 - Peren,91.42588
2026-04-02 12:00:00 - Peren,91.219894
2026-04-02 18:00:00 - Peren,91.876144
2026-04-03 06:00:00 - Peren,91.86153
2026-04-03 12:00:00 - Peren,91.52942
2026-04-03 18:00:00 - Peren,91.74053
2026-04-04 06:00:00 - Peren,91.67178
2026-04-04 12:00:00 - Peren,91.56569
2026-04-04 18:00:00 - Peren,91.976814
2026-04-05 06:00:00 - Peren,91.835144
2026-04-05 12:00:00 - Peren,91.55955
2026-04-05 18:00:00 - Peren,91.79181
2026-04-06 06:00:00 - Peren,91.76293
2026-04-06 12:00:00 - Peren,91.58953
2026-04-06 18:00:00 - Peren,91.71814
2026-04-07 06:00:00 - Peren,91.50485
2026-04-07 12:00:00 - Peren,91.529305
2026-04-07 18:00:00 - Peren,91.56741
2026-04-08 06:00:00 - Peren,91.75974
2026-04-08 12:00:00 - Peren,91.616554
2026-04-08 18:00:00 - Peren,91.80094
2026-04-09 06:00:00 - Peren,91.79493
2026-04-09 12:00:00 - Peren,91.67955
2026-04-09 18:00:00 - Peren,91.88984
2026-04-10 06:00:00 - Peren,91.8213
2026-04-10 12:00:00 - Peren,91.74504
2026-04-10 18:00:00 - Peren,91.865585
2026-04-11 06:00:00 - Peren,91.769905
2026-04-11 12:00:00 - Peren,91.666954
2026-04-11 18:00:00 - Peren,92.06063
2026-04-12 06:00:00 - Peren,91.76997
2026-04-12 12:00:00 - Peren,91.8084
2026-04-12 18:00:00 - Peren,91.73527
2026-04-13 06:00:00 - Peren,91.85791
2026-04-13 12:00:00 - Peren,91.734
2026-04-13 18:00:00 - Peren,91.370605
2026-04-14 06:00:00 - Peren,91.407036
2026-04-14 12:00:00 - Peren,91.378395
2026-04-14 18:00:00 - Peren,91.50389
2026-04-15 06:00:00 - Peren,93.70416
2026-04-15 12:00:00 - Peren,91.71195
2026-04-15 18:00:00 - Peren,91.63829
2026-04-16 06:00:00 - Peren,91.37878
2026-04-16 12:00:00 - Peren,91.39863
2026-04-16 18:00:00 - Peren,91.4697
2026-04-17 06:00:00 - Peren,91.50252
2026-04-17 12:00:00 - Peren,91.50314
2026-04-17 18:00:00 - Peren,91.46576
2026-04-18 06:00:00 - Peren,91.41867
2026-04-18 12:00:00 - Peren,91.46898
2026-04-18 18:00:00 - Peren,91.36314
2026-04-19 06:00:00 - Peren,91.372375
2026-04-19 12:00:00 - Peren,91.45933
2026-04-19 18:00:00 - Peren,91.47264
2026-04-20 06:00:00 - Peren,91.460884
2026-04-20 12:00:00 - Peren,91.289055
2026-04-20 18:00:00 - Peren,91.21891
2026-04-21 06:00:00 - Peren,91.29671
2026-04-21 12:00:00 - Peren,91.421425
2026-04-21 18:00:00 - Peren,91.32945
2026-04-22 06:00:00 - Peren,91.449425
2026-04-22 12:00:00 - Peren,91.15295
2026-04-22 18:00:00 - Peren,91.77386
2026-04-23 06:00:00 - Peren,91.58816
2026-04-23 12:00:00 - Peren,91.52956
2026-04-23 18:00:00 - Peren,91.41446
2026-04-24 06:00:00 - Peren,91.28546
2026-04-24 12:00:00 - Peren,91.33932
2026-04-24 18:00:00 - Peren,91.262596
2026-04-25 06:00:00 - Peren,91.39395
2026-04-25 12:00:00 - Peren,91.38674
2026-04-25 18:00:00 - Peren,91.21528
2026-04-26 06:00:00 - Peren,91.26626
2026-04-26 12:00:00 - Peren,91.221504
2026-04-26 18:00:00 - Peren,91.306244
2026-04-27 06:00:00 - Peren,91.28048
2026-04-27 12:00:00 - Peren,91.24471
2026-04-27 18:00:00 - Peren,91.348434
2026-04-28 06:00:00 - Peren,91.29768
2026-04-28 12:00:00 - Peren,91.22831
2026-04-28 18:00:00 - Peren,90.760284
2026-04-29 06:00:00 - Peren,91.33071
2026-04-29 12:00:00 - Peren,91.39436
2026-04-29 18:00:00 - Peren,92.14545
2026-04-30 06:00:00 - Peren,91.38409
2026-04-30 12:00:00 - Peren,91.35078
2026-04-30 18:00:00 - Peren,92.024734
2026-05-01 06:00:00 - Peren,91.77508
2026-05-01 12:00:00 - Peren,91.48515
2026-05-01 18:00:00 - Peren,91.78491
2026-05-02 06:00:00 - Peren,91.22522
2026-05-02 12:00:00 - Peren,91.240654
2026-05-02 18:00:00 - Peren,91.34619
2026-05-03 06:00:00 - Peren,91.16706
2026-05-03 12:00:00 - Peren,91.195854
2026-05-03 18:00:00 - Peren,91.094986
2026-05-04 06:00:00 - Peren,91.09036
2026-05-04 12:00:00 - Peren,91.08546
2026-05-04 18:00:00 - Peren,91.14304
2026-05-05 06:00:00 - Peren,91.16057
2026-05-05 12:00:00 - Peren,91.16448
2026-05-05 18:00:00 - Peren,91.15301
2026-05-06 06:00:00 - Peren,91.07939
2026-05-06 12:00:00 - Peren,91.03194
2026-05-06 18:00:00 - Peren,91.08187
2026-05-07 06:00:00 - Peren,91.07461
2026-05-07 12:00:00 - Peren,91.17817
2026-05-07 18:00:00 - Peren,91.09597
2026-05-08 06:00:00 - Peren,91.1097
2026-05-08 12:00:00 - Peren,91.12908
2026-05-08 18:00:00 - Peren,91.15404
2026-05-09 06:00:00 - Peren,91.10187
2026-05-09 12:00:00 - Peren,91.15638
2026-05-09 18:00:00 - Peren,91.11527
2026-05-10 06:00:00 - Peren,91.06562
2026-05-10 12:00:00 - Peren,91.0385
2026-05-10 18:00:00 - Peren,91.050674
2026-05-11 06:00:00 - Peren,90.937195
2026-05-11 12:00:00 - Peren,91.035416
2026-05-11 18:00:00 - Peren,91.005264
2026-05-12 06:00:00 - Peren,91.013626
2026-05-12 12:00:00 - Peren,91.034996
2026-05-12 18:00:00 - Peren,91.47116
2026-05-13 06:00:00 - Peren,91.02495
2026-05-13 12:00:00 - Peren,91.086555
2026-05-13 18:00:00 - Peren,91.08276
2026-05-14 06:00:00 - Peren,91.0226
2026-05-14 12:00:00 - Peren,91.05991
2026-05-14 18:00:00 - Peren,91.046234
2026-05-15 06:00:00 - Peren,91.03878
2026-05-15 12:00:00 - Peren,91.09363
2026-05-15 18:00:00 - Peren,91.09214
2026-05-16 06:00:00 - Peren,91.00506
2026-05-16 12:00:00 - Peren,91.13228
2026-05-16 18:00:00 - Peren,91.21137
2026-05-17 06:00:00 - Peren,91.117905
2026-05-17 12:00:00 - Peren,91.13503
2026-05-17 18:00:00 - Peren,91.16455
2026-05-18 06:00:00 - Peren,90.98488
2026-05-18 12:00:00 - Peren,91.11432
2026-05-18 18:00:00 - Peren,91.16231
2025-09-19 06:00:00 - Sekayu,87.0458
2025-09-19 12:00:00 - Sekayu,87.10288
2025-09-19 18:00:00 - Sekayu,87.14564
2025-09-20 06:00:00 - Sekayu,87.146385
2025-09-20 12:00:00 - Sekayu,87.141335
2025-09-20 18:00:00 - Sekayu,86.75256
2025-09-21 06:00:00 - Sekayu,87.17121
2025-09-21 12:00:00 - Sekayu,87.1708
2025-09-21 18:00:00 - Sekayu,87.18852
2025-09-22 06:00:00 - Sekayu,87.22874
2025-09-22 12:00:00 - Sekayu,87.15262
2025-09-22 18:00:00 - Sekayu,86.887085
2025-09-23 06:00:00 - Sekayu,87.234055
2025-09-23 12:00:00 - Sekayu,87.16842
2025-09-23 18:00:00 - Sekayu,85.65552
2025-09-24 06:00:00 - Sekayu,87.180275
2025-09-24 12:00:00 - Sekayu,87.17477
2025-09-24 18:00:00 - Sekayu,87.17707
2025-09-25 06:00:00 - Sekayu,87.18048
2025-09-25 12:00:00 - Sekayu,87.19557
2025-09-25 18:00:00 - Sekayu,87.128975
2025-09-26 06:00:00 - Sekayu,87.148895
2025-09-26 12:00:00 - Sekayu,87.16735
2025-09-26 18:00:00 - Sekayu,87.158806
2025-09-27 06:00:00 - Sekayu,87.17903
2025-09-27 12:00:00 - Sekayu,87.15231
2025-09-27 18:00:00 - Sekayu,87.13032
2025-09-28 06:00:00 - Sekayu,87.1088
2025-09-28 12:00:00 - Sekayu,87.16991
2025-09-28 18:00:00 - Sekayu,87.461044
2025-09-29 06:00:00 - Sekayu,87.16351
2025-09-29 12:00:00 - Sekayu,87.07632
2025-09-29 18:00:00 - Sekayu,87.09536
2025-09-30 06:00:00 - Sekayu,87.11508
2025-09-30 12:00:00 - Sekayu,87.096085
2025-09-30 18:00:00 - Sekayu,87.27656
2025-10-01 06:00:00 - Sekayu,87.235794
2025-10-01 12:00:00 - Sekayu,87.21428
2025-10-01 18:00:00 - Sekayu,87.15143
2025-10-02 06:00:00 - Sekayu,87.356445
2025-10-02 12:00:00 - Sekayu,87.18526
2025-10-02 18:00:00 - Sekayu,85.79855
2025-10-03 06:00:00 - Sekayu,87.22646
2025-10-03 12:00:00 - Sekayu,86.90108
2025-10-03 18:00:00 - Sekayu,85.60512
2025-10-04 06:00:00 - Sekayu,87.40408
2025-10-04 12:00:00 - Sekayu,86.36157
2025-10-04 18:00:00 - Sekayu,85.58759
2025-10-05 06:00:00 - Sekayu,87.22405
2025-10-05 12:00:00 - Sekayu,87.226654
2025-10-05 18:00:00 - Sekayu,87.1271
2025-10-06 06:00:00 - Sekayu,87.17737
2025-10-06 12:00:00 - Sekayu,87.14604
2025-10-06 18:00:00 - Sekayu,87.12515
2025-10-07 06:00:00 - Sekayu,87.14494
2025-10-07 12:00:00 - Sekayu,86.39318
2025-10-07 18:00:00 - Sekayu,85.4362
2025-10-08 06:00:00 - Sekayu,87.133835
2025-10-08 12:00:00 - Sekayu,86.17889
2025-10-08 18:00:00 - Sekayu,85.45399
2025-10-09 06:00:00 - Sekayu,87.156296
2025-10-09 12:00:00 - Sekayu,87.11469
2025-10-09 18:00:00 - Sekayu,85.473305
2025-10-10 06:00:00 - Sekayu,87.100136
2025-10-10 12:00:00 - Sekayu,87.068146
2025-10-10 18:00:00 - Sekayu,87.12052
2025-10-11 06:00:00 - Sekayu,87.14733
2025-10-11 12:00:00 - Sekayu,87.11383
2025-10-11 18:00:00 - Sekayu,87.123955
2025-10-12 06:00:00 - Sekayu,87.10454
2025-10-12 12:00:00 - Sekayu,87.108536
2025-10-12 18:00:00 - Sekayu,87.16756
2025-10-13 06:00:00 - Sekayu,87.190544
2025-10-13 12:00:00 - Sekayu,86.774635
2025-10-13 18:00:00 - Sekayu,87.10351
2025-10-14 06:00:00 - Sekayu,87.15041
2025-10-14 12:00:00 - Sekayu,86.35177
2025-10-14 18:00:00 - Sekayu,86.75319
2025-10-15 06:00:00 - Sekayu,87.15326
2025-10-15 12:00:00 - Sekayu,86.354836
2025-10-15 18:00:00 - Sekayu,87.147964
2025-10-16 06:00:00 - Sekayu,87.17537
2025-10-16 12:00:00 - Sekayu,86.39105
2025-10-16 18:00:00 - Sekayu,87.16752
2025-10-17 06:00:00 - Sekayu,87.07762
2025-10-17 12:00:00 - Sekayu,86.35868
2025-10-17 18:00:00 - Sekayu,87.12316
2025-10-18 06:00:00 - Sekayu,87.069984
2025-10-18 12:00:00 - Sekayu,86.334946
2025-10-18 18:00:00 - Sekayu,86.38778
2025-10-19 06:00:00 - Sekayu,87.0959
2025-10-19 12:00:00 - Sekayu,86.73227
2025-10-19 18:00:00 - Sekayu,87.13339
2025-10-20 06:00:00 - Sekayu,87.02664
2025-10-20 12:00:00 - Sekayu,86.36385
2025-10-20 18:00:00 - Sekayu,87.10657
2025-10-21 06:00:00 - Sekayu,87.529366
2025-10-21 12:00:00 - Sekayu,87.327415
2025-10-21 18:00:00 - Sekayu,87.81158
2025-10-22 06:00:00 - Sekayu,87.77104
2025-10-22 12:00:00 - Sekayu,87.41225
2025-10-22 18:00:00 - Sekayu,87.346504
2025-10-23 06:00:00 - Sekayu,87.946205
2025-10-23 12:00:00 - Sekayu,87.646576
2025-10-23 18:00:00 - Sekayu,87.74802
2025-10-24 06:00:00 - Sekayu,88.06553
2025-10-24 12:00:00 - Sekayu,87.7763
2025-10-24 18:00:00 - Sekayu,87.65735
2025-10-25 06:00:00 - Sekayu,88.04508
2025-10-25 12:00:00 - Sekayu,87.730034
2025-10-25 18:00:00 - Sekayu,87.71872
2025-10-26 06:00:00 - Sekayu,87.56128
2025-10-26 12:00:00 - Sekayu,87.52535
2025-10-26 18:00:00 - Sekayu,87.49607
2025-10-27 06:00:00 - Sekayu,87.681145
2025-10-27 12:00:00 - Sekayu,87.53462
2025-10-27 18:00:00 - Sekayu,87.68158
2025-10-28 06:00:00 - Sekayu,87.56577
2025-10-28 12:00:00 - Sekayu,87.580986
2025-10-28 18:00:00 - Sekayu,87.67738
2025-10-29 06:00:00 - Sekayu,87.94644
2025-10-29 12:00:00 - Sekayu,87.84756
2025-10-29 18:00:00 - Sekayu,87.89389
2025-10-30 06:00:00 - Sekayu,88.002075
2025-10-30 12:00:00 - Sekayu,87.903786
2025-10-30 18:00:00 - Sekayu,87.92002
2025-10-31 06:00:00 - Sekayu,88.03427
2025-10-31 12:00:00 - Sekayu,87.76379
2025-10-31 18:00:00 - Sekayu,87.7993
2025-11-01 06:00:00 - Sekayu,87.95243
2025-11-01 12:00:00 - Sekayu,87.678085
2025-11-01 18:00:00 - Sekayu,87.83191
2025-11-02 06:00:00 - Sekayu,87.6698
2025-11-02 12:00:00 - Sekayu,87.55837
2025-11-02 18:00:00 - Sekayu,87.49712
2025-11-03 06:00:00 - Sekayu,87.67883
2025-11-03 12:00:00 - Sekayu,87.552925
2025-11-03 18:00:00 - Sekayu,87.62591
2025-11-04 06:00:00 - Sekayu,87.92945
2025-11-04 12:00:00 - Sekayu,87.72053
2025-11-04 18:00:00 - Sekayu,88.01923
2025-11-05 06:00:00 - Sekayu,87.84775
2025-11-05 12:00:00 - Sekayu,87.64099
2025-11-05 18:00:00 - Sekayu,87.99561
2025-11-06 06:00:00 - Sekayu,88.25806
2025-11-06 12:00:00 - Sekayu,87.97883
2025-11-06 18:00:00 - Sekayu,87.90962
2025-11-07 06:00:00 - Sekayu,88.10282
2025-11-07 12:00:00 - Sekayu,88.02891
2025-11-07 18:00:00 - Sekayu,87.91847
2025-11-08 06:00:00 - Sekayu,88.01863
2025-11-08 12:00:00 - Sekayu,87.84718
2025-11-08 18:00:00 - Sekayu,87.977554
2025-11-09 06:00:00 - Sekayu,91.753296
2025-11-09 12:00:00 - Sekayu,88.46368
2025-11-09 18:00:00 - Sekayu,88.09802
2025-11-10 06:00:00 - Sekayu,88.44052
2025-11-10 12:00:00 - Sekayu,88.14224
2025-11-10 18:00:00 - Sekayu,88.082466
2025-11-11 06:00:00 - Sekayu,88.23929
2025-11-11 12:00:00 - Sekayu,88.07347
2025-11-11 18:00:00 - Sekayu,87.93603
2025-11-12 06:00:00 - Sekayu,88.258
2025-11-12 12:00:00 - Sekayu,88.11425
2025-11-12 18:00:00 - Sekayu,88.1218
2025-11-13 06:00:00 - Sekayu,88.56453
2025-11-13 12:00:00 - Sekayu,88.03738
2025-11-13 18:00:00 - Sekayu,88.07482
2025-11-14 06:00:00 - Sekayu,88.050255
2025-11-14 12:00:00 - Sekayu,87.70852
2025-11-14 18:00:00 - Sekayu,88.0831
2025-11-15 06:00:00 - Sekayu,87.93134
2025-11-15 12:00:00 - Sekayu,88.05804
2025-11-15 18:00:00 - Sekayu,87.90694
2025-11-16 06:00:00 - Sekayu,87.88046
2025-11-16 12:00:00 - Sekayu,87.85363
2025-11-16 18:00:00 - Sekayu,87.80649
2025-11-17 06:00:00 - Sekayu,88.073296
2025-11-17 12:00:00 - Sekayu,88.043015
2025-11-17 18:00:00 - Sekayu,89.98458
2025-11-18 06:00:00 - Sekayu,88.01369
2025-11-18 12:00:00 - Sekayu,87.88289
2025-11-18 18:00:00 - Sekayu,87.74108
2025-11-19 06:00:00 - Sekayu,88.26714
2025-11-19 12:00:00 - Sekayu,88.19563
2025-11-19 18:00:00 - Sekayu,88.30952
2025-11-20 06:00:00 - Sekayu,88.448006
2025-11-20 12:00:00 - Sekayu,87.96126
2025-11-20 18:00:00 - Sekayu,88.0843
2025-11-21 06:00:00 - Sekayu,88.48754
2025-11-21 12:00:00 - Sekayu,88.1258
2025-11-21 18:00:00 - Sekayu,88.561035
2025-11-22 06:00:00 - Sekayu,88.201805
2025-11-22 12:00:00 - Sekayu,88.16788
2025-11-22 18:00:00 - Sekayu,87.89779
2025-11-23 06:00:00 - Sekayu,88.11017
2025-11-23 12:00:00 - Sekayu,88.00518
2025-11-23 18:00:00 - Sekayu,87.9498
2025-11-24 06:00:00 - Sekayu,88.14989
2025-11-24 12:00:00 - Sekayu,87.78262
2025-11-24 18:00:00 - Sekayu,87.84455
2025-11-25 06:00:00 - Sekayu,87.83953
2025-11-25 12:00:00 - Sekayu,87.81586
2025-11-25 18:00:00 - Sekayu,87.67828
2025-11-26 06:00:00 - Sekayu,87.92023
2025-11-26 12:00:00 - Sekayu,87.96016
2025-11-26 18:00:00 - Sekayu,89.66588
2025-11-27 06:00:00 - Sekayu,88.152664
2025-11-27 12:00:00 - Sekayu,87.8135
2025-11-27 18:00:00 - Sekayu,87.77805
2025-11-28 06:00:00 - Sekayu,88.18003
2025-11-28 12:00:00 - Sekayu,88.040085
2025-11-28 18:00:00 - Sekayu,87.710014
2025-11-29 06:00:00 - Sekayu,87.65458
2025-11-29 12:00:00 - Sekayu,87.58137
2025-11-29 18:00:00 - Sekayu,86.60313
2025-11-30 06:00:00 - Sekayu,88.08034
2025-11-30 12:00:00 - Sekayu,87.834175
2025-11-30 18:00:00 - Sekayu,88.46615
2025-12-01 06:00:00 - Sekayu,88.02169
2025-12-01 12:00:00 - Sekayu,87.96434
2025-12-01 18:00:00 - Sekayu,87.86307
2025-12-02 06:00:00 - Sekayu,87.91032
2025-12-02 12:00:00 - Sekayu,87.80371
2025-12-02 18:00:00 - Sekayu,87.93274
2025-12-03 06:00:00 - Sekayu,88.040054
2025-12-03 12:00:00 - Sekayu,87.31781
2025-12-03 18:00:00 - Sekayu,87.39249
2025-12-04 06:00:00 - Sekayu,87.3215
2025-12-04 12:00:00 - Sekayu,87.21593
2025-12-04 18:00:00 - Sekayu,87.82739
2025-12-05 06:00:00 - Sekayu,88.27171
2025-12-05 12:00:00 - Sekayu,88.14624
2025-12-05 18:00:00 - Sekayu,88.21133
2025-12-06 06:00:00 - Sekayu,88.26209
2025-12-06 12:00:00 - Sekayu,88.16379
2025-12-06 18:00:00 - Sekayu,88.38804
2025-12-07 06:00:00 - Sekayu,88.07727
2025-12-07 12:00:00 - Sekayu,87.98212
2025-12-07 18:00:00 - Sekayu,88.137634
2025-12-08 06:00:00 - Sekayu,88.375046
2025-12-08 12:00:00 - Sekayu,88.21761
2025-12-08 18:00:00 - Sekayu,87.866455
2025-12-09 06:00:00 - Sekayu,88.01307
2025-12-09 12:00:00 - Sekayu,87.77612
2025-12-09 18:00:00 - Sekayu,87.755455
2025-12-10 06:00:00 - Sekayu,88.89263
2025-12-10 12:00:00 - Sekayu,88.63529
2025-12-10 18:00:00 - Sekayu,87.26855
2025-12-11 06:00:00 - Sekayu,87.512825
2025-12-11 12:00:00 - Sekayu,87.500725
2025-12-11 18:00:00 - Sekayu,87.996956
2025-12-12 06:00:00 - Sekayu,89.045006
2025-12-12 12:00:00 - Sekayu,87.104
2025-12-12 18:00:00 - Sekayu,86.114006
2025-12-13 06:00:00 - Sekayu,87.83694
2025-12-13 12:00:00 - Sekayu,87.0044
2025-12-13 18:00:00 - Sekayu,86.98131
2025-12-14 06:00:00 - Sekayu,87.692085
2025-12-14 12:00:00 - Sekayu,87.69391
2025-12-14 18:00:00 - Sekayu,87.66932
2025-12-15 06:00:00 - Sekayu,87.55489
2025-12-15 12:00:00 - Sekayu,87.22905
2025-12-15 18:00:00 - Sekayu,87.61769
2025-12-16 06:00:00 - Sekayu,86.89822
2025-12-16 12:00:00 - Sekayu,87.31987
2025-12-16 18:00:00 - Sekayu,87.21993
2025-12-17 06:00:00 - Sekayu,87.65633
2025-12-17 12:00:00 - Sekayu,86.92168
2025-12-17 18:00:00 - Sekayu,86.656624
2025-12-18 06:00:00 - Sekayu,87.558914
2025-12-18 12:00:00 - Sekayu,87.21301
2025-12-18 18:00:00 - Sekayu,87.951996
2025-12-19 06:00:00 - Sekayu,87.60201
2025-12-19 12:00:00 - Sekayu,87.78145
2025-12-19 18:00:00 - Sekayu,87.760796
2025-12-20 06:00:00 - Sekayu,88.01704
2025-12-20 12:00:00 - Sekayu,88.08122
2025-12-20 18:00:00 - Sekayu,87.485664
2025-12-21 06:00:00 - Sekayu,87.8303
2025-12-21 12:00:00 - Sekayu,87.89008
2025-12-21 18:00:00 - Sekayu,87.548965
2025-12-22 06:00:00 - Sekayu,88.10083
2025-12-22 12:00:00 - Sekayu,87.95778
2025-12-22 18:00:00 - Sekayu,87.6002
2025-12-23 06:00:00 - Sekayu,88.50025
2025-12-23 12:00:00 - Sekayu,88.64651
2025-12-23 18:00:00 - Sekayu,88.02869
2025-12-24 06:00:00 - Sekayu,87.927505
2025-12-24 12:00:00 - Sekayu,88.00333
2025-12-24 18:00:00 - Sekayu,87.944214
2025-12-25 06:00:00 - Sekayu,87.86938
2025-12-25 12:00:00 - Sekayu,87.41952
2025-12-25 18:00:00 - Sekayu,87.903786
2025-12-26 06:00:00 - Sekayu,88.01807
2025-12-26 12:00:00 - Sekayu,87.59774
2025-12-26 18:00:00 - Sekayu,87.323555
2025-12-27 06:00:00 - Sekayu,87.74519
2025-12-27 12:00:00 - Sekayu,87.659004
2025-12-27 18:00:00 - Sekayu,87.67357
2025-12-28 06:00:00 - Sekayu,88.01613
2025-12-28 12:00:00 - Sekayu,89.03508
2025-12-28 18:00:00 - Sekayu,86.65416
2025-12-29 06:00:00 - Sekayu,87.85751
2025-12-29 12:00:00 - Sekayu,87.92254
2025-12-29 18:00:00 - Sekayu,86.88044
2025-12-30 06:00:00 - Sekayu,87.435356
2025-12-30 12:00:00 - Sekayu,87.73922
2025-12-30 18:00:00 - Sekayu,87.55545
2025-12-31 06:00:00 - Sekayu,87.943695
2025-12-31 12:00:00 - Sekayu,87.906006
2025-12-31 18:00:00 - Sekayu,87.70959
2026-01-01 06:00:00 - Sekayu,87.838936
2026-01-01 12:00:00 - Sekayu,88.01092
2026-01-01 18:00:00 - Sekayu,87.60159
2026-01-02 06:00:00 - Sekayu,89.03715
2026-01-02 12:00:00 - Sekayu,88.46031
2026-01-02 18:00:00 - Sekayu,88.15568
2026-01-03 06:00:00 - Sekayu,87.83932
2026-01-03 12:00:00 - Sekayu,88.37401
2026-01-03 18:00:00 - Sekayu,87.92413
2026-01-04 06:00:00 - Sekayu,88.46438
2026-01-04 12:00:00 - Sekayu,87.90039
2026-01-04 18:00:00 - Sekayu,87.863174
2026-01-05 06:00:00 - Sekayu,88.23679
2026-01-05 12:00:00 - Sekayu,88.02997
2026-01-05 18:00:00 - Sekayu,87.908646
2026-01-06 06:00:00 - Sekayu,88.13465
2026-01-06 12:00:00 - Sekayu,87.988815
2026-01-06 18:00:00 - Sekayu,86.083176
2026-01-07 06:00:00 - Sekayu,87.8649
2026-01-07 12:00:00 - Sekayu,87.90456
2026-01-07 18:00:00 - Sekayu,90.48095
2026-01-08 06:00:00 - Sekayu,88.158226
2026-01-08 12:00:00 - Sekayu,88.197914
2026-01-08 18:00:00 - Sekayu,88.23624
2026-01-09 06:00:00 - Sekayu,88.35404
2026-01-09 12:00:00 - Sekayu,88.55412
2026-01-09 18:00:00 - Sekayu,87.99385
2026-01-10 06:00:00 - Sekayu,88.302864
2026-01-10 12:00:00 - Sekayu,88.265236
2026-01-10 18:00:00 - Sekayu,88.11188
2026-01-11 06:00:00 - Sekayu,88.498795
2026-01-11 12:00:00 - Sekayu,88.86395
2026-01-11 18:00:00 - Sekayu,88.36822
2026-01-12 06:00:00 - Sekayu,88.25307
2026-01-12 12:00:00 - Sekayu,88.8699
2026-01-12 18:00:00 - Sekayu,88.93147
2026-01-13 06:00:00 - Sekayu,88.39427
2026-01-13 12:00:00 - Sekayu,88.37557
2026-01-13 18:00:00 - Sekayu,88.75496
2026-01-14 06:00:00 - Sekayu,88.27245
2026-01-14 12:00:00 - Sekayu,88.68246
2026-01-14 18:00:00 - Sekayu,89.355576
2026-01-15 06:00:00 - Sekayu,88.6189
2026-01-15 12:00:00 - Sekayu,88.470406
2026-01-15 18:00:00 - Sekayu,88.48515
2026-01-16 06:00:00 - Sekayu,89.088
2026-01-16 12:00:00 - Sekayu,89.13326
2026-01-16 18:00:00 - Sekayu,88.974396
2026-01-17 06:00:00 - Sekayu,88.34854
2026-01-17 12:00:00 - Sekayu,88.896706
2026-01-17 18:00:00 - Sekayu,88.96089
2026-01-18 06:00:00 - Sekayu,90.5454
2026-01-18 12:00:00 - Sekayu,88.91128
2026-01-18 18:00:00 - Sekayu,88.40888
2026-01-19 06:00:00 - Sekayu,88.7607
2026-01-19 12:00:00 - Sekayu,88.682594
2026-01-19 18:00:00 - Sekayu,88.87267
2026-01-20 06:00:00 - Sekayu,88.66343
2026-01-20 12:00:00 - Sekayu,89.09297
2026-01-20 18:00:00 - Sekayu,88.35628
2026-01-21 06:00:00 - Sekayu,88.4388
2026-01-21 12:00:00 - Sekayu,88.820206
2026-01-21 18:00:00 - Sekayu,88.89587
2026-01-22 06:00:00 - Sekayu,88.49558
2026-01-22 12:00:00 - Sekayu,88.646835
2026-01-22 18:00:00 - Sekayu,91.09739
2026-01-23 06:00:00 - Sekayu,88.768684
2026-01-23 12:00:00 - Sekayu,88.84093
2026-01-23 18:00:00 - Sekayu,92.45415
2026-01-24 06:00:00 - Sekayu,89.06061
2026-01-24 12:00:00 - Sekayu,88.81568
2026-01-24 18:00:00 - Sekayu,88.394424
2026-01-25 06:00:00 - Sekayu,88.363106
2026-01-25 12:00:00 - Sekayu,88.472305
2026-01-25 18:00:00 - Sekayu,89.03714
2026-01-26 06:00:00 - Sekayu,88.050255
2026-01-26 12:00:00 - Sekayu,89.0163
2026-01-26 18:00:00 - Sekayu,88.61512
2026-01-27 06:00:00 - Sekayu,88.67982
2026-01-27 12:00:00 - Sekayu,88.91714
2026-01-27 18:00:00 - Sekayu,88.66645
2026-01-28 06:00:00 - Sekayu,89.38318
2026-01-28 12:00:00 - Sekayu,89.40211
2026-01-28 18:00:00 - Sekayu,91.46031
2026-01-29 06:00:00 - Sekayu,89.16847
2026-01-29 12:00:00 - Sekayu,89.49159
2026-01-29 18:00:00 - Sekayu,89.7291
2026-01-30 06:00:00 - Sekayu,89.29545
2026-01-30 12:00:00 - Sekayu,89.10267
2026-01-30 18:00:00 - Sekayu,89.143295
2026-01-31 06:00:00 - Sekayu,88.909515
2026-01-31 12:00:00 - Sekayu,88.819824
2026-01-31 18:00:00 - Sekayu,88.780846
2026-02-01 06:00:00 - Sekayu,88.65625
2026-02-01 12:00:00 - Sekayu,88.76608
2026-02-01 18:00:00 - Sekayu,89.4535
2026-02-02 06:00:00 - Sekayu,88.74244
2026-02-02 12:00:00 - Sekayu,89.07724
2026-02-02 18:00:00 - Sekayu,88.44534
2026-02-03 06:00:00 - Sekayu,89.00854
2026-02-03 12:00:00 - Sekayu,88.96528
2026-02-03 18:00:00 - Sekayu,88.670784
2026-02-04 06:00:00 - Sekayu,88.79891
2026-02-04 12:00:00 - Sekayu,89.09672
2026-02-04 18:00:00 - Sekayu,89.021935
2026-02-05 06:00:00 - Sekayu,88.12259
2026-02-05 12:00:00 - Sekayu,88.24791
2026-02-05 18:00:00 - Sekayu,88.42486
2026-02-06 06:00:00 - Sekayu,88.53152
2026-02-06 12:00:00 - Sekayu,88.72216
2026-02-06 18:00:00 - Sekayu,88.82841
2026-02-07 06:00:00 - Sekayu,88.0504
2026-02-07 12:00:00 - Sekayu,88.461876
2026-02-07 18:00:00 - Sekayu,88.159386
2026-02-08 06:00:00 - Sekayu,88.08568
2026-02-08 12:00:00 - Sekayu,88.160576
2026-02-08 18:00:00 - Sekayu,88.30781
2026-02-09 06:00:00 - Sekayu,88.06008
2026-02-09 12:00:00 - Sekayu,87.977165
2026-02-09 18:00:00 - Sekayu,88.27454
2026-02-10 06:00:00 - Sekayu,88.18059
2026-02-10 12:00:00 - Sekayu,88.08709
2026-02-10 18:00:00 - Sekayu,88.363106
2026-02-11 06:00:00 - Sekayu,88.671165
2026-02-11 12:00:00 - Sekayu,88.35403
2026-02-11 18:00:00 - Sekayu,88.26142
2026-02-12 06:00:00 - Sekayu,88.40294
2026-02-12 12:00:00 - Sekayu,88.22676
2026-02-12 18:00:00 - Sekayu,88.74317
2026-02-13 06:00:00 - Sekayu,88.74346
2026-02-13 12:00:00 - Sekayu,88.38258
2026-02-13 18:00:00 - Sekayu,88.28278
2026-02-14 06:00:00 - Sekayu,88.15851
2026-02-14 12:00:00 - Sekayu,88.34637
2026-02-14 18:00:00 - Sekayu,88.64218
2026-02-15 06:00:00 - Sekayu,88.54604
2026-02-15 12:00:00 - Sekayu,88.25061
2026-02-15 18:00:00 - Sekayu,87.92935
2026-02-16 06:00:00 - Sekayu,88.70516
2026-02-16 12:00:00 - Sekayu,88.46243
2026-02-16 18:00:00 - Sekayu,88.63468
2026-02-17 06:00:00 - Sekayu,88.40418
2026-02-17 12:00:00 - Sekayu,88.1724
2026-02-17 18:00:00 - Sekayu,88.423416
2026-02-18 06:00:00 - Sekayu,88.90785
2026-02-18 12:00:00 - Sekayu,88.184364
2026-02-18 18:00:00 - Sekayu,88.6563
2026-02-19 06:00:00 - Sekayu,88.280685
2026-02-19 12:00:00 - Sekayu,87.99459
2026-02-19 18:00:00 - Sekayu,88.26566
2026-02-20 06:00:00 - Sekayu,88.257866
2026-02-20 12:00:00 - Sekayu,88.00622
2026-02-20 18:00:00 - Sekayu,88.155846
2026-02-21 06:00:00 - Sekayu,88.41382
2026-02-21 12:00:00 - Sekayu,88.28675
2026-02-21 18:00:00 - Sekayu,88.16325
2026-02-22 06:00:00 - Sekayu,88.21601
2026-02-22 12:00:00 - Sekayu,88.4207
2026-02-22 18:00:00 - Sekayu,88.787285
2026-02-23 06:00:00 - Sekayu,92.47144
2026-02-23 12:00:00 - Sekayu,88.98513
2026-02-23 18:00:00 - Sekayu,88.55959
2026-02-24 06:00:00 - Sekayu,88.50734
2026-02-24 12:00:00 - Sekayu,88.65407
2026-02-24 18:00:00 - Sekayu,88.74168
2026-02-25 06:00:00 - Sekayu,88.76804
2026-02-25 12:00:00 - Sekayu,88.71527
2026-02-25 18:00:00 - Sekayu,88.42955
2026-02-26 06:00:00 - Sekayu,88.4037
2026-02-26 12:00:00 - Sekayu,88.207405
2026-02-26 18:00:00 - Sekayu,88.2667
2026-02-27 06:00:00 - Sekayu,88.591576
2026-02-27 12:00:00 - Sekayu,88.48322
2026-02-27 18:00:00 - Sekayu,88.42831
2026-02-28 06:00:00 - Sekayu,88.75947
2026-02-28 12:00:00 - Sekayu,88.5623
2026-02-28 18:00:00 - Sekayu,88.669
2026-03-01 06:00:00 - Sekayu,89.04462
2026-03-01 12:00:00 - Sekayu,88.82561
2026-03-01 18:00:00 - Sekayu,88.56984
2026-03-02 06:00:00 - Sekayu,88.33619
2026-03-02 12:00:00 - Sekayu,88.574234
2026-03-02 18:00:00 - Sekayu,88.78543
2026-03-03 06:00:00 - Sekayu,89.311104
2026-03-03 12:00:00 - Sekayu,88.736206
2026-03-03 18:00:00 - Sekayu,88.68761
2026-03-04 06:00:00 - Sekayu,88.79855
2026-03-04 12:00:00 - Sekayu,88.63748
2026-03-04 18:00:00 - Sekayu,88.83188
2026-03-05 06:00:00 - Sekayu,88.74961
2026-03-05 12:00:00 - Sekayu,88.73358
2026-03-05 18:00:00 - Sekayu,88.64591
2026-03-06 06:00:00 - Sekayu,88.50872
2026-03-06 12:00:00 - Sekayu,88.52738
2026-03-06 18:00:00 - Sekayu,88.27722
2026-03-07 06:00:00 - Sekayu,88.129326
2026-03-07 12:00:00 - Sekayu,88.36853
2026-03-07 18:00:00 - Sekayu,88.24553
2026-03-08 06:00:00 - Sekayu,88.46516
2026-03-08 12:00:00 - Sekayu,88.43359
2026-03-08 18:00:00 - Sekayu,88.38031
2026-03-09 06:00:00 - Sekayu,88.03204
2026-03-09 12:00:00 - Sekayu,88.121216
2026-03-09 18:00:00 - Sekayu,88.10821
2026-03-10 06:00:00 - Sekayu,88.06956
2026-03-10 12:00:00 - Sekayu,87.94542
2026-03-10 18:00:00 - Sekayu,87.86865
2026-03-11 06:00:00 - Sekayu,87.80263
2026-03-11 12:00:00 - Sekayu,87.8767
2026-03-11 18:00:00 - Sekayu,87.828094
2026-03-12 06:00:00 - Sekayu,87.767815
2026-03-12 12:00:00 - Sekayu,87.912704
2026-03-12 18:00:00 - Sekayu,86.545044
2026-03-13 06:00:00 - Sekayu,87.67541
2026-03-13 12:00:00 - Sekayu,87.71358
2026-03-13 18:00:00 - Sekayu,87.12102
2026-03-14 06:00:00 - Sekayu,87.67273
2026-03-14 12:00:00 - Sekayu,87.71996
2026-03-14 18:00:00 - Sekayu,87.79075
2026-03-15 06:00:00 - Sekayu,87.78162
2026-03-15 12:00:00 - Sekayu,87.851555
2026-03-15 18:00:00 - Sekayu,89.29322
2026-03-16 06:00:00 - Sekayu,88.43861
2026-03-16 12:00:00 - Sekayu,88.155266
2026-03-16 18:00:00 - Sekayu,89.32799
2026-03-17 06:00:00 - Sekayu,88.42795
2026-03-17 12:00:00 - Sekayu,88.47702
2026-03-17 18:00:00 - Sekayu,88.35919
2026-03-18 06:00:00 - Sekayu,88.07277
2026-03-18 12:00:00 - Sekayu,88.15701
2026-03-18 18:00:00 - Sekayu,88.188545
2026-03-19 06:00:00 - Sekayu,87.978874
2026-03-19 12:00:00 - Sekayu,87.894104
2026-03-19 18:00:00 - Sekayu,87.95572
2026-03-20 06:00:00 - Sekayu,87.77545
2026-03-20 12:00:00 - Sekayu,88.00341
2026-03-20 18:00:00 - Sekayu,88.281715
2026-03-21 06:00:00 - Sekayu,88.07995
2026-03-21 12:00:00 - Sekayu,88.125496
2026-03-21 18:00:00 - Sekayu,88.12674
2026-03-22 06:00:00 - Sekayu,87.84465
2026-03-22 12:00:00 - Sekayu,87.88339
2026-03-22 18:00:00 - Sekayu,88.02457
2026-03-23 06:00:00 - Sekayu,87.698494
2026-03-23 12:00:00 - Sekayu,87.71237
2026-03-23 18:00:00 - Sekayu,87.57614
2026-03-24 06:00:00 - Sekayu,87.48964
2026-03-24 12:00:00 - Sekayu,87.64606
2026-03-24 18:00:00 - Sekayu,87.81557
2026-03-25 06:00:00 - Sekayu,87.85345
2026-03-25 12:00:00 - Sekayu,87.70556
2026-03-25 18:00:00 - Sekayu,87.7058
2026-03-26 06:00:00 - Sekayu,87.59751
2026-03-26 12:00:00 - Sekayu,88.2884
2026-03-26 18:00:00 - Sekayu,88.3236
2026-03-27 06:00:00 - Sekayu,88.09264
2026-03-27 12:00:00 - Sekayu,88.15224
2026-03-27 18:00:00 - Sekayu,88.28415
2026-03-28 06:00:00 - Sekayu,87.96951
2026-03-28 12:00:00 - Sekayu,87.97138
2026-03-28 18:00:00 - Sekayu,88.27045
2026-03-29 06:00:00 - Sekayu,88.057816
2026-03-29 12:00:00 - Sekayu,87.89769
2026-03-29 18:00:00 - Sekayu,88.1261
2026-03-30 06:00:00 - Sekayu,87.72832
2026-03-30 12:00:00 - Sekayu,87.84095
2026-03-30 18:00:00 - Sekayu,87.97489
2026-03-31 06:00:00 - Sekayu,87.69224
2026-03-31 12:00:00 - Sekayu,87.59558
2026-03-31 18:00:00 - Sekayu,87.830734
2026-04-01 06:00:00 - Sekayu,87.729706
2026-04-01 12:00:00 - Sekayu,87.706985
2026-04-01 18:00:00 - Sekayu,87.64212
2026-04-02 06:00:00 - Sekayu,87.6878
2026-04-02 12:00:00 - Sekayu,88.04247
2026-04-02 18:00:00 - Sekayu,88.2879
2026-04-03 06:00:00 - Sekayu,87.81021
2026-04-03 12:00:00 - Sekayu,87.7037
2026-04-03 18:00:00 - Sekayu,87.91721
2026-04-04 06:00:00 - Sekayu,87.757454
2026-04-04 12:00:00 - Sekayu,87.95858
2026-04-04 18:00:00 - Sekayu,87.93109
2026-04-05 06:00:00 - Sekayu,87.65714
2026-04-05 12:00:00 - Sekayu,87.7286
2026-04-05 18:00:00 - Sekayu,87.724884
2026-04-06 06:00:00 - Sekayu,87.40708
2026-04-06 12:00:00 - Sekayu,87.44831
2026-04-06 18:00:00 - Sekayu,87.6917
2026-04-07 06:00:00 - Sekayu,87.44499
2026-04-07 12:00:00 - Sekayu,87.437485
2026-04-07 18:00:00 - Sekayu,87.482765
2026-04-08 06:00:00 - Sekayu,87.497574
2026-04-08 12:00:00 - Sekayu,87.58509
2026-04-08 18:00:00 - Sekayu,87.995735
2026-04-09 06:00:00 - Sekayu,87.715996
2026-04-09 12:00:00 - Sekayu,87.77948
2026-04-09 18:00:00 - Sekayu,88.04038
2026-04-10 06:00:00 - Sekayu,88.2078
2026-04-10 12:00:00 - Sekayu,87.8767
2026-04-10 18:00:00 - Sekayu,88.13843
2026-04-11 06:00:00 - Sekayu,87.811676
2026-04-11 12:00:00 - Sekayu,87.74615
2026-04-11 18:00:00 - Sekayu,88.0528
2026-04-12 06:00:00 - Sekayu,87.78461
2026-04-12 12:00:00 - Sekayu,87.76982
2026-04-12 18:00:00 - Sekayu,87.71758
2026-04-13 06:00:00 - Sekayu,87.679184
2026-04-13 12:00:00 - Sekayu,87.60234
2026-04-13 18:00:00 - Sekayu,87.45471
2026-04-14 06:00:00 - Sekayu,87.40988
2026-04-14 12:00:00 - Sekayu,87.48524
2026-04-14 18:00:00 - Sekayu,87.433304
2026-04-15 06:00:00 - Sekayu,87.542915
2026-04-15 12:00:00 - Sekayu,87.486534
2026-04-15 18:00:00 - Sekayu,87.472595
2026-04-16 06:00:00 - Sekayu,87.55867
2026-04-16 12:00:00 - Sekayu,87.549706
2026-04-16 18:00:00 - Sekayu,87.41784
2026-04-17 06:00:00 - Sekayu,87.32404
2026-04-17 12:00:00 - Sekayu,87.36034
2026-04-17 18:00:00 - Sekayu,87.36517
2026-04-18 06:00:00 - Sekayu,87.359085
2026-04-18 12:00:00 - Sekayu,87.31154
2026-04-18 18:00:00 - Sekayu,87.36153
2026-04-19 06:00:00 - Sekayu,87.23468
2026-04-19 12:00:00 - Sekayu,87.47222
2026-04-19 18:00:00 - Sekayu,87.28886
2026-04-20 06:00:00 - Sekayu,87.24455
2026-04-20 12:00:00 - Sekayu,87.3099
2026-04-20 18:00:00 - Sekayu,87.0552
2026-04-21 06:00:00 - Sekayu,87.35977
2026-04-21 12:00:00 - Sekayu,87.43402
2026-04-21 18:00:00 - Sekayu,87.37053
2026-04-22 06:00:00 - Sekayu,87.25468
2026-04-22 12:00:00 - Sekayu,87.53306
2026-04-22 18:00:00 - Sekayu,87.91981
2026-04-23 06:00:00 - Sekayu,87.56059
2026-04-23 12:00:00 - Sekayu,87.39183
2026-04-23 18:00:00 - Sekayu,87.4404
2026-04-24 06:00:00 - Sekayu,87.4137
2026-04-24 12:00:00 - Sekayu,87.36017
2026-04-24 18:00:00 - Sekayu,87.39747
2026-04-25 06:00:00 - Sekayu,87.27389
2026-04-25 12:00:00 - Sekayu,87.30968
2026-04-25 18:00:00 - Sekayu,87.300804
2026-04-26 06:00:00 - Sekayu,87.30979
2026-04-26 12:00:00 - Sekayu,87.37161
2026-04-26 18:00:00 - Sekayu,87.28646
2026-04-27 06:00:00 - Sekayu,87.16485
2026-04-27 12:00:00 - Sekayu,87.278534
2026-04-27 18:00:00 - Sekayu,87.54298
2026-04-28 06:00:00 - Sekayu,87.439285
2026-04-28 12:00:00 - Sekayu,87.511086
2026-04-28 18:00:00 - Sekayu,87.50065
2026-04-29 06:00:00 - Sekayu,87.44086
2026-04-29 12:00:00 - Sekayu,87.496216
2026-04-29 18:00:00 - Sekayu,87.45467
2026-04-30 06:00:00 - Sekayu,87.66229
2026-04-30 12:00:00 - Sekayu,87.67216
2026-04-30 18:00:00 - Sekayu,87.811935
2026-05-01 06:00:00 - Sekayu,88.009445
2026-05-01 12:00:00 - Sekayu,87.701
2026-05-01 18:00:00 - Sekayu,89.07025
2026-05-02 06:00:00 - Sekayu,87.54262
2026-05-02 12:00:00 - Sekayu,87.44004
2026-05-02 18:00:00 - Sekayu,87.62962
2026-05-03 06:00:00 - Sekayu,87.51742
2026-05-03 12:00:00 - Sekayu,87.43747
2026-05-03 18:00:00 - Sekayu,87.311775
2026-05-04 06:00:00 - Sekayu,87.31536
2026-05-04 12:00:00 - Sekayu,87.41462
2026-05-04 18:00:00 - Sekayu,87.3334
2026-05-05 06:00:00 - Sekayu,87.21273
2026-05-05 12:00:00 - Sekayu,87.28402
2026-05-05 18:00:00 - Sekayu,87.26349
2026-05-06 06:00:00 - Sekayu,87.16497
2026-05-06 12:00:00 - Sekayu,87.232475
2026-05-06 18:00:00 - Sekayu,87.23916
2026-05-07 06:00:00 - Sekayu,87.22149
2026-05-07 12:00:00 - Sekayu,87.2109
2026-05-07 18:00:00 - Sekayu,87.193474
2026-05-08 06:00:00 - Sekayu,87.12908
2026-05-08 12:00:00 - Sekayu,87.19476
2026-05-08 18:00:00 - Sekayu,87.189964
2026-05-09 06:00:00 - Sekayu,87.65723
2026-05-09 12:00:00 - Sekayu,87.7407
2026-05-09 18:00:00 - Sekayu,87.070816
2026-05-10 06:00:00 - Sekayu,87.035515
2026-05-10 12:00:00 - Sekayu,86.946106
2026-05-10 18:00:00 - Sekayu,86.98291
2026-05-11 06:00:00 - Sekayu,86.95752
2026-05-11 12:00:00 - Sekayu,87.06759
2026-05-11 18:00:00 - Sekayu,87.9417
2026-05-12 06:00:00 - Sekayu,86.95446
2026-05-12 12:00:00 - Sekayu,86.98786
2026-05-12 18:00:00 - Sekayu,87.049515
2026-05-13 06:00:00 - Sekayu,87.17072
2026-05-13 12:00:00 - Sekayu,86.96968
2026-05-13 18:00:00 - Sekayu,86.978325
2026-05-14 06:00:00 - Sekayu,86.93287
2026-05-14 12:00:00 - Sekayu,87.01321
2026-05-14 18:00:00 - Sekayu,86.99113
2026-05-15 06:00:00 - Sekayu,86.9395
2026-05-15 12:00:00 - Sekayu,87.0219
2026-05-15 18:00:00 - Sekayu,87.028625
2026-05-16 06:00:00 - Sekayu,86.91653
2026-05-16 12:00:00 - Sekayu,86.970535
2026-05-16 18:00:00 - Sekayu,87.011375
2026-05-17 06:00:00 - Sekayu,86.95793
2026-05-17 12:00:00 - Sekayu,87.03248
2026-05-17 18:00:00 - Sekayu,87.08923
2026-05-18 06:00:00 - Sekayu,86.93291
2026-05-18 12:00:00 - Sekayu,87.038246
2026-05-18 18:00:00 - Sekayu,87.08314
2025-09-19 06:00:00 - Serenan,86.11902
2025-09-19 12:00:00 - Serenan,86.22328
2025-09-19 18:00:00 - Serenan,86.21647
2025-09-20 06:00:00 - Serenan,86.31286
2025-09-20 12:00:00 - Serenan,86.26843
2025-09-20 18:00:00 - Serenan,86.300644
2025-09-21 06:00:00 - Serenan,86.388374
2025-09-21 12:00:00 - Serenan,86.325325
2025-09-21 18:00:00 - Serenan,86.249695
2025-09-22 06:00:00 - Serenan,86.33908
2025-09-22 12:00:00 - Serenan,86.314644
2025-09-22 18:00:00 - Serenan,86.222176
2025-09-23 06:00:00 - Serenan,86.31655
2025-09-23 12:00:00 - Serenan,86.27736
2025-09-23 18:00:00 - Serenan,85.62175
2025-09-24 06:00:00 - Serenan,86.3569
2025-09-24 12:00:00 - Serenan,86.25444
2025-09-24 18:00:00 - Serenan,86.28411
2025-09-25 06:00:00 - Serenan,86.430244
2025-09-25 12:00:00 - Serenan,86.344604
2025-09-25 18:00:00 - Serenan,86.38915
2025-09-26 06:00:00 - Serenan,86.497116
2025-09-26 12:00:00 - Serenan,86.32577
2025-09-26 18:00:00 - Serenan,86.368416
2025-09-27 06:00:00 - Serenan,86.37113
2025-09-27 12:00:00 - Serenan,86.323746
2025-09-27 18:00:00 - Serenan,84.91804
2025-09-28 06:00:00 - Serenan,86.34166
2025-09-28 12:00:00 - Serenan,86.099724
2025-09-28 18:00:00 - Serenan,85.038765
2025-09-29 06:00:00 - Serenan,86.31768
2025-09-29 12:00:00 - Serenan,86.25094
2025-09-29 18:00:00 - Serenan,86.22216
2025-09-30 06:00:00 - Serenan,86.258156
2025-09-30 12:00:00 - Serenan,86.27001
2025-09-30 18:00:00 - Serenan,86.28697
2025-10-01 06:00:00 - Serenan,86.38652
2025-10-01 12:00:00 - Serenan,86.22974
2025-10-01 18:00:00 - Serenan,86.32816
2025-10-02 06:00:00 - Serenan,86.42386
2025-10-02 12:00:00 - Serenan,86.34559
2025-10-02 18:00:00 - Serenan,86.12474
2025-10-03 06:00:00 - Serenan,86.4066
2025-10-03 12:00:00 - Serenan,86.247154
2025-10-03 18:00:00 - Serenan,86.25403
2025-10-04 06:00:00 - Serenan,86.23343
2025-10-04 12:00:00 - Serenan,86.27074
2025-10-04 18:00:00 - Serenan,85.63324
2025-10-05 06:00:00 - Serenan,86.37067
2025-10-05 12:00:00 - Serenan,86.22003
2025-10-05 18:00:00 - Serenan,87.069115
2025-10-06 06:00:00 - Serenan,86.24747
2025-10-06 12:00:00 - Serenan,86.294426
2025-10-06 18:00:00 - Serenan,85.12756
2025-10-07 06:00:00 - Serenan,86.33688
2025-10-07 12:00:00 - Serenan,86.14412
2025-10-07 18:00:00 - Serenan,85.49659
2025-10-08 06:00:00 - Serenan,86.28431
2025-10-08 12:00:00 - Serenan,86.16762
2025-10-08 18:00:00 - Serenan,85.43196
2025-10-09 06:00:00 - Serenan,86.20034
2025-10-09 12:00:00 - Serenan,86.05001
2025-10-09 18:00:00 - Serenan,86.03251
2025-10-10 06:00:00 - Serenan,86.13664
2025-10-10 12:00:00 - Serenan,86.028595
2025-10-10 18:00:00 - Serenan,86.137344
2025-10-11 06:00:00 - Serenan,86.19428
2025-10-11 12:00:00 - Serenan,86.10344
2025-10-11 18:00:00 - Serenan,86.100395
2025-10-12 06:00:00 - Serenan,86.18213
2025-10-12 12:00:00 - Serenan,86.102295
2025-10-12 18:00:00 - Serenan,86.150604
2025-10-13 06:00:00 - Serenan,86.261185
2025-10-13 12:00:00 - Serenan,86.07522
2025-10-13 18:00:00 - Serenan,86.15656
2025-10-14 06:00:00 - Serenan,86.325516
2025-10-14 12:00:00 - Serenan,86.22786
2025-10-14 18:00:00 - Serenan,86.23592
2025-10-15 06:00:00 - Serenan,86.15716
2025-10-15 12:00:00 - Serenan,86.01638
2025-10-15 18:00:00 - Serenan,86.06683
2025-10-16 06:00:00 - Serenan,86.34445
2025-10-16 12:00:00 - Serenan,86.180016
2025-10-16 18:00:00 - Serenan,86.21947
2025-10-17 06:00:00 - Serenan,86.12716
2025-10-17 12:00:00 - Serenan,86.194176
2025-10-17 18:00:00 - Serenan,86.19374
2025-10-18 06:00:00 - Serenan,86.213165
2025-10-18 12:00:00 - Serenan,86.08083
2025-10-18 18:00:00 - Serenan,86.243256
2025-10-19 06:00:00 - Serenan,86.31687
2025-10-19 12:00:00 - Serenan,86.33084
2025-10-19 18:00:00 - Serenan,86.300964
2025-10-20 06:00:00 - Serenan,86.32557
2025-10-20 12:00:00 - Serenan,86.21685
2025-10-20 18:00:00 - Serenan,86.236015
2025-10-21 06:00:00 - Serenan,86.60336
2025-10-21 12:00:00 - Serenan,86.518715
2025-10-21 18:00:00 - Serenan,86.5084
2025-10-22 06:00:00 - Serenan,86.66521
2025-10-22 12:00:00 - Serenan,86.38527
2025-10-22 18:00:00 - Serenan,86.57211
2025-10-23 06:00:00 - Serenan,87.07442
2025-10-23 12:00:00 - Serenan,86.815994
2025-10-23 18:00:00 - Serenan,86.66376
2025-10-24 06:00:00 - Serenan,87.05538
2025-10-24 12:00:00 - Serenan,86.8333
2025-10-24 18:00:00 - Serenan,86.97646
2025-10-25 06:00:00 - Serenan,86.84415
2025-10-25 12:00:00 - Serenan,86.94932
2025-10-25 18:00:00 - Serenan,86.85322
2025-10-26 06:00:00 - Serenan,86.5947
2025-10-26 12:00:00 - Serenan,86.64881
2025-10-26 18:00:00 - Serenan,86.5178
2025-10-27 06:00:00 - Serenan,86.48966
2025-10-27 12:00:00 - Serenan,86.45373
2025-10-27 18:00:00 - Serenan,86.41531
2025-10-28 06:00:00 - Serenan,86.5468
2025-10-28 12:00:00 - Serenan,86.38778
2025-10-28 18:00:00 - Serenan,87.94494
2025-10-29 06:00:00 - Serenan,87.06157
2025-10-29 12:00:00 - Serenan,86.77617
2025-10-29 18:00:00 - Serenan,86.50351
2025-10-30 06:00:00 - Serenan,86.59683
2025-10-30 12:00:00 - Serenan,86.57691
2025-10-30 18:00:00 - Serenan,86.481186
2025-10-31 06:00:00 - Serenan,86.69125
2025-10-31 12:00:00 - Serenan,86.41518
2025-10-31 18:00:00 - Serenan,86.3899
2025-11-01 06:00:00 - Serenan,86.66729
2025-11-01 12:00:00 - Serenan,86.47517
2025-11-01 18:00:00 - Serenan,86.38522
2025-11-02 06:00:00 - Serenan,86.723976
2025-11-02 12:00:00 - Serenan,86.61001
2025-11-02 18:00:00 - Serenan,86.49948
2025-11-03 06:00:00 - Serenan,86.57399
2025-11-03 12:00:00 - Serenan,86.55872
2025-11-03 18:00:00 - Serenan,86.50664
2025-11-04 06:00:00 - Serenan,87.06435
2025-11-04 12:00:00 - Serenan,86.90015
2025-11-04 18:00:00 - Serenan,86.841
2025-11-05 06:00:00 - Serenan,86.66905
2025-11-05 12:00:00 - Serenan,86.505875
2025-11-05 18:00:00 - Serenan,86.70526
2025-11-06 06:00:00 - Serenan,87.04026
2025-11-06 12:00:00 - Serenan,86.66936
2025-11-06 18:00:00 - Serenan,86.53468
2025-11-07 06:00:00 - Serenan,86.91399
2025-11-07 12:00:00 - Serenan,86.5204
2025-11-07 18:00:00 - Serenan,86.48934
2025-11-08 06:00:00 - Serenan,86.61048
2025-11-08 12:00:00 - Serenan,86.561134
2025-11-08 18:00:00 - Serenan,86.57615
2025-11-09 06:00:00 - Serenan,86.31889
2025-11-09 12:00:00 - Serenan,86.25122
2025-11-09 18:00:00 - Serenan,88.55878
2025-11-10 06:00:00 - Serenan,87.180725
2025-11-10 12:00:00 - Serenan,86.69269
2025-11-10 18:00:00 - Serenan,86.60683
2025-11-11 06:00:00 - Serenan,87.06651
2025-11-11 12:00:00 - Serenan,86.81569
2025-11-11 18:00:00 - Serenan,86.83236
2025-11-12 06:00:00 - Serenan,86.970726
2025-11-12 12:00:00 - Serenan,86.876884
2025-11-12 18:00:00 - Serenan,86.799416
2025-11-13 06:00:00 - Serenan,87.046486
2025-11-13 12:00:00 - Serenan,86.588135
2025-11-13 18:00:00 - Serenan,86.55379
2025-11-14 06:00:00 - Serenan,87.23045
2025-11-14 12:00:00 - Serenan,86.83611
2025-11-14 18:00:00 - Serenan,86.890465
2025-11-15 06:00:00 - Serenan,87.42213
2025-11-15 12:00:00 - Serenan,87.09842
2025-11-15 18:00:00 - Serenan,87.03446
2025-11-16 06:00:00 - Serenan,86.51713
2025-11-16 12:00:00 - Serenan,86.54803
2025-11-16 18:00:00 - Serenan,86.342476
2025-11-17 06:00:00 - Serenan,86.93577
2025-11-17 12:00:00 - Serenan,86.729904
2025-11-17 18:00:00 - Serenan,86.50182
2025-11-18 06:00:00 - Serenan,86.60475
2025-11-18 12:00:00 - Serenan,86.554344
2025-11-18 18:00:00 - Serenan,85.85528
2025-11-19 06:00:00 - Serenan,87.03407
2025-11-19 12:00:00 - Serenan,87.10746
2025-11-19 18:00:00 - Serenan,86.82975
2025-11-20 06:00:00 - Serenan,87.180855
2025-11-20 12:00:00 - Serenan,86.7312
2025-11-20 18:00:00 - Serenan,86.53901
2025-11-21 06:00:00 - Serenan,87.1545
2025-11-21 12:00:00 - Serenan,87.05906
2025-11-21 18:00:00 - Serenan,87.29618
2025-11-22 06:00:00 - Serenan,87.27469
2025-11-22 12:00:00 - Serenan,87.137436
2025-11-22 18:00:00 - Serenan,92.21634
2025-11-23 06:00:00 - Serenan,86.475624
2025-11-23 12:00:00 - Serenan,86.420456
2025-11-23 18:00:00 - Serenan,86.394684
2025-11-24 06:00:00 - Serenan,86.72582
2025-11-24 12:00:00 - Serenan,86.56708
2025-11-24 18:00:00 - Serenan,86.006096
2025-11-25 06:00:00 - Serenan,86.30078
2025-11-25 12:00:00 - Serenan,86.29266
2025-11-25 18:00:00 - Serenan,86.29366
2025-11-26 06:00:00 - Serenan,86.16862
2025-11-26 12:00:00 - Serenan,86.24438
2025-11-26 18:00:00 - Serenan,86.19731
2025-11-27 06:00:00 - Serenan,86.41936
2025-11-27 12:00:00 - Serenan,86.47302
2025-11-27 18:00:00 - Serenan,86.295555
2025-11-28 06:00:00 - Serenan,86.50289
2025-11-28 12:00:00 - Serenan,86.292915
2025-11-28 18:00:00 - Serenan,86.05275
2025-11-29 06:00:00 - Serenan,86.349915
2025-11-29 12:00:00 - Serenan,86.18865
2025-11-29 18:00:00 - Serenan,86.34435
2025-11-30 06:00:00 - Serenan,86.273445
2025-11-30 12:00:00 - Serenan,86.296326
2025-11-30 18:00:00 - Serenan,86.17446
2025-12-01 06:00:00 - Serenan,86.47501
2025-12-01 12:00:00 - Serenan,86.44349
2025-12-01 18:00:00 - Serenan,86.2046
2025-12-02 06:00:00 - Serenan,86.295105
2025-12-02 12:00:00 - Serenan,86.18335
2025-12-02 18:00:00 - Serenan,86.234184
2025-12-03 06:00:00 - Serenan,86.521484
2025-12-03 12:00:00 - Serenan,86.93882
2025-12-03 18:00:00 - Serenan,87.05768
2025-12-04 06:00:00 - Serenan,86.97673
2025-12-04 12:00:00 - Serenan,87.09757
2025-12-04 18:00:00 - Serenan,86.68942
2025-12-05 06:00:00 - Serenan,86.71455
2025-12-05 12:00:00 - Serenan,86.60963
2025-12-05 18:00:00 - Serenan,86.82581
2025-12-06 06:00:00 - Serenan,86.89237
2025-12-06 12:00:00 - Serenan,86.607475
2025-12-06 18:00:00 - Serenan,86.966934
2025-12-07 06:00:00 - Serenan,86.49908
2025-12-07 12:00:00 - Serenan,86.58458
2025-12-07 18:00:00 - Serenan,86.7622
2025-12-08 06:00:00 - Serenan,86.54707
2025-12-08 12:00:00 - Serenan,86.6218
2025-12-08 18:00:00 - Serenan,86.52457
2025-12-09 06:00:00 - Serenan,86.7174
2025-12-09 12:00:00 - Serenan,86.56865
2025-12-09 18:00:00 - Serenan,86.42235
2025-12-10 06:00:00 - Serenan,87.58003
2025-12-10 12:00:00 - Serenan,86.349304
2025-12-10 18:00:00 - Serenan,86.21048
2025-12-11 06:00:00 - Serenan,86.374084
2025-12-11 12:00:00 - Serenan,86.4508
2025-12-11 18:00:00 - Serenan,87.27778
2025-12-12 06:00:00 - Serenan,87.239105
2025-12-12 12:00:00 - Serenan,86.35636
2025-12-12 18:00:00 - Serenan,86.18527
2025-12-13 06:00:00 - Serenan,86.21694
2025-12-13 12:00:00 - Serenan,86.21907
2025-12-13 18:00:00 - Serenan,85.89429
2025-12-14 06:00:00 - Serenan,86.04838
2025-12-14 12:00:00 - Serenan,86.339355
2025-12-14 18:00:00 - Serenan,86.10142
2025-12-15 06:00:00 - Serenan,86.310875
2025-12-15 12:00:00 - Serenan,86.37396
2025-12-15 18:00:00 - Serenan,86.23477
2025-12-16 06:00:00 - Serenan,86.21067
2025-12-16 12:00:00 - Serenan,86.228424
2025-12-16 18:00:00 - Serenan,85.94881
2025-12-17 06:00:00 - Serenan,86.31701
2025-12-17 12:00:00 - Serenan,86.3717
2025-12-17 18:00:00 - Serenan,86.251915
2025-12-18 06:00:00 - Serenan,86.42611
2025-12-18 12:00:00 - Serenan,86.494675
2025-12-18 18:00:00 - Serenan,86.52156
2025-12-19 06:00:00 - Serenan,86.48583
2025-12-19 12:00:00 - Serenan,86.49234
2025-12-19 18:00:00 - Serenan,86.49311
2025-12-20 06:00:00 - Serenan,86.60132
2025-12-20 12:00:00 - Serenan,86.46085
2025-12-20 18:00:00 - Serenan,86.31113
2025-12-21 06:00:00 - Serenan,86.34709
2025-12-21 12:00:00 - Serenan,86.36795
2025-12-21 18:00:00 - Serenan,86.07944
2025-12-22 06:00:00 - Serenan,86.4858
2025-12-22 12:00:00 - Serenan,86.42606
2025-12-22 18:00:00 - Serenan,86.2779
2025-12-23 06:00:00 - Serenan,86.39153
2025-12-23 12:00:00 - Serenan,86.318405
2025-12-23 18:00:00 - Serenan,86.26607
2025-12-24 06:00:00 - Serenan,86.22629
2025-12-24 12:00:00 - Serenan,86.27551
2025-12-24 18:00:00 - Serenan,85.96379
2025-12-25 06:00:00 - Serenan,86.433205
2025-12-25 12:00:00 - Serenan,86.25193
2025-12-25 18:00:00 - Serenan,86.31008
2025-12-26 06:00:00 - Serenan,86.45223
2025-12-26 12:00:00 - Serenan,86.44243
2025-12-26 18:00:00 - Serenan,86.485596
2025-12-27 06:00:00 - Serenan,86.53088
2025-12-27 12:00:00 - Serenan,86.5266
2025-12-27 18:00:00 - Serenan,86.45976
2025-12-28 06:00:00 - Serenan,87.51728
2025-12-28 12:00:00 - Serenan,86.38948
2025-12-28 18:00:00 - Serenan,86.95914
2025-12-29 06:00:00 - Serenan,86.283035
2025-12-29 12:00:00 - Serenan,86.257935
2025-12-29 18:00:00 - Serenan,86.16075
2025-12-30 06:00:00 - Serenan,86.046425
2025-12-30 12:00:00 - Serenan,86.23413
2025-12-30 18:00:00 - Serenan,86.38748
2025-12-31 06:00:00 - Serenan,86.45748
2025-12-31 12:00:00 - Serenan,86.299545
2025-12-31 18:00:00 - Serenan,86.32295
2026-01-01 06:00:00 - Serenan,86.70114
2026-01-01 12:00:00 - Serenan,86.497055
2026-01-01 18:00:00 - Serenan,86.00347
2026-01-02 06:00:00 - Serenan,85.98009
2026-01-02 12:00:00 - Serenan,86.63633
2026-01-02 18:00:00 - Serenan,86.179596
2026-01-03 06:00:00 - Serenan,86.67677
2026-01-03 12:00:00 - Serenan,86.67074
2026-01-03 18:00:00 - Serenan,86.743
2026-01-04 06:00:00 - Serenan,86.731125
2026-01-04 12:00:00 - Serenan,86.5163
2026-01-04 18:00:00 - Serenan,86.14939
2026-01-05 06:00:00 - Serenan,86.3564
2026-01-05 12:00:00 - Serenan,86.32178
2026-01-05 18:00:00 - Serenan,86.20377
2026-01-06 06:00:00 - Serenan,86.26696
2026-01-06 12:00:00 - Serenan,86.17205
2026-01-06 18:00:00 - Serenan,86.10884
2026-01-07 06:00:00 - Serenan,86.2113
2026-01-07 12:00:00 - Serenan,86.17142
2026-01-07 18:00:00 - Serenan,86.12488
2026-01-08 06:00:00 - Serenan,86.219376
2026-01-08 12:00:00 - Serenan,86.03699
2026-01-08 18:00:00 - Serenan,86.000336
2026-01-09 06:00:00 - Serenan,86.3516
2026-01-09 12:00:00 - Serenan,86.18053
2026-01-09 18:00:00 - Serenan,86.326805
2026-01-10 06:00:00 - Serenan,86.35704
2026-01-10 12:00:00 - Serenan,86.50066
2026-01-10 18:00:00 - Serenan,86.54467
2026-01-11 06:00:00 - Serenan,86.52499
2026-01-11 12:00:00 - Serenan,86.48114
2026-01-11 18:00:00 - Serenan,87.8151
2026-01-12 06:00:00 - Serenan,86.502815
2026-01-12 12:00:00 - Serenan,86.591354
2026-01-12 18:00:00 - Serenan,86.373146
2026-01-13 06:00:00 - Serenan,86.36118
2026-01-13 12:00:00 - Serenan,86.38122
2026-01-13 18:00:00 - Serenan,86.27982
2026-01-14 06:00:00 - Serenan,86.44835
2026-01-14 12:00:00 - Serenan,86.49211
2026-01-14 18:00:00 - Serenan,86.21156
2026-01-15 06:00:00 - Serenan,86.54848
2026-01-15 12:00:00 - Serenan,86.62885
2026-01-15 18:00:00 - Serenan,86.5687
2026-01-16 06:00:00 - Serenan,86.5551
2026-01-16 12:00:00 - Serenan,86.381035
2026-01-16 18:00:00 - Serenan,86.447235
2026-01-17 06:00:00 - Serenan,86.57394
2026-01-17 12:00:00 - Serenan,86.4922
2026-01-17 18:00:00 - Serenan,86.31881
2026-01-18 06:00:00 - Serenan,86.39955
2026-01-18 12:00:00 - Serenan,86.72051
2026-01-18 18:00:00 - Serenan,86.293106
2026-01-19 06:00:00 - Serenan,86.40878
2026-01-19 12:00:00 - Serenan,86.579315
2026-01-19 18:00:00 - Serenan,86.17681
2026-01-20 06:00:00 - Serenan,86.615906
2026-01-20 12:00:00 - Serenan,86.74422
2026-01-20 18:00:00 - Serenan,86.37044
2026-01-21 06:00:00 - Serenan,86.09624
2026-01-21 12:00:00 - Serenan,86.46918
2026-01-21 18:00:00 - Serenan,86.185844
2026-01-22 06:00:00 - Serenan,86.58545
2026-01-22 12:00:00 - Serenan,86.603065
2026-01-22 18:00:00 - Serenan,86.24177
2026-01-23 06:00:00 - Serenan,86.76914
2026-01-23 12:00:00 - Serenan,86.67688
2026-01-23 18:00:00 - Serenan,86.73537
2026-01-24 06:00:00 - Serenan,87.465096
2026-01-24 12:00:00 - Serenan,86.93
2026-01-24 18:00:00 - Serenan,86.68228
2026-01-25 06:00:00 - Serenan,86.47991
2026-01-25 12:00:00 - Serenan,86.372284
2026-01-25 18:00:00 - Serenan,86.41247
2026-01-26 06:00:00 - Serenan,86.21029
2026-01-26 12:00:00 - Serenan,86.34654
2026-01-26 18:00:00 - Serenan,86.25365
2026-01-27 06:00:00 - Serenan,86.43324
2026-01-27 12:00:00 - Serenan,86.33509
2026-01-27 18:00:00 - Serenan,86.49697
2026-01-28 06:00:00 - Serenan,86.892204
2026-01-28 12:00:00 - Serenan,86.82384
2026-01-28 18:00:00 - Serenan,87.01882
2026-01-29 06:00:00 - Serenan,87.27288
2026-01-29 12:00:00 - Serenan,87.117386
2026-01-29 18:00:00 - Serenan,86.843796
2026-01-30 06:00:00 - Serenan,86.687996
2026-01-30 12:00:00 - Serenan,87.27582
2026-01-30 18:00:00 - Serenan,86.69455
2026-01-31 06:00:00 - Serenan,87.38674
2026-01-31 12:00:00 - Serenan,86.86478
2026-01-31 18:00:00 - Serenan,86.16509
2026-02-01 06:00:00 - Serenan,87.44947
2026-02-01 12:00:00 - Serenan,87.22369
2026-02-01 18:00:00 - Serenan,87.24098
2026-02-02 06:00:00 - Serenan,87.241234
2026-02-02 12:00:00 - Serenan,87.052895
2026-02-02 18:00:00 - Serenan,94.22861
2026-02-03 06:00:00 - Serenan,86.43018
2026-02-03 12:00:00 - Serenan,86.19521
2026-02-03 18:00:00 - Serenan,90.15605
2026-02-04 06:00:00 - Serenan,86.85732
2026-02-04 12:00:00 - Serenan,86.018
2026-02-04 18:00:00 - Serenan,85.88644
2026-02-05 06:00:00 - Serenan,86.68652
2026-02-05 12:00:00 - Serenan,86.44324
2026-02-05 18:00:00 - Serenan,86.308784
2026-02-06 06:00:00 - Serenan,86.35823
2026-02-06 12:00:00 - Serenan,86.87747
2026-02-06 18:00:00 - Serenan,86.41701
2026-02-07 06:00:00 - Serenan,86.9758
2026-02-07 12:00:00 - Serenan,87.16639
2026-02-07 18:00:00 - Serenan,86.94722
2026-02-08 06:00:00 - Serenan,87.297676
2026-02-08 12:00:00 - Serenan,87.017746
2026-02-08 18:00:00 - Serenan,87.03913
2026-02-09 06:00:00 - Serenan,87.157845
2026-02-09 12:00:00 - Serenan,87.023186
2026-02-09 18:00:00 - Serenan,88.14472
2026-02-10 06:00:00 - Serenan,87.47489
2026-02-10 12:00:00 - Serenan,87.11454
2026-02-10 18:00:00 - Serenan,86.77104
2026-02-11 06:00:00 - Serenan,87.51079
2026-02-11 12:00:00 - Serenan,87.275345
2026-02-11 18:00:00 - Serenan,87.22192
2026-02-12 06:00:00 - Serenan,87.36467
2026-02-12 12:00:00 - Serenan,87.2012
2026-02-12 18:00:00 - Serenan,86.76907
2026-02-13 06:00:00 - Serenan,88.02848
2026-02-13 12:00:00 - Serenan,88.020966
2026-02-13 18:00:00 - Serenan,87.98752
2026-02-14 06:00:00 - Serenan,87.42552
2026-02-14 12:00:00 - Serenan,87.27052
2026-02-14 18:00:00 - Serenan,88.56032
2026-02-15 06:00:00 - Serenan,87.01639
2026-02-15 12:00:00 - Serenan,87.55736
2026-02-15 18:00:00 - Serenan,86.88106
2026-02-16 06:00:00 - Serenan,86.827385
2026-02-16 12:00:00 - Serenan,87.2738
2026-02-16 18:00:00 - Serenan,86.812675
2026-02-17 06:00:00 - Serenan,87.17811
2026-02-17 12:00:00 - Serenan,87.26423
2026-02-17 18:00:00 - Serenan,86.60109
2026-02-18 06:00:00 - Serenan,87.624985
2026-02-18 12:00:00 - Serenan,87.113655
2026-02-18 18:00:00 - Serenan,86.9041
2026-02-19 06:00:00 - Serenan,87.536514
2026-02-19 12:00:00 - Serenan,87.66106
2026-02-19 18:00:00 - Serenan,87.287445
2026-02-20 06:00:00 - Serenan,87.42901
2026-02-20 12:00:00 - Serenan,87.1612
2026-02-20 18:00:00 - Serenan,86.85639
2026-02-21 06:00:00 - Serenan,87.70654
2026-02-21 12:00:00 - Serenan,87.40713
2026-02-21 18:00:00 - Serenan,86.60418
2026-02-22 06:00:00 - Serenan,87.152176
2026-02-22 12:00:00 - Serenan,87.08556
2026-02-22 18:00:00 - Serenan,86.55376
2026-02-23 06:00:00 - Serenan,87.39063
2026-02-23 12:00:00 - Serenan,87.55542
2026-02-23 18:00:00 - Serenan,87.87234
2026-02-24 06:00:00 - Serenan,87.78342
2026-02-24 12:00:00 - Serenan,87.85661
2026-02-24 18:00:00 - Serenan,87.52586
2026-02-25 06:00:00 - Serenan,87.52291
2026-02-25 12:00:00 - Serenan,87.416084
2026-02-25 18:00:00 - Serenan,86.95249
2026-02-26 06:00:00 - Serenan,86.60482
2026-02-26 12:00:00 - Serenan,87.127396
2026-02-26 18:00:00 - Serenan,86.62419
2026-02-27 06:00:00 - Serenan,86.99234
2026-02-27 12:00:00 - Serenan,87.35386
2026-02-27 18:00:00 - Serenan,86.99709
2026-02-28 06:00:00 - Serenan,87.052284
2026-02-28 12:00:00 - Serenan,86.89773
2026-02-28 18:00:00 - Serenan,86.717155
2026-03-01 06:00:00 - Serenan,87.69323
2026-03-01 12:00:00 - Serenan,87.57282
2026-03-01 18:00:00 - Serenan,87.01867
2026-03-02 06:00:00 - Serenan,86.977036
2026-03-02 12:00:00 - Serenan,86.75842
2026-03-02 18:00:00 - Serenan,87.14349
2026-03-03 06:00:00 - Serenan,87.28115
2026-03-03 12:00:00 - Serenan,87.248245
2026-03-03 18:00:00 - Serenan,87.28644
2026-03-04 06:00:00 - Serenan,87.64507
2026-03-04 12:00:00 - Serenan,87.6458
2026-03-04 18:00:00 - Serenan,88.10294
2026-03-05 06:00:00 - Serenan,88.04674
2026-03-05 12:00:00 - Serenan,87.66256
2026-03-05 18:00:00 - Serenan,87.466675
2026-03-06 06:00:00 - Serenan,87.71271
2026-03-06 12:00:00 - Serenan,87.620186
2026-03-06 18:00:00 - Serenan,87.235
2026-03-07 06:00:00 - Serenan,87.21006
2026-03-07 12:00:00 - Serenan,87.38289
2026-03-07 18:00:00 - Serenan,87.43462
2026-03-08 06:00:00 - Serenan,87.726654
2026-03-08 12:00:00 - Serenan,87.41023
2026-03-08 18:00:00 - Serenan,87.1609
2026-03-09 06:00:00 - Serenan,87.23333
2026-03-09 12:00:00 - Serenan,87.09969
2026-03-09 18:00:00 - Serenan,86.99491
2026-03-10 06:00:00 - Serenan,88.088356
2026-03-10 12:00:00 - Serenan,87.44205
2026-03-10 18:00:00 - Serenan,87.0872
2026-03-11 06:00:00 - Serenan,86.852806
2026-03-11 12:00:00 - Serenan,86.83241
2026-03-11 18:00:00 - Serenan,86.58224
2026-03-12 06:00:00 - Serenan,86.70397
2026-03-12 12:00:00 - Serenan,86.57238
2026-03-12 18:00:00 - Serenan,86.349815
2026-03-13 06:00:00 - Serenan,86.57541
2026-03-13 12:00:00 - Serenan,86.41407
2026-03-13 18:00:00 - Serenan,86.481674
2026-03-14 06:00:00 - Serenan,86.46755
2026-03-14 12:00:00 - Serenan,86.530815
2026-03-14 18:00:00 - Serenan,86.426056
2026-03-15 06:00:00 - Serenan,86.89394
2026-03-15 12:00:00 - Serenan,86.69893
2026-03-15 18:00:00 - Serenan,86.82093
2026-03-16 06:00:00 - Serenan,86.96224
2026-03-16 12:00:00 - Serenan,86.787964
2026-03-16 18:00:00 - Serenan,86.9289
2026-03-17 06:00:00 - Serenan,86.809166
2026-03-17 12:00:00 - Serenan,86.78856
2026-03-17 18:00:00 - Serenan,86.655174
2026-03-18 06:00:00 - Serenan,86.71154
2026-03-18 12:00:00 - Serenan,86.57707
2026-03-18 18:00:00 - Serenan,86.59146
2026-03-19 06:00:00 - Serenan,86.62094
2026-03-19 12:00:00 - Serenan,86.65795
2026-03-19 18:00:00 - Serenan,86.33453
2026-03-20 06:00:00 - Serenan,86.67867
2026-03-20 12:00:00 - Serenan,86.75368
2026-03-20 18:00:00 - Serenan,86.02258
2026-03-21 06:00:00 - Serenan,86.7728
2026-03-21 12:00:00 - Serenan,86.85875
2026-03-21 18:00:00 - Serenan,86.599724
2026-03-22 06:00:00 - Serenan,86.509346
2026-03-22 12:00:00 - Serenan,86.566284
2026-03-22 18:00:00 - Serenan,86.53712
2026-03-23 06:00:00 - Serenan,86.57646
2026-03-23 12:00:00 - Serenan,86.422615
2026-03-23 18:00:00 - Serenan,86.46738
2026-03-24 06:00:00 - Serenan,86.33427
2026-03-24 12:00:00 - Serenan,86.35383
2026-03-24 18:00:00 - Serenan,86.366585
2026-03-25 06:00:00 - Serenan,86.67445
2026-03-25 12:00:00 - Serenan,86.38428
2026-03-25 18:00:00 - Serenan,86.39389
2026-03-26 06:00:00 - Serenan,86.25248
2026-03-26 12:00:00 - Serenan,86.86792
2026-03-26 18:00:00 - Serenan,86.735886
2026-03-27 06:00:00 - Serenan,86.82963
2026-03-27 12:00:00 - Serenan,86.9057
2026-03-27 18:00:00 - Serenan,86.73111
2026-03-28 06:00:00 - Serenan,86.83815
2026-03-28 12:00:00 - Serenan,86.930244
2026-03-28 18:00:00 - Serenan,86.545364
2026-03-29 06:00:00 - Serenan,86.97461
2026-03-29 12:00:00 - Serenan,86.95732
2026-03-29 18:00:00 - Serenan,86.87253
2026-03-30 06:00:00 - Serenan,86.62252
2026-03-30 12:00:00 - Serenan,86.73834
2026-03-30 18:00:00 - Serenan,86.77319
2026-03-31 06:00:00 - Serenan,86.712204
2026-03-31 12:00:00 - Serenan,86.61394
2026-03-31 18:00:00 - Serenan,86.65084
2026-04-01 06:00:00 - Serenan,86.70069
2026-04-01 12:00:00 - Serenan,86.63216
2026-04-01 18:00:00 - Serenan,86.64844
2026-04-02 06:00:00 - Serenan,86.66581
2026-04-02 12:00:00 - Serenan,86.40197
2026-04-02 18:00:00 - Serenan,86.40632
2026-04-03 06:00:00 - Serenan,86.583466
2026-04-03 12:00:00 - Serenan,86.399155
2026-04-03 18:00:00 - Serenan,86.68439
2026-04-04 06:00:00 - Serenan,86.627785
2026-04-04 12:00:00 - Serenan,86.462395
2026-04-04 18:00:00 - Serenan,86.6001
2026-04-05 06:00:00 - Serenan,86.98638
2026-04-05 12:00:00 - Serenan,86.74103
2026-04-05 18:00:00 - Serenan,86.6995
2026-04-06 06:00:00 - Serenan,86.53236
2026-04-06 12:00:00 - Serenan,86.4926
2026-04-06 18:00:00 - Serenan,86.77611
2026-04-07 06:00:00 - Serenan,86.57782
2026-04-07 12:00:00 - Serenan,86.610435
2026-04-07 18:00:00 - Serenan,87.31248
2026-04-08 06:00:00 - Serenan,86.52649
2026-04-08 12:00:00 - Serenan,86.412346
2026-04-08 18:00:00 - Serenan,86.56555
2026-04-09 06:00:00 - Serenan,86.773094
2026-04-09 12:00:00 - Serenan,86.794
2026-04-09 18:00:00 - Serenan,87.53196
2026-04-10 06:00:00 - Serenan,87.02397
2026-04-10 12:00:00 - Serenan,86.731316
2026-04-10 18:00:00 - Serenan,86.83022
2026-04-11 06:00:00 - Serenan,87.086334
2026-04-11 12:00:00 - Serenan,86.80947
2026-04-11 18:00:00 - Serenan,88.010765
2026-04-12 06:00:00 - Serenan,87.105125
2026-04-12 12:00:00 - Serenan,86.829025
2026-04-12 18:00:00 - Serenan,86.85465
2026-04-13 06:00:00 - Serenan,86.75643
2026-04-13 12:00:00 - Serenan,86.840454
2026-04-13 18:00:00 - Serenan,86.65113
2026-04-14 06:00:00 - Serenan,86.509415
2026-04-14 12:00:00 - Serenan,86.57206
2026-04-14 18:00:00 - Serenan,88.65617
2026-04-15 06:00:00 - Serenan,86.34454
2026-04-15 12:00:00 - Serenan,88.95067
2026-04-15 18:00:00 - Serenan,86.41418
2026-04-16 06:00:00 - Serenan,86.36988
2026-04-16 12:00:00 - Serenan,86.24841
2026-04-16 18:00:00 - Serenan,86.2502
2026-04-17 06:00:00 - Serenan,86.280785
2026-04-17 12:00:00 - Serenan,86.30146
2026-04-17 18:00:00 - Serenan,86.514114
2026-04-18 06:00:00 - Serenan,86.35197
2026-04-18 12:00:00 - Serenan,86.168465
2026-04-18 18:00:00 - Serenan,86.01042
2026-04-19 06:00:00 - Serenan,85.96703
2026-04-19 12:00:00 - Serenan,86.28216
2026-04-19 18:00:00 - Serenan,86.14228
2026-04-20 06:00:00 - Serenan,86.095924
2026-04-20 12:00:00 - Serenan,86.20015
2026-04-20 18:00:00 - Serenan,86.33124
2026-04-21 06:00:00 - Serenan,86.25941
2026-04-21 12:00:00 - Serenan,86.31843
2026-04-21 18:00:00 - Serenan,86.20305
2026-04-22 06:00:00 - Serenan,86.29422
2026-04-22 12:00:00 - Serenan,86.12853
2026-04-22 18:00:00 - Serenan,87.60912
2026-04-23 06:00:00 - Serenan,86.55712
2026-04-23 12:00:00 - Serenan,86.45489
2026-04-23 18:00:00 - Serenan,86.49648
2026-04-24 06:00:00 - Serenan,86.225296
2026-04-24 12:00:00 - Serenan,86.21997
2026-04-24 18:00:00 - Serenan,86.22384
2026-04-25 06:00:00 - Serenan,86.508224
2026-04-25 12:00:00 - Serenan,86.40218
2026-04-25 18:00:00 - Serenan,86.20279
2026-04-26 06:00:00 - Serenan,86.264854
2026-04-26 12:00:00 - Serenan,86.348625
2026-04-26 18:00:00 - Serenan,85.95
2026-04-27 06:00:00 - Serenan,86.309166
2026-04-27 12:00:00 - Serenan,86.2419
2026-04-27 18:00:00 - Serenan,85.94281
2026-04-28 06:00:00 - Serenan,86.46243
2026-04-28 12:00:00 - Serenan,86.446686
2026-04-28 18:00:00 - Serenan,86.294945
2026-04-29 06:00:00 - Serenan,86.33868
2026-04-29 12:00:00 - Serenan,86.3872
2026-04-29 18:00:00 - Serenan,86.23527
2026-04-30 06:00:00 - Serenan,86.56413
2026-04-30 12:00:00 - Serenan,86.36824
2026-04-30 18:00:00 - Serenan,86.15564
2026-05-01 06:00:00 - Serenan,86.85669
2026-05-01 12:00:00 - Serenan,86.582184
2026-05-01 18:00:00 - Serenan,91.49823
2026-05-02 06:00:00 - Serenan,86.35264
2026-05-02 12:00:00 - Serenan,86.24181
2026-05-02 18:00:00 - Serenan,86.22845
2026-05-03 06:00:00 - Serenan,86.314865
2026-05-03 12:00:00 - Serenan,86.22113
2026-05-03 18:00:00 - Serenan,86.02162
2026-05-04 06:00:00 - Serenan,86.40338
2026-05-04 12:00:00 - Serenan,86.31611
2026-05-04 18:00:00 - Serenan,86.196526
2026-05-05 06:00:00 - Serenan,86.41269
2026-05-05 12:00:00 - Serenan,86.32564
2026-05-05 18:00:00 - Serenan,86.286736
2026-05-06 06:00:00 - Serenan,86.18096
2026-05-06 12:00:00 - Serenan,86.184296
2026-05-06 18:00:00 - Serenan,86.167305
2026-05-07 06:00:00 - Serenan,86.23223
2026-05-07 12:00:00 - Serenan,86.211784
2026-05-07 18:00:00 - Serenan,86.18002
2026-05-08 06:00:00 - Serenan,86.32427
2026-05-08 12:00:00 - Serenan,86.240456
2026-05-08 18:00:00 - Serenan,86.1041
2026-05-09 06:00:00 - Serenan,86.22964
2026-05-09 12:00:00 - Serenan,86.195564
2026-05-09 18:00:00 - Serenan,86.16955
2026-05-10 06:00:00 - Serenan,86.18076
2026-05-10 12:00:00 - Serenan,86.11844
2026-05-10 18:00:00 - Serenan,86.105415
2026-05-11 06:00:00 - Serenan,86.18232
2026-05-11 12:00:00 - Serenan,86.140465
2026-05-11 18:00:00 - Serenan,85.996735
2026-05-12 06:00:00 - Serenan,86.08906
2026-05-12 12:00:00 - Serenan,86.06363
2026-05-12 18:00:00 - Serenan,86.23903
2026-05-13 06:00:00 - Serenan,86.096954
2026-05-13 12:00:00 - Serenan,86.16763
2026-05-13 18:00:00 - Serenan,85.9756
2026-05-14 06:00:00 - Serenan,85.9476
2026-05-14 12:00:00 - Serenan,85.924
2026-05-14 18:00:00 - Serenan,85.8188
2026-05-15 06:00:00 - Serenan,85.96596
2026-05-15 12:00:00 - Serenan,85.95862
2026-05-15 18:00:00 - Serenan,85.82459
2026-05-16 06:00:00 - Serenan,86.04206
2026-05-16 12:00:00 - Serenan,86.01146
2026-05-16 18:00:00 - Serenan,86.00164
2026-05-17 06:00:00 - Serenan,86.16526
2026-05-17 12:00:00 - Serenan,86.130196
2026-05-17 18:00:00 - Serenan,86.11502
2026-05-18 06:00:00 - Serenan,86.006676
2026-05-18 12:00:00 - Serenan,85.96756
2026-05-18 18:00:00 - Serenan,85.9549
2025-09-19 06:00:00 - Sumberrejo,6.303073
2025-09-19 12:00:00 - Sumberrejo,6.5563655
2025-09-19 18:00:00 - Sumberrejo,6.6799593
2025-09-20 06:00:00 - Sumberrejo,6.7293663
2025-09-20 12:00:00 - Sumberrejo,6.839378
2025-09-20 18:00:00 - Sumberrejo,6.9190598
2025-09-21 06:00:00 - Sumberrejo,6.9364114
2025-09-21 12:00:00 - Sumberrejo,6.8720784
2025-09-21 18:00:00 - Sumberrejo,6.636641
2025-09-22 06:00:00 - Sumberrejo,6.6342955
2025-09-22 12:00:00 - Sumberrejo,6.6939764
2025-09-22 18:00:00 - Sumberrejo,6.8021145
2025-09-23 06:00:00 - Sumberrejo,6.7216973
2025-09-23 12:00:00 - Sumberrejo,6.709327
2025-09-23 18:00:00 - Sumberrejo,6.721308
2025-09-24 06:00:00 - Sumberrejo,6.7290707
2025-09-24 12:00:00 - Sumberrejo,6.69723
2025-09-24 18:00:00 - Sumberrejo,6.759029
2025-09-25 06:00:00 - Sumberrejo,6.7084775
2025-09-25 12:00:00 - Sumberrejo,6.8151755
2025-09-25 18:00:00 - Sumberrejo,6.843909
2025-09-26 06:00:00 - Sumberrejo,6.6849136
2025-09-26 12:00:00 - Sumberrejo,6.6954265
2025-09-26 18:00:00 - Sumberrejo,6.776844
2025-09-27 06:00:00 - Sumberrejo,6.6637454
2025-09-27 12:00:00 - Sumberrejo,6.7676673
2025-09-27 18:00:00 - Sumberrejo,6.714578
2025-09-28 06:00:00 - Sumberrejo,6.690207
2025-09-28 12:00:00 - Sumberrejo,6.7102976
2025-09-28 18:00:00 - Sumberrejo,6.7266994
2025-09-29 06:00:00 - Sumberrejo,6.7693744
2025-09-29 12:00:00 - Sumberrejo,6.7344213
2025-09-29 18:00:00 - Sumberrejo,6.790484
2025-09-30 06:00:00 - Sumberrejo,6.7399654
2025-09-30 12:00:00 - Sumberrejo,6.7321496
2025-09-30 18:00:00 - Sumberrejo,6.6859355
2025-10-01 06:00:00 - Sumberrejo,6.7871547
2025-10-01 12:00:00 - Sumberrejo,6.7847247
2025-10-01 18:00:00 - Sumberrejo,6.5473375
2025-10-02 06:00:00 - Sumberrejo,6.69208
2025-10-02 12:00:00 - Sumberrejo,6.6573634
2025-10-02 18:00:00 - Sumberrejo,6.748304
2025-10-03 06:00:00 - Sumberrejo,6.626909
2025-10-03 12:00:00 - Sumberrejo,6.502639
2025-10-03 18:00:00 - Sumberrejo,6.979126
2025-10-04 06:00:00 - Sumberrejo,6.691183
2025-10-04 12:00:00 - Sumberrejo,6.7020316
2025-10-04 18:00:00 - Sumberrejo,6.788407
2025-10-05 06:00:00 - Sumberrejo,6.837156
2025-10-05 12:00:00 - Sumberrejo,6.8606586
2025-10-05 18:00:00 - Sumberrejo,6.9018674
2025-10-06 06:00:00 - Sumberrejo,6.8685184
2025-10-06 12:00:00 - Sumberrejo,6.8767095
2025-10-06 18:00:00 - Sumberrejo,6.721974
2025-10-07 06:00:00 - Sumberrejo,6.735413
2025-10-07 12:00:00 - Sumberrejo,6.705083
2025-10-07 18:00:00 - Sumberrejo,6.7954206
2025-10-08 06:00:00 - Sumberrejo,6.7464314
2025-10-08 12:00:00 - Sumberrejo,6.706288
2025-10-08 18:00:00 - Sumberrejo,6.8085647
2025-10-09 06:00:00 - Sumberrejo,6.7287507
2025-10-09 12:00:00 - Sumberrejo,6.5912623
2025-10-09 18:00:00 - Sumberrejo,6.67209
2025-10-10 06:00:00 - Sumberrejo,6.6342354
2025-10-10 12:00:00 - Sumberrejo,6.548219
2025-10-10 18:00:00 - Sumberrejo,6.750451
2025-10-11 06:00:00 - Sumberrejo,6.7831855
2025-10-11 12:00:00 - Sumberrejo,6.66749
2025-10-11 18:00:00 - Sumberrejo,6.7820306
2025-10-12 06:00:00 - Sumberrejo,6.6576133
2025-10-12 12:00:00 - Sumberrejo,6.623321
2025-10-12 18:00:00 - Sumberrejo,6.7430806
2025-10-13 06:00:00 - Sumberrejo,6.635049
2025-10-13 12:00:00 - Sumberrejo,6.561775
2025-10-13 18:00:00 - Sumberrejo,6.5588927
2025-10-14 06:00:00 - Sumberrejo,6.6235223
2025-10-14 12:00:00 - Sumberrejo,6.559243
2025-10-14 18:00:00 - Sumberrejo,6.537578
2025-10-15 06:00:00 - Sumberrejo,6.4185452
2025-10-15 12:00:00 - Sumberrejo,6.384206
2025-10-15 18:00:00 - Sumberrejo,6.2496834
2025-10-16 06:00:00 - Sumberrejo,6.419806
2025-10-16 12:00:00 - Sumberrejo,6.3426623
2025-10-16 18:00:00 - Sumberrejo,6.2649255
2025-10-17 06:00:00 - Sumberrejo,6.431348
2025-10-17 12:00:00 - Sumberrejo,6.3846345
2025-10-17 18:00:00 - Sumberrejo,6.3531523
2025-10-18 06:00:00 - Sumberrejo,6.3671536
2025-10-18 12:00:00 - Sumberrejo,6.397994
2025-10-18 18:00:00 - Sumberrejo,6.384527
2025-10-19 06:00:00 - Sumberrejo,6.3857517
2025-10-19 12:00:00 - Sumberrejo,6.4277534
2025-10-19 18:00:00 - Sumberrejo,6.3545713
2025-10-20 06:00:00 - Sumberrejo,6.414443
2025-10-20 12:00:00 - Sumberrejo,6.39153
2025-10-20 18:00:00 - Sumberrejo,6.3241563
2025-10-21 06:00:00 - Sumberrejo,7.8105702
2025-10-21 12:00:00 - Sumberrejo,6.529836
2025-10-21 18:00:00 - Sumberrejo,6.3014345
2025-10-22 06:00:00 - Sumberrejo,6.1568327
2025-10-22 12:00:00 - Sumberrejo,6.474007
2025-10-22 18:00:00 - Sumberrejo,6.3120103
2025-10-23 06:00:00 - Sumberrejo,6.477778
2025-10-23 12:00:00 - Sumberrejo,6.5654435
2025-10-23 18:00:00 - Sumberrejo,6.6974564
2025-10-24 06:00:00 - Sumberrejo,6.412537
2025-10-24 12:00:00 - Sumberrejo,6.6359906
2025-10-24 18:00:00 - Sumberrejo,6.7172375
2025-10-25 06:00:00 - Sumberrejo,6.4383464
2025-10-25 12:00:00 - Sumberrejo,6.6372533
2025-10-25 18:00:00 - Sumberrejo,6.569313
2025-10-26 06:00:00 - Sumberrejo,6.5190477
2025-10-26 12:00:00 - Sumberrejo,6.43501
2025-10-26 18:00:00 - Sumberrejo,6.474854
2025-10-27 06:00:00 - Sumberrejo,6.6376567
2025-10-27 12:00:00 - Sumberrejo,6.6464796
2025-10-27 18:00:00 - Sumberrejo,6.5122046
2025-10-28 06:00:00 - Sumberrejo,6.426982
2025-10-28 12:00:00 - Sumberrejo,6.491987
2025-10-28 18:00:00 - Sumberrejo,6.4003224
2025-10-29 06:00:00 - Sumberrejo,6.6435833
2025-10-29 12:00:00 - Sumberrejo,6.855375
2025-10-29 18:00:00 - Sumberrejo,6.6565585
2025-10-30 06:00:00 - Sumberrejo,6.7323217
2025-10-30 12:00:00 - Sumberrejo,7.082531
2025-10-30 18:00:00 - Sumberrejo,6.9450355
2025-10-31 06:00:00 - Sumberrejo,6.593278
2025-10-31 12:00:00 - Sumberrejo,6.9442267
2025-10-31 18:00:00 - Sumberrejo,6.751057
2025-11-01 06:00:00 - Sumberrejo,6.8959813
2025-11-01 12:00:00 - Sumberrejo,7.0661383
2025-11-01 18:00:00 - Sumberrejo,6.6442213
2025-11-02 06:00:00 - Sumberrejo,6.762713
2025-11-02 12:00:00 - Sumberrejo,6.6553206
2025-11-02 18:00:00 - Sumberrejo,6.741844
2025-11-03 06:00:00 - Sumberrejo,6.7376857
2025-11-03 12:00:00 - Sumberrejo,6.7484865
2025-11-03 18:00:00 - Sumberrejo,6.509106
2025-11-04 06:00:00 - Sumberrejo,6.987273
2025-11-04 12:00:00 - Sumberrejo,6.9293337
2025-11-04 18:00:00 - Sumberrejo,7.108476
2025-11-05 06:00:00 - Sumberrejo,7.1639533
2025-11-05 12:00:00 - Sumberrejo,7.0617414
2025-11-05 18:00:00 - Sumberrejo,7.310708
2025-11-06 06:00:00 - Sumberrejo,7.090351
2025-11-06 12:00:00 - Sumberrejo,7.0213184
2025-11-06 18:00:00 - Sumberrejo,7.354096
2025-11-07 06:00:00 - Sumberrejo,7.883369
2025-11-07 12:00:00 - Sumberrejo,7.918997
2025-11-07 18:00:00 - Sumberrejo,7.992651
2025-11-08 06:00:00 - Sumberrejo,7.902219
2025-11-08 12:00:00 - Sumberrejo,7.6907344
2025-11-08 18:00:00 - Sumberrejo,7.4218574
2025-11-09 06:00:00 - Sumberrejo,7.5127816
2025-11-09 12:00:00 - Sumberrejo,7.5802755
2025-11-09 18:00:00 - Sumberrejo,7.61726
2025-11-10 06:00:00 - Sumberrejo,7.7002726
2025-11-10 12:00:00 - Sumberrejo,7.1471224
2025-11-10 18:00:00 - Sumberrejo,7.3112006
2025-11-11 06:00:00 - Sumberrejo,7.71979
2025-11-11 12:00:00 - Sumberrejo,7.8629417
2025-11-11 18:00:00 - Sumberrejo,7.744948
2025-11-12 06:00:00 - Sumberrejo,7.9641657
2025-11-12 12:00:00 - Sumberrejo,8.188943
2025-11-12 18:00:00 - Sumberrejo,8.683654
2025-11-13 06:00:00 - Sumberrejo,8.657502
2025-11-13 12:00:00 - Sumberrejo,8.684598
2025-11-13 18:00:00 - Sumberrejo,8.633415
2025-11-14 06:00:00 - Sumberrejo,8.772166
2025-11-14 12:00:00 - Sumberrejo,8.722374
2025-11-14 18:00:00 - Sumberrejo,8.478064
2025-11-15 06:00:00 - Sumberrejo,8.25536
2025-11-15 12:00:00 - Sumberrejo,8.318767
2025-11-15 18:00:00 - Sumberrejo,8.088847
2025-11-16 06:00:00 - Sumberrejo,7.927806
2025-11-16 12:00:00 - Sumberrejo,8.147802
2025-11-16 18:00:00 - Sumberrejo,8.081337
2025-11-17 06:00:00 - Sumberrejo,8.24327
2025-11-17 12:00:00 - Sumberrejo,8.138157
2025-11-17 18:00:00 - Sumberrejo,8.206645
2025-11-18 06:00:00 - Sumberrejo,8.429433
2025-11-18 12:00:00 - Sumberrejo,8.282547
2025-11-18 18:00:00 - Sumberrejo,8.126243
2025-11-19 06:00:00 - Sumberrejo,8.249764
2025-11-19 12:00:00 - Sumberrejo,8.218888
2025-11-19 18:00:00 - Sumberrejo,8.334302
2025-11-20 06:00:00 - Sumberrejo,8.426103
2025-11-20 12:00:00 - Sumberrejo,8.169897
2025-11-20 18:00:00 - Sumberrejo,8.682317
2025-11-21 06:00:00 - Sumberrejo,9.075248
2025-11-21 12:00:00 - Sumberrejo,9.085864
2025-11-21 18:00:00 - Sumberrejo,8.991207
2025-11-22 06:00:00 - Sumberrejo,9.177921
2025-11-22 12:00:00 - Sumberrejo,9.3924055
2025-11-22 18:00:00 - Sumberrejo,9.4401455
2025-11-23 06:00:00 - Sumberrejo,9.337511
2025-11-23 12:00:00 - Sumberrejo,9.289302
2025-11-23 18:00:00 - Sumberrejo,9.081535
2025-11-24 06:00:00 - Sumberrejo,9.286574
2025-11-24 12:00:00 - Sumberrejo,9.186084
2025-11-24 18:00:00 - Sumberrejo,8.910118
2025-11-25 06:00:00 - Sumberrejo,8.860858
2025-11-25 12:00:00 - Sumberrejo,9.098748
2025-11-25 18:00:00 - Sumberrejo,8.680499
2025-11-26 06:00:00 - Sumberrejo,8.444982
2025-11-26 12:00:00 - Sumberrejo,8.103354
2025-11-26 18:00:00 - Sumberrejo,8.155744
2025-11-27 06:00:00 - Sumberrejo,7.8085313
2025-11-27 12:00:00 - Sumberrejo,7.8238983
2025-11-27 18:00:00 - Sumberrejo,7.8859634
2025-11-28 06:00:00 - Sumberrejo,7.8398547
2025-11-28 12:00:00 - Sumberrejo,7.898805
2025-11-28 18:00:00 - Sumberrejo,7.97627
2025-11-29 06:00:00 - Sumberrejo,7.775802
2025-11-29 12:00:00 - Sumberrejo,8.029497
2025-11-29 18:00:00 - Sumberrejo,7.841705
2025-11-30 06:00:00 - Sumberrejo,7.8374386
2025-11-30 12:00:00 - Sumberrejo,7.5715322
2025-11-30 18:00:00 - Sumberrejo,7.241525
2025-12-01 06:00:00 - Sumberrejo,8.111531
2025-12-01 12:00:00 - Sumberrejo,7.88736
2025-12-01 18:00:00 - Sumberrejo,8.401443
2025-12-02 06:00:00 - Sumberrejo,7.8207765
2025-12-02 12:00:00 - Sumberrejo,7.9686155
2025-12-02 18:00:00 - Sumberrejo,8.041012
2025-12-03 06:00:00 - Sumberrejo,7.927625
2025-12-03 12:00:00 - Sumberrejo,7.8236914
2025-12-03 18:00:00 - Sumberrejo,8.147738
2025-12-04 06:00:00 - Sumberrejo,7.6839685
2025-12-04 12:00:00 - Sumberrejo,7.9817004
2025-12-04 18:00:00 - Sumberrejo,7.816091
2025-12-05 06:00:00 - Sumberrejo,7.6040425
2025-12-05 12:00:00 - Sumberrejo,8.072395
2025-12-05 18:00:00 - Sumberrejo,8.216585
2025-12-06 06:00:00 - Sumberrejo,7.9751644
2025-12-06 12:00:00 - Sumberrejo,8.20871
2025-12-06 18:00:00 - Sumberrejo,8.386366
2025-12-07 06:00:00 - Sumberrejo,7.959803
2025-12-07 12:00:00 - Sumberrejo,8.356995
2025-12-07 18:00:00 - Sumberrejo,8.459283
2025-12-08 06:00:00 - Sumberrejo,8.6750965
2025-12-08 12:00:00 - Sumberrejo,8.855521
2025-12-08 18:00:00 - Sumberrejo,8.743246
2025-12-09 06:00:00 - Sumberrejo,8.794967
2025-12-09 12:00:00 - Sumberrejo,8.589148
2025-12-09 18:00:00 - Sumberrejo,9.088079
2025-12-10 06:00:00 - Sumberrejo,8.91608
2025-12-10 12:00:00 - Sumberrejo,9.054495
2025-12-10 18:00:00 - Sumberrejo,9.101472
2025-12-11 06:00:00 - Sumberrejo,8.553708
2025-12-11 12:00:00 - Sumberrejo,8.954824
2025-12-11 18:00:00 - Sumberrejo,8.937893
2025-12-12 06:00:00 - Sumberrejo,8.26838
2025-12-12 12:00:00 - Sumberrejo,8.376187
2025-12-12 18:00:00 - Sumberrejo,8.077306
2025-12-13 06:00:00 - Sumberrejo,8.444182
2025-12-13 12:00:00 - Sumberrejo,7.955644
2025-12-13 18:00:00 - Sumberrejo,7.767947
2025-12-14 06:00:00 - Sumberrejo,7.964509
2025-12-14 12:00:00 - Sumberrejo,8.0282755
2025-12-14 18:00:00 - Sumberrejo,7.906377
2025-12-15 06:00:00 - Sumberrejo,8.507093
2025-12-15 12:00:00 - Sumberrejo,8.430446
2025-12-15 18:00:00 - Sumberrejo,8.627199
2025-12-16 06:00:00 - Sumberrejo,8.77127
2025-12-16 12:00:00 - Sumberrejo,8.503951
2025-12-16 18:00:00 - Sumberrejo,8.362244
2025-12-17 06:00:00 - Sumberrejo,8.648975
2025-12-17 12:00:00 - Sumberrejo,7.8412056
2025-12-17 18:00:00 - Sumberrejo,7.8278646
2025-12-18 06:00:00 - Sumberrejo,7.7869763
2025-12-18 12:00:00 - Sumberrejo,7.4701314
2025-12-18 18:00:00 - Sumberrejo,7.675739
2025-12-19 06:00:00 - Sumberrejo,8.260338
2025-12-19 12:00:00 - Sumberrejo,8.214894
2025-12-19 18:00:00 - Sumberrejo,8.243838
2025-12-20 06:00:00 - Sumberrejo,7.8762465
2025-12-20 12:00:00 - Sumberrejo,7.6663017
2025-12-20 18:00:00 - Sumberrejo,7.847527
2025-12-21 06:00:00 - Sumberrejo,8.127865
2025-12-21 12:00:00 - Sumberrejo,8.0618925
2025-12-21 18:00:00 - Sumberrejo,8.25352
2025-12-22 06:00:00 - Sumberrejo,8.456076
2025-12-22 12:00:00 - Sumberrejo,9.259109
2025-12-22 18:00:00 - Sumberrejo,9.512316
2025-12-23 06:00:00 - Sumberrejo,9.0823
2025-12-23 12:00:00 - Sumberrejo,9.063285
2025-12-23 18:00:00 - Sumberrejo,8.58176
2025-12-24 06:00:00 - Sumberrejo,8.778413
2025-12-24 12:00:00 - Sumberrejo,8.931575
2025-12-24 18:00:00 - Sumberrejo,8.29523
2025-12-25 06:00:00 - Sumberrejo,7.986832
2025-12-25 12:00:00 - Sumberrejo,7.8612137
2025-12-25 18:00:00 - Sumberrejo,8.080013
2025-12-26 06:00:00 - Sumberrejo,7.9008408
2025-12-26 12:00:00 - Sumberrejo,8.0881195
2025-12-26 18:00:00 - Sumberrejo,7.6561694
2025-12-27 06:00:00 - Sumberrejo,7.987396
2025-12-27 12:00:00 - Sumberrejo,7.9335423
2025-12-27 18:00:00 - Sumberrejo,7.901111
2025-12-28 06:00:00 - Sumberrejo,7.331433
2025-12-28 12:00:00 - Sumberrejo,7.865126
2025-12-28 18:00:00 - Sumberrejo,8.132703
2025-12-29 06:00:00 - Sumberrejo,8.100803
2025-12-29 12:00:00 - Sumberrejo,8.026684
2025-12-29 18:00:00 - Sumberrejo,7.689537
2025-12-30 06:00:00 - Sumberrejo,7.394675
2025-12-30 12:00:00 - Sumberrejo,7.1271877
2025-12-30 18:00:00 - Sumberrejo,6.9676514
2025-12-31 06:00:00 - Sumberrejo,7.2614484
2025-12-31 12:00:00 - Sumberrejo,7.1204815
2025-12-31 18:00:00 - Sumberrejo,7.775328
2026-01-01 06:00:00 - Sumberrejo,8.182261
2026-01-01 12:00:00 - Sumberrejo,7.9973893
2026-01-01 18:00:00 - Sumberrejo,7.5286574
2026-01-02 06:00:00 - Sumberrejo,7.822091
2026-01-02 12:00:00 - Sumberrejo,8.619899
2026-01-02 18:00:00 - Sumberrejo,9.049947
2026-01-03 06:00:00 - Sumberrejo,8.657583
2026-01-03 12:00:00 - Sumberrejo,8.812549
2026-01-03 18:00:00 - Sumberrejo,8.582357
2026-01-04 06:00:00 - Sumberrejo,8.515293
2026-01-04 12:00:00 - Sumberrejo,8.571879
2026-01-04 18:00:00 - Sumberrejo,8.414515
2026-01-05 06:00:00 - Sumberrejo,8.283611
2026-01-05 12:00:00 - Sumberrejo,8.213568
2026-01-05 18:00:00 - Sumberrejo,7.9091387
2026-01-06 06:00:00 - Sumberrejo,7.9089155
2026-01-06 12:00:00 - Sumberrejo,7.870066
2026-01-06 18:00:00 - Sumberrejo,7.80838
2026-01-07 06:00:00 - Sumberrejo,7.6606674
2026-01-07 12:00:00 - Sumberrejo,7.4622636
2026-01-07 18:00:00 - Sumberrejo,7.370336
2026-01-08 06:00:00 - Sumberrejo,7.0617423
2026-01-08 12:00:00 - Sumberrejo,7.191419
2026-01-08 18:00:00 - Sumberrejo,7.106459
2026-01-09 06:00:00 - Sumberrejo,7.3388963
2026-01-09 12:00:00 - Sumberrejo,7.524703
2026-01-09 18:00:00 - Sumberrejo,7.6215515
2026-01-10 06:00:00 - Sumberrejo,7.470204
2026-01-10 12:00:00 - Sumberrejo,7.6473403
2026-01-10 18:00:00 - Sumberrejo,7.3944125
2026-01-11 06:00:00 - Sumberrejo,7.8081746
2026-01-11 12:00:00 - Sumberrejo,8.064757
2026-01-11 18:00:00 - Sumberrejo,8.052947
2026-01-12 06:00:00 - Sumberrejo,8.611525
2026-01-12 12:00:00 - Sumberrejo,8.79025
2026-01-12 18:00:00 - Sumberrejo,8.915973
2026-01-13 06:00:00 - Sumberrejo,8.835582
2026-01-13 12:00:00 - Sumberrejo,8.769329
2026-01-13 18:00:00 - Sumberrejo,8.6762085
2026-01-14 06:00:00 - Sumberrejo,8.566705
2026-01-14 12:00:00 - Sumberrejo,8.683871
2026-01-14 18:00:00 - Sumberrejo,8.639738
2026-01-15 06:00:00 - Sumberrejo,9.008231
2026-01-15 12:00:00 - Sumberrejo,8.797641
2026-01-15 18:00:00 - Sumberrejo,8.746704
2026-01-16 06:00:00 - Sumberrejo,9.025205
2026-01-16 12:00:00 - Sumberrejo,9.000002
2026-01-16 18:00:00 - Sumberrejo,9.02794
2026-01-17 06:00:00 - Sumberrejo,8.644395
2026-01-17 12:00:00 - Sumberrejo,8.29076
2026-01-17 18:00:00 - Sumberrejo,8.278996
2026-01-18 06:00:00 - Sumberrejo,7.957584
2026-01-18 12:00:00 - Sumberrejo,8.217929
2026-01-18 18:00:00 - Sumberrejo,8.493564
2026-01-19 06:00:00 - Sumberrejo,8.422467
2026-01-19 12:00:00 - Sumberrejo,9.127069
2026-01-19 18:00:00 - Sumberrejo,9.507812
2026-01-20 06:00:00 - Sumberrejo,9.795144
2026-01-20 12:00:00 - Sumberrejo,9.669747
2026-01-20 18:00:00 - Sumberrejo,9.911863
2026-01-21 06:00:00 - Sumberrejo,9.581657
2026-01-21 12:00:00 - Sumberrejo,9.730753
2026-01-21 18:00:00 - Sumberrejo,9.602944
2026-01-22 06:00:00 - Sumberrejo,9.265206
2026-01-22 12:00:00 - Sumberrejo,8.855553
2026-01-22 18:00:00 - Sumberrejo,8.897478
2026-01-23 06:00:00 - Sumberrejo,8.621078
2026-01-23 12:00:00 - Sumberrejo,8.936582
2026-01-23 18:00:00 - Sumberrejo,8.832335
2026-01-24 06:00:00 - Sumberrejo,8.421001
2026-01-24 12:00:00 - Sumberrejo,7.808435
2026-01-24 18:00:00 - Sumberrejo,7.731705
2026-01-25 06:00:00 - Sumberrejo,7.405628
2026-01-25 12:00:00 - Sumberrejo,7.3131175
2026-01-25 18:00:00 - Sumberrejo,7.3888664
2026-01-26 06:00:00 - Sumberrejo,7.025673
2026-01-26 12:00:00 - Sumberrejo,7.1360364
2026-01-26 18:00:00 - Sumberrejo,7.086406
2026-01-27 06:00:00 - Sumberrejo,7.1266127
2026-01-27 12:00:00 - Sumberrejo,7.174009
2026-01-27 18:00:00 - Sumberrejo,7.274718
2026-01-28 06:00:00 - Sumberrejo,7.6385083
2026-01-28 12:00:00 - Sumberrejo,7.342147
2026-01-28 18:00:00 - Sumberrejo,7.5418015
2026-01-29 06:00:00 - Sumberrejo,7.3605475
2026-01-29 12:00:00 - Sumberrejo,7.3368435
2026-01-29 18:00:00 - Sumberrejo,7.2532196
2026-01-30 06:00:00 - Sumberrejo,7.1885414
2026-01-30 12:00:00 - Sumberrejo,7.076221
2026-01-30 18:00:00 - Sumberrejo,6.891882
2026-01-31 06:00:00 - Sumberrejo,6.983684
2026-01-31 12:00:00 - Sumberrejo,7.349527
2026-01-31 18:00:00 - Sumberrejo,7.577096
2026-02-01 06:00:00 - Sumberrejo,7.4903164
2026-02-01 12:00:00 - Sumberrejo,7.583455
2026-02-01 18:00:00 - Sumberrejo,8.017705
2026-02-02 06:00:00 - Sumberrejo,7.743754
2026-02-02 12:00:00 - Sumberrejo,8.042133
2026-02-02 18:00:00 - Sumberrejo,8.082872
2026-02-03 06:00:00 - Sumberrejo,8.167928
2026-02-03 12:00:00 - Sumberrejo,8.2982435
2026-02-03 18:00:00 - Sumberrejo,8.866481
2026-02-04 06:00:00 - Sumberrejo,8.4796095
2026-02-04 12:00:00 - Sumberrejo,8.83318
2026-02-04 18:00:00 - Sumberrejo,8.914319
2026-02-05 06:00:00 - Sumberrejo,8.714791
2026-02-05 12:00:00 - Sumberrejo,8.953253
2026-02-05 18:00:00 - Sumberrejo,9.067987
2026-02-06 06:00:00 - Sumberrejo,8.884287
2026-02-06 12:00:00 - Sumberrejo,8.897411
2026-02-06 18:00:00 - Sumberrejo,8.520578
2026-02-07 06:00:00 - Sumberrejo,8.879281
2026-02-07 12:00:00 - Sumberrejo,8.92252
2026-02-07 18:00:00 - Sumberrejo,8.643216
2026-02-08 06:00:00 - Sumberrejo,8.743583
2026-02-08 12:00:00 - Sumberrejo,8.86451
2026-02-08 18:00:00 - Sumberrejo,9.129974
2026-02-09 06:00:00 - Sumberrejo,8.89965
2026-02-09 12:00:00 - Sumberrejo,9.029571
2026-02-09 18:00:00 - Sumberrejo,8.9240265
2026-02-10 06:00:00 - Sumberrejo,8.753391
2026-02-10 12:00:00 - Sumberrejo,8.841367
2026-02-10 18:00:00 - Sumberrejo,8.684067
2026-02-11 06:00:00 - Sumberrejo,8.570664
2026-02-11 12:00:00 - Sumberrejo,8.526133
2026-02-11 18:00:00 - Sumberrejo,8.2048
2026-02-12 06:00:00 - Sumberrejo,8.462524
2026-02-12 12:00:00 - Sumberrejo,8.862418
2026-02-12 18:00:00 - Sumberrejo,9.325284
2026-02-13 06:00:00 - Sumberrejo,9.070639
2026-02-13 12:00:00 - Sumberrejo,9.303233
2026-02-13 18:00:00 - Sumberrejo,9.364873
2026-02-14 06:00:00 - Sumberrejo,9.160971
2026-02-14 12:00:00 - Sumberrejo,8.91807
2026-02-14 18:00:00 - Sumberrejo,8.952963
2026-02-15 06:00:00 - Sumberrejo,8.694058
2026-02-15 12:00:00 - Sumberrejo,8.719708
2026-02-15 18:00:00 - Sumberrejo,9.006065
2026-02-16 06:00:00 - Sumberrejo,8.712832
2026-02-16 12:00:00 - Sumberrejo,8.88728
2026-02-16 18:00:00 - Sumberrejo,9.317995
2026-02-17 06:00:00 - Sumberrejo,9.315522
2026-02-17 12:00:00 - Sumberrejo,9.575556
2026-02-17 18:00:00 - Sumberrejo,9.436271
2026-02-18 06:00:00 - Sumberrejo,9.511878
2026-02-18 12:00:00 - Sumberrejo,9.0213175
2026-02-18 18:00:00 - Sumberrejo,9.177247
2026-02-19 06:00:00 - Sumberrejo,9.578846
2026-02-19 12:00:00 - Sumberrejo,9.750956
2026-02-19 18:00:00 - Sumberrejo,9.32033
2026-02-20 06:00:00 - Sumberrejo,9.494908
2026-02-20 12:00:00 - Sumberrejo,9.850775
2026-02-20 18:00:00 - Sumberrejo,9.512567
2026-02-21 06:00:00 - Sumberrejo,9.246321
2026-02-21 12:00:00 - Sumberrejo,9.2680435
2026-02-21 18:00:00 - Sumberrejo,9.389883
2026-02-22 06:00:00 - Sumberrejo,9.113555
2026-02-22 12:00:00 - Sumberrejo,9.176238
2026-02-22 18:00:00 - Sumberrejo,8.595485
2026-02-23 06:00:00 - Sumberrejo,8.788433
2026-02-23 12:00:00 - Sumberrejo,8.702977
2026-02-23 18:00:00 - Sumberrejo,9.022701
2026-02-24 06:00:00 - Sumberrejo,9.077113
2026-02-24 12:00:00 - Sumberrejo,8.820396
2026-02-24 18:00:00 - Sumberrejo,8.988013
2026-02-25 06:00:00 - Sumberrejo,8.721267
2026-02-25 12:00:00 - Sumberrejo,8.5074
2026-02-25 18:00:00 - Sumberrejo,8.293406
2026-02-26 06:00:00 - Sumberrejo,7.753176
2026-02-26 12:00:00 - Sumberrejo,7.663514
2026-02-26 18:00:00 - Sumberrejo,6.759882
2026-02-27 06:00:00 - Sumberrejo,7.4201674
2026-02-27 12:00:00 - Sumberrejo,7.6094937
2026-02-27 18:00:00 - Sumberrejo,7.7363086
2026-02-28 06:00:00 - Sumberrejo,7.682486
2026-02-28 12:00:00 - Sumberrejo,7.597294
2026-02-28 18:00:00 - Sumberrejo,7.9485164
2026-03-01 06:00:00 - Sumberrejo,7.991924
2026-03-01 12:00:00 - Sumberrejo,8.052453
2026-03-01 18:00:00 - Sumberrejo,8.081923
2026-03-02 06:00:00 - Sumberrejo,7.8475237
2026-03-02 12:00:00 - Sumberrejo,7.9573565
2026-03-02 18:00:00 - Sumberrejo,7.8195806
2026-03-03 06:00:00 - Sumberrejo,8.288426
2026-03-03 12:00:00 - Sumberrejo,8.054507
2026-03-03 18:00:00 - Sumberrejo,8.020661
2026-03-04 06:00:00 - Sumberrejo,8.171473
2026-03-04 12:00:00 - Sumberrejo,8.276315
2026-03-04 18:00:00 - Sumberrejo,7.9324083
2026-03-05 06:00:00 - Sumberrejo,8.353173
2026-03-05 12:00:00 - Sumberrejo,8.014335
2026-03-05 18:00:00 - Sumberrejo,8.029908
2026-03-06 06:00:00 - Sumberrejo,8.211537
2026-03-06 12:00:00 - Sumberrejo,7.984664
2026-03-06 18:00:00 - Sumberrejo,7.8081536
2026-03-07 06:00:00 - Sumberrejo,8.194733
2026-03-07 12:00:00 - Sumberrejo,8.057972
2026-03-07 18:00:00 - Sumberrejo,8.052641
2026-03-08 06:00:00 - Sumberrejo,8.708515
2026-03-08 12:00:00 - Sumberrejo,8.5927305
2026-03-08 18:00:00 - Sumberrejo,8.078591
2026-03-09 06:00:00 - Sumberrejo,8.368413
2026-03-09 12:00:00 - Sumberrejo,8.553768
2026-03-09 18:00:00 - Sumberrejo,8.7874775
2026-03-10 06:00:00 - Sumberrejo,8.983529
2026-03-10 12:00:00 - Sumberrejo,8.582179
2026-03-10 18:00:00 - Sumberrejo,8.374131
2026-03-11 06:00:00 - Sumberrejo,8.125124
2026-03-11 12:00:00 - Sumberrejo,8.054003
2026-03-11 18:00:00 - Sumberrejo,7.97139
2026-03-12 06:00:00 - Sumberrejo,8.019871
2026-03-12 12:00:00 - Sumberrejo,7.966078
2026-03-12 18:00:00 - Sumberrejo,8.177674
2026-03-13 06:00:00 - Sumberrejo,8.322983
2026-03-13 12:00:00 - Sumberrejo,8.182988
2026-03-13 18:00:00 - Sumberrejo,7.8943205
2026-03-14 06:00:00 - Sumberrejo,7.68082
2026-03-14 12:00:00 - Sumberrejo,7.517557
2026-03-14 18:00:00 - Sumberrejo,7.5435195
2026-03-15 06:00:00 - Sumberrejo,7.742207
2026-03-15 12:00:00 - Sumberrejo,7.745143
2026-03-15 18:00:00 - Sumberrejo,7.70337
2026-03-16 06:00:00 - Sumberrejo,7.6498785
2026-03-16 12:00:00 - Sumberrejo,7.9919868
2026-03-16 18:00:00 - Sumberrejo,8.023777
2026-03-17 06:00:00 - Sumberrejo,7.8448606
2026-03-17 12:00:00 - Sumberrejo,8.087441
2026-03-17 18:00:00 - Sumberrejo,8.313197
2026-03-18 06:00:00 - Sumberrejo,7.9247003
2026-03-18 12:00:00 - Sumberrejo,8.243592
2026-03-18 18:00:00 - Sumberrejo,8.063174
2026-03-19 06:00:00 - Sumberrejo,8.265798
2026-03-19 12:00:00 - Sumberrejo,8.23428
2026-03-19 18:00:00 - Sumberrejo,7.901722
2026-03-20 06:00:00 - Sumberrejo,7.5521593
2026-03-20 12:00:00 - Sumberrejo,7.5715423
2026-03-20 18:00:00 - Sumberrejo,7.547952
2026-03-21 06:00:00 - Sumberrejo,7.501541
2026-03-21 12:00:00 - Sumberrejo,7.6666217
2026-03-21 18:00:00 - Sumberrejo,7.5917153
2026-03-22 06:00:00 - Sumberrejo,7.3812165
2026-03-22 12:00:00 - Sumberrejo,7.2938204
2026-03-22 18:00:00 - Sumberrejo,7.454933
2026-03-23 06:00:00 - Sumberrejo,7.6113105
2026-03-23 12:00:00 - Sumberrejo,7.511075
2026-03-23 18:00:00 - Sumberrejo,7.639363
2026-03-24 06:00:00 - Sumberrejo,7.220043
2026-03-24 12:00:00 - Sumberrejo,7.14254
2026-03-24 18:00:00 - Sumberrejo,7.3423862
2026-03-25 06:00:00 - Sumberrejo,7.3038917
2026-03-25 12:00:00 - Sumberrejo,7.318775
2026-03-25 18:00:00 - Sumberrejo,7.4294505
2026-03-26 06:00:00 - Sumberrejo,7.7027907
2026-03-26 12:00:00 - Sumberrejo,7.6223383
2026-03-26 18:00:00 - Sumberrejo,7.568106
2026-03-27 06:00:00 - Sumberrejo,7.9644785
2026-03-27 12:00:00 - Sumberrejo,7.9085903
2026-03-27 18:00:00 - Sumberrejo,7.990798
2026-03-28 06:00:00 - Sumberrejo,8.186146
2026-03-28 12:00:00 - Sumberrejo,8.009786
2026-03-28 18:00:00 - Sumberrejo,8.079615
2026-03-29 06:00:00 - Sumberrejo,8.325741
2026-03-29 12:00:00 - Sumberrejo,8.516511
2026-03-29 18:00:00 - Sumberrejo,8.755676
2026-03-30 06:00:00 - Sumberrejo,8.507081
2026-03-30 12:00:00 - Sumberrejo,8.534729
2026-03-30 18:00:00 - Sumberrejo,8.693456
2026-03-31 06:00:00 - Sumberrejo,8.647804
2026-03-31 12:00:00 - Sumberrejo,8.533444
2026-03-31 18:00:00 - Sumberrejo,8.401437
2026-04-01 06:00:00 - Sumberrejo,8.511888
2026-04-01 12:00:00 - Sumberrejo,8.2930565
2026-04-01 18:00:00 - Sumberrejo,8.452741
2026-04-02 06:00:00 - Sumberrejo,8.182939
2026-04-02 12:00:00 - Sumberrejo,8.022302
2026-04-02 18:00:00 - Sumberrejo,7.919034
2026-04-03 06:00:00 - Sumberrejo,8.5198965
2026-04-03 12:00:00 - Sumberrejo,8.465738
2026-04-03 18:00:00 - Sumberrejo,8.751692
2026-04-04 06:00:00 - Sumberrejo,8.640853
2026-04-04 12:00:00 - Sumberrejo,8.799811
2026-04-04 18:00:00 - Sumberrejo,9.0765915
2026-04-05 06:00:00 - Sumberrejo,9.100465
2026-04-05 12:00:00 - Sumberrejo,8.748871
2026-04-05 18:00:00 - Sumberrejo,8.4949
2026-04-06 06:00:00 - Sumberrejo,8.096323
2026-04-06 12:00:00 - Sumberrejo,8.163569
2026-04-06 18:00:00 - Sumberrejo,7.9412293
2026-04-07 06:00:00 - Sumberrejo,7.8444633
2026-04-07 12:00:00 - Sumberrejo,7.9263525
2026-04-07 18:00:00 - Sumberrejo,8.060885
2026-04-08 06:00:00 - Sumberrejo,7.8523116
2026-04-08 12:00:00 - Sumberrejo,7.9234595
2026-04-08 18:00:00 - Sumberrejo,7.8006644
2026-04-09 06:00:00 - Sumberrejo,7.7932477
2026-04-09 12:00:00 - Sumberrejo,8.042674
2026-04-09 18:00:00 - Sumberrejo,7.925541
2026-04-10 06:00:00 - Sumberrejo,7.867441
2026-04-10 12:00:00 - Sumberrejo,8.210619
2026-04-10 18:00:00 - Sumberrejo,8.222363
2026-04-11 06:00:00 - Sumberrejo,8.143675
2026-04-11 12:00:00 - Sumberrejo,8.225655
2026-04-11 18:00:00 - Sumberrejo,8.450336
2026-04-12 06:00:00 - Sumberrejo,8.368366
2026-04-12 12:00:00 - Sumberrejo,8.235062
2026-04-12 18:00:00 - Sumberrejo,7.953504
2026-04-13 06:00:00 - Sumberrejo,8.003515
2026-04-13 12:00:00 - Sumberrejo,7.9418573
2026-04-13 18:00:00 - Sumberrejo,7.994959
2026-04-14 06:00:00 - Sumberrejo,7.7854347
2026-04-14 12:00:00 - Sumberrejo,7.668796
2026-04-14 18:00:00 - Sumberrejo,7.4547963
2026-04-15 06:00:00 - Sumberrejo,7.2766347
2026-04-15 12:00:00 - Sumberrejo,7.2428074
2026-04-15 18:00:00 - Sumberrejo,7.501423
2026-04-16 06:00:00 - Sumberrejo,7.2431545
2026-04-16 12:00:00 - Sumberrejo,7.172316
2026-04-16 18:00:00 - Sumberrejo,7.3178205
2026-04-17 06:00:00 - Sumberrejo,7.182301
2026-04-17 12:00:00 - Sumberrejo,7.243334
2026-04-17 18:00:00 - Sumberrejo,7.2977934
2026-04-18 06:00:00 - Sumberrejo,7.125541
2026-04-18 12:00:00 - Sumberrejo,6.9730997
2026-04-18 18:00:00 - Sumberrejo,6.9946856
2026-04-19 06:00:00 - Sumberrejo,6.9099784
2026-04-19 12:00:00 - Sumberrejo,6.997936
2026-04-19 18:00:00 - Sumberrejo,7.04152
2026-04-20 06:00:00 - Sumberrejo,6.9586744
2026-04-20 12:00:00 - Sumberrejo,7.088101
2026-04-20 18:00:00 - Sumberrejo,7.244865
2026-04-21 06:00:00 - Sumberrejo,7.123394
2026-04-21 12:00:00 - Sumberrejo,7.135846
2026-04-21 18:00:00 - Sumberrejo,7.2319555
2026-04-22 06:00:00 - Sumberrejo,7.0793247
2026-04-22 12:00:00 - Sumberrejo,6.3165
2026-04-22 18:00:00 - Sumberrejo,7.0204864
2026-04-23 06:00:00 - Sumberrejo,7.2021317
2026-04-23 12:00:00 - Sumberrejo,7.2103295
2026-04-23 18:00:00 - Sumberrejo,7.6624446
2026-04-24 06:00:00 - Sumberrejo,7.684555
2026-04-24 12:00:00 - Sumberrejo,7.8048806
2026-04-24 18:00:00 - Sumberrejo,7.8072805
2026-04-25 06:00:00 - Sumberrejo,7.6969705
2026-04-25 12:00:00 - Sumberrejo,7.486735
2026-04-25 18:00:00 - Sumberrejo,7.4544196
2026-04-26 06:00:00 - Sumberrejo,7.2832265
2026-04-26 12:00:00 - Sumberrejo,7.1897206
2026-04-26 18:00:00 - Sumberrejo,7.2690115
2026-04-27 06:00:00 - Sumberrejo,7.1511765
2026-04-27 12:00:00 - Sumberrejo,7.133432
2026-04-27 18:00:00 - Sumberrejo,7.2809114
2026-04-28 06:00:00 - Sumberrejo,7.1703134
2026-04-28 12:00:00 - Sumberrejo,7.2197967
2026-04-28 18:00:00 - Sumberrejo,7.275284
2026-04-29 06:00:00 - Sumberrejo,7.163649
2026-04-29 12:00:00 - Sumberrejo,7.4654293
2026-04-29 18:00:00 - Sumberrejo,7.2882094
2026-04-30 06:00:00 - Sumberrejo,7.319288
2026-04-30 12:00:00 - Sumberrejo,7.5657268
2026-04-30 18:00:00 - Sumberrejo,7.745739
2026-05-01 06:00:00 - Sumberrejo,7.685549
2026-05-01 12:00:00 - Sumberrejo,7.7927384
2026-05-01 18:00:00 - Sumberrejo,7.8303375
2026-05-02 06:00:00 - Sumberrejo,7.6163387
2026-05-02 12:00:00 - Sumberrejo,7.4118667
2026-05-02 18:00:00 - Sumberrejo,7.363838
2026-05-03 06:00:00 - Sumberrejo,7.1273303
2026-05-03 12:00:00 - Sumberrejo,7.1866407
2026-05-03 18:00:00 - Sumberrejo,7.2189603
2026-05-04 06:00:00 - Sumberrejo,7.1909547
2026-05-04 12:00:00 - Sumberrejo,7.5509644
2026-05-04 18:00:00 - Sumberrejo,7.552089
2026-05-05 06:00:00 - Sumberrejo,7.4493046
2026-05-05 12:00:00 - Sumberrejo,7.372742
2026-05-05 18:00:00 - Sumberrejo,7.283963
2026-05-06 06:00:00 - Sumberrejo,7.047202
2026-05-06 12:00:00 - Sumberrejo,7.035259
2026-05-06 18:00:00 - Sumberrejo,7.252311
2026-05-07 06:00:00 - Sumberrejo,7.0902853
2026-05-07 12:00:00 - Sumberrejo,7.1228566
2026-05-07 18:00:00 - Sumberrejo,7.1860323
2026-05-08 06:00:00 - Sumberrejo,7.2136416
2026-05-08 12:00:00 - Sumberrejo,7.124872
2026-05-08 18:00:00 - Sumberrejo,7.132396
2026-05-09 06:00:00 - Sumberrejo,7.0766935
2026-05-09 12:00:00 - Sumberrejo,7.0854564
2026-05-09 18:00:00 - Sumberrejo,7.170405
2026-05-10 06:00:00 - Sumberrejo,7.1377907
2026-05-10 12:00:00 - Sumberrejo,7.075941
2026-05-10 18:00:00 - Sumberrejo,7.006874
2026-05-11 06:00:00 - Sumberrejo,7.034554
2026-05-11 12:00:00 - Sumberrejo,7.0897603
2026-05-11 18:00:00 - Sumberrejo,7.1041155
2026-05-12 06:00:00 - Sumberrejo,7.0808644
2026-05-12 12:00:00 - Sumberrejo,7.1398635
2026-05-12 18:00:00 - Sumberrejo,7.215923
2026-05-13 06:00:00 - Sumberrejo,7.020299
2026-05-13 12:00:00 - Sumberrejo,6.959345
2026-05-13 18:00:00 - Sumberrejo,7.126928
2026-05-14 06:00:00 - Sumberrejo,6.9981976
2026-05-14 12:00:00 - Sumberrejo,6.9860797
2026-05-14 18:00:00 - Sumberrejo,7.1972423
2026-05-15 06:00:00 - Sumberrejo,6.9640555
2026-05-15 12:00:00 - Sumberrejo,6.994914
2026-05-15 18:00:00 - Sumberrejo,7.172153
2026-05-16 06:00:00 - Sumberrejo,7.014339
2026-05-16 12:00:00 - Sumberrejo,7.0496283
2026-05-16 18:00:00 - Sumberrejo,7.4639854
2026-05-17 06:00:00 - Sumberrejo,7.051307
2026-05-17 12:00:00 - Sumberrejo,7.1221957
2026-05-17 18:00:00 - Sumberrejo,7.4306254
2026-05-18 06:00:00 - Sumberrejo,7.3071547
2026-05-18 12:00:00 - Sumberrejo,7.31403
2026-05-18 18:00:00 - Sumberrejo,7.2252145
2025-09-19 06:00:00 - Wonogiri Dam,129.70277
2025-09-19 12:00:00 - Wonogiri Dam,129.79723
2025-09-19 18:00:00 - Wonogiri Dam,129.61862
2025-09-20 06:00:00 - Wonogiri Dam,129.53954
2025-09-20 12:00:00 - Wonogiri Dam,129.61888
2025-09-20 18:00:00 - Wonogiri Dam,129.61288
2025-09-21 06:00:00 - Wonogiri Dam,129.6002
2025-09-21 12:00:00 - Wonogiri Dam,129.61337
2025-09-21 18:00:00 - Wonogiri Dam,129.76323
2025-09-22 06:00:00 - Wonogiri Dam,129.76945
2025-09-22 12:00:00 - Wonogiri Dam,129.77675
2025-09-22 18:00:00 - Wonogiri Dam,129.65775
2025-09-23 06:00:00 - Wonogiri Dam,129.67854
2025-09-23 12:00:00 - Wonogiri Dam,129.64917
2025-09-23 18:00:00 - Wonogiri Dam,129.66284
2025-09-24 06:00:00 - Wonogiri Dam,129.62503
2025-09-24 12:00:00 - Wonogiri Dam,129.65369
2025-09-24 18:00:00 - Wonogiri Dam,129.8824
2025-09-25 06:00:00 - Wonogiri Dam,129.8762
2025-09-25 12:00:00 - Wonogiri Dam,129.88586
2025-09-25 18:00:00 - Wonogiri Dam,129.82556
2025-09-26 06:00:00 - Wonogiri Dam,129.80058
2025-09-26 12:00:00 - Wonogiri Dam,129.7754
2025-09-26 18:00:00 - Wonogiri Dam,129.73611
2025-09-27 06:00:00 - Wonogiri Dam,129.72351
2025-09-27 12:00:00 - Wonogiri Dam,129.74521
2025-09-27 18:00:00 - Wonogiri Dam,129.4352
2025-09-28 06:00:00 - Wonogiri Dam,129.71687
2025-09-28 12:00:00 - Wonogiri Dam,129.78906
2025-09-28 18:00:00 - Wonogiri Dam,129.74759
2025-09-29 06:00:00 - Wonogiri Dam,129.8025
2025-09-29 12:00:00 - Wonogiri Dam,129.75949
2025-09-29 18:00:00 - Wonogiri Dam,129.69193
2025-09-30 06:00:00 - Wonogiri Dam,129.64912
2025-09-30 12:00:00 - Wonogiri Dam,129.70276
2025-09-30 18:00:00 - Wonogiri Dam,129.62665
2025-10-01 06:00:00 - Wonogiri Dam,129.54985
2025-10-01 12:00:00 - Wonogiri Dam,129.59833
2025-10-01 18:00:00 - Wonogiri Dam,129.6271
2025-10-02 06:00:00 - Wonogiri Dam,129.66919
2025-10-02 12:00:00 - Wonogiri Dam,129.61803
2025-10-02 18:00:00 - Wonogiri Dam,129.71092
2025-10-03 06:00:00 - Wonogiri Dam,129.61958
2025-10-03 12:00:00 - Wonogiri Dam,129.68459
2025-10-03 18:00:00 - Wonogiri Dam,129.71692
2025-10-04 06:00:00 - Wonogiri Dam,129.76343
2025-10-04 12:00:00 - Wonogiri Dam,129.72707
2025-10-04 18:00:00 - Wonogiri Dam,129.77998
2025-10-05 06:00:00 - Wonogiri Dam,129.76303
2025-10-05 12:00:00 - Wonogiri Dam,129.7938
2025-10-05 18:00:00 - Wonogiri Dam,129.98064
2025-10-06 06:00:00 - Wonogiri Dam,129.72975
2025-10-06 12:00:00 - Wonogiri Dam,129.67633
2025-10-06 18:00:00 - Wonogiri Dam,129.49797
2025-10-07 06:00:00 - Wonogiri Dam,129.45929
2025-10-07 12:00:00 - Wonogiri Dam,129.53325
2025-10-07 18:00:00 - Wonogiri Dam,129.45534
2025-10-08 06:00:00 - Wonogiri Dam,129.49637
2025-10-08 12:00:00 - Wonogiri Dam,129.45416
2025-10-08 18:00:00 - Wonogiri Dam,129.50053
2025-10-09 06:00:00 - Wonogiri Dam,129.50575
2025-10-09 12:00:00 - Wonogiri Dam,129.4476
2025-10-09 18:00:00 - Wonogiri Dam,129.3533
2025-10-10 06:00:00 - Wonogiri Dam,129.44453
2025-10-10 12:00:00 - Wonogiri Dam,129.36792
2025-10-10 18:00:00 - Wonogiri Dam,129.41844
2025-10-11 06:00:00 - Wonogiri Dam,129.47128
2025-10-11 12:00:00 - Wonogiri Dam,129.4477
2025-10-11 18:00:00 - Wonogiri Dam,129.38628
2025-10-12 06:00:00 - Wonogiri Dam,129.38126
2025-10-12 12:00:00 - Wonogiri Dam,129.33391
2025-10-12 18:00:00 - Wonogiri Dam,129.28362
2025-10-13 06:00:00 - Wonogiri Dam,129.33899
2025-10-13 12:00:00 - Wonogiri Dam,129.1962
2025-10-13 18:00:00 - Wonogiri Dam,129.15587
2025-10-14 06:00:00 - Wonogiri Dam,129.16295
2025-10-14 12:00:00 - Wonogiri Dam,129.05151
2025-10-14 18:00:00 - Wonogiri Dam,129.07219
2025-10-15 06:00:00 - Wonogiri Dam,129.10439
2025-10-15 12:00:00 - Wonogiri Dam,128.87352
2025-10-15 18:00:00 - Wonogiri Dam,129.03246
2025-10-16 06:00:00 - Wonogiri Dam,128.98418
2025-10-16 12:00:00 - Wonogiri Dam,128.8326
2025-10-16 18:00:00 - Wonogiri Dam,128.94347
2025-10-17 06:00:00 - Wonogiri Dam,128.89377
2025-10-17 12:00:00 - Wonogiri Dam,128.80112
2025-10-17 18:00:00 - Wonogiri Dam,128.77682
2025-10-18 06:00:00 - Wonogiri Dam,128.83301
2025-10-18 12:00:00 - Wonogiri Dam,128.85948
2025-10-18 18:00:00 - Wonogiri Dam,128.85971
2025-10-19 06:00:00 - Wonogiri Dam,128.85558
2025-10-19 12:00:00 - Wonogiri Dam,128.89296
2025-10-19 18:00:00 - Wonogiri Dam,128.87372
2025-10-20 06:00:00 - Wonogiri Dam,128.97331
2025-10-20 12:00:00 - Wonogiri Dam,128.92429
2025-10-20 18:00:00 - Wonogiri Dam,128.92035
2025-10-21 06:00:00 - Wonogiri Dam,128.62003
2025-10-21 12:00:00 - Wonogiri Dam,128.62378
2025-10-21 18:00:00 - Wonogiri Dam,128.6011
2025-10-22 06:00:00 - Wonogiri Dam,128.63643
2025-10-22 12:00:00 - Wonogiri Dam,128.61964
2025-10-22 18:00:00 - Wonogiri Dam,128.70448
2025-10-23 06:00:00 - Wonogiri Dam,128.80989
2025-10-23 12:00:00 - Wonogiri Dam,128.68463
2025-10-23 18:00:00 - Wonogiri Dam,128.75584
2025-10-24 06:00:00 - Wonogiri Dam,128.80266
2025-10-24 12:00:00 - Wonogiri Dam,128.72223
2025-10-24 18:00:00 - Wonogiri Dam,128.75676
2025-10-25 06:00:00 - Wonogiri Dam,128.71802
2025-10-25 12:00:00 - Wonogiri Dam,128.70062
2025-10-25 18:00:00 - Wonogiri Dam,128.79968
2025-10-26 06:00:00 - Wonogiri Dam,128.54845
2025-10-26 12:00:00 - Wonogiri Dam,128.80885
2025-10-26 18:00:00 - Wonogiri Dam,128.8439
2025-10-27 06:00:00 - Wonogiri Dam,128.72195
2025-10-27 12:00:00 - Wonogiri Dam,128.84846
2025-10-27 18:00:00 - Wonogiri Dam,128.86644
2025-10-28 06:00:00 - Wonogiri Dam,128.92812
2025-10-28 12:00:00 - Wonogiri Dam,128.91293
2025-10-28 18:00:00 - Wonogiri Dam,128.75879
2025-10-29 06:00:00 - Wonogiri Dam,128.95306
2025-10-29 12:00:00 - Wonogiri Dam,128.88872
2025-10-29 18:00:00 - Wonogiri Dam,128.88774
2025-10-30 06:00:00 - Wonogiri Dam,128.76154
2025-10-30 12:00:00 - Wonogiri Dam,128.84372
2025-10-30 18:00:00 - Wonogiri Dam,128.8868
2025-10-31 06:00:00 - Wonogiri Dam,128.86092
2025-10-31 12:00:00 - Wonogiri Dam,128.90242
2025-10-31 18:00:00 - Wonogiri Dam,128.8024
2025-11-01 06:00:00 - Wonogiri Dam,128.79921
2025-11-01 12:00:00 - Wonogiri Dam,128.87509
2025-11-01 18:00:00 - Wonogiri Dam,128.73598
2025-11-02 06:00:00 - Wonogiri Dam,128.7743
2025-11-02 12:00:00 - Wonogiri Dam,129.33626
2025-11-02 18:00:00 - Wonogiri Dam,130.02122
2025-11-03 06:00:00 - Wonogiri Dam,130.13312
2025-11-03 12:00:00 - Wonogiri Dam,130.07301
2025-11-03 18:00:00 - Wonogiri Dam,130.09149
2025-11-04 06:00:00 - Wonogiri Dam,130.30197
2025-11-04 12:00:00 - Wonogiri Dam,130.52005
2025-11-04 18:00:00 - Wonogiri Dam,130.51343
2025-11-05 06:00:00 - Wonogiri Dam,130.91473
2025-11-05 12:00:00 - Wonogiri Dam,131.46118
2025-11-05 18:00:00 - Wonogiri Dam,131.41032
2025-11-06 06:00:00 - Wonogiri Dam,131.60458
2025-11-06 12:00:00 - Wonogiri Dam,131.51689
2025-11-06 18:00:00 - Wonogiri Dam,131.35243
2025-11-07 06:00:00 - Wonogiri Dam,131.47087
2025-11-07 12:00:00 - Wonogiri Dam,131.42477
2025-11-07 18:00:00 - Wonogiri Dam,131.44495
2025-11-08 06:00:00 - Wonogiri Dam,131.54926
2025-11-08 12:00:00 - Wonogiri Dam,131.72833
2025-11-08 18:00:00 - Wonogiri Dam,131.87448
2025-11-09 06:00:00 - Wonogiri Dam,131.79448
2025-11-09 12:00:00 - Wonogiri Dam,131.98618
2025-11-09 18:00:00 - Wonogiri Dam,132.03893
2025-11-10 06:00:00 - Wonogiri Dam,131.96512
2025-11-10 12:00:00 - Wonogiri Dam,131.9634
2025-11-10 18:00:00 - Wonogiri Dam,131.76118
2025-11-11 06:00:00 - Wonogiri Dam,132.2001
2025-11-11 12:00:00 - Wonogiri Dam,132.34833
2025-11-11 18:00:00 - Wonogiri Dam,132.30302
2025-11-12 06:00:00 - Wonogiri Dam,132.39616
2025-11-12 12:00:00 - Wonogiri Dam,132.64778
2025-11-12 18:00:00 - Wonogiri Dam,132.69406
2025-11-13 06:00:00 - Wonogiri Dam,132.83478
2025-11-13 12:00:00 - Wonogiri Dam,133.03273
2025-11-13 18:00:00 - Wonogiri Dam,133.04822
2025-11-14 06:00:00 - Wonogiri Dam,133.37363
2025-11-14 12:00:00 - Wonogiri Dam,133.19026
2025-11-14 18:00:00 - Wonogiri Dam,133.28458
2025-11-15 06:00:00 - Wonogiri Dam,133.18094
2025-11-15 12:00:00 - Wonogiri Dam,133.09021
2025-11-15 18:00:00 - Wonogiri Dam,133.19597
2025-11-16 06:00:00 - Wonogiri Dam,133.01826
2025-11-16 12:00:00 - Wonogiri Dam,133.00685
2025-11-16 18:00:00 - Wonogiri Dam,133.11292
2025-11-17 06:00:00 - Wonogiri Dam,133.09337
2025-11-17 12:00:00 - Wonogiri Dam,133.0229
2025-11-17 18:00:00 - Wonogiri Dam,132.96909
2025-11-18 06:00:00 - Wonogiri Dam,132.95323
2025-11-18 12:00:00 - Wonogiri Dam,132.97192
2025-11-18 18:00:00 - Wonogiri Dam,133.0507
2025-11-19 06:00:00 - Wonogiri Dam,133.18387
2025-11-19 12:00:00 - Wonogiri Dam,133.13673
2025-11-19 18:00:00 - Wonogiri Dam,133.37721
2025-11-20 06:00:00 - Wonogiri Dam,133.0539
2025-11-20 12:00:00 - Wonogiri Dam,133.04993
2025-11-20 18:00:00 - Wonogiri Dam,133.19879
2025-11-21 06:00:00 - Wonogiri Dam,133.1892
2025-11-21 12:00:00 - Wonogiri Dam,133.13014
2025-11-21 18:00:00 - Wonogiri Dam,133.18175
2025-11-22 06:00:00 - Wonogiri Dam,133.11516
2025-11-22 12:00:00 - Wonogiri Dam,133.46779
2025-11-22 18:00:00 - Wonogiri Dam,133.82263
2025-11-23 06:00:00 - Wonogiri Dam,133.555
2025-11-23 12:00:00 - Wonogiri Dam,133.80331
2025-11-23 18:00:00 - Wonogiri Dam,133.15413
2025-11-24 06:00:00 - Wonogiri Dam,133.81076
2025-11-24 12:00:00 - Wonogiri Dam,133.94933
2025-11-24 18:00:00 - Wonogiri Dam,134.18903
2025-11-25 06:00:00 - Wonogiri Dam,134.39587
2025-11-25 12:00:00 - Wonogiri Dam,134.18953
2025-11-25 18:00:00 - Wonogiri Dam,134.11989
2025-11-26 06:00:00 - Wonogiri Dam,134.29636
2025-11-26 12:00:00 - Wonogiri Dam,134.43718
2025-11-26 18:00:00 - Wonogiri Dam,134.42325
2025-11-27 06:00:00 - Wonogiri Dam,134.41753
2025-11-27 12:00:00 - Wonogiri Dam,134.33504
2025-11-27 18:00:00 - Wonogiri Dam,134.32414
2025-11-28 06:00:00 - Wonogiri Dam,134.49861
2025-11-28 12:00:00 - Wonogiri Dam,134.45996
2025-11-28 18:00:00 - Wonogiri Dam,134.36668
2025-11-29 06:00:00 - Wonogiri Dam,134.35524
2025-11-29 12:00:00 - Wonogiri Dam,134.22816
2025-11-29 18:00:00 - Wonogiri Dam,134.56049
2025-11-30 06:00:00 - Wonogiri Dam,134.51869
2025-11-30 12:00:00 - Wonogiri Dam,134.29956
2025-11-30 18:00:00 - Wonogiri Dam,134.19287
2025-12-01 06:00:00 - Wonogiri Dam,134.46841
2025-12-01 12:00:00 - Wonogiri Dam,134.3297
2025-12-01 18:00:00 - Wonogiri Dam,134.20963
2025-12-02 06:00:00 - Wonogiri Dam,134.2178
2025-12-02 12:00:00 - Wonogiri Dam,134.19914
2025-12-02 18:00:00 - Wonogiri Dam,134.1256
2025-12-03 06:00:00 - Wonogiri Dam,134.08986
2025-12-03 12:00:00 - Wonogiri Dam,134.12569
2025-12-03 18:00:00 - Wonogiri Dam,134.14214
2025-12-04 06:00:00 - Wonogiri Dam,134.0728
2025-12-04 12:00:00 - Wonogiri Dam,134.11374
2025-12-04 18:00:00 - Wonogiri Dam,134.27794
2025-12-05 06:00:00 - Wonogiri Dam,133.76154
2025-12-05 12:00:00 - Wonogiri Dam,133.81845
2025-12-05 18:00:00 - Wonogiri Dam,133.79982
2025-12-06 06:00:00 - Wonogiri Dam,133.7696
2025-12-06 12:00:00 - Wonogiri Dam,133.87047
2025-12-06 18:00:00 - Wonogiri Dam,133.92587
2025-12-07 06:00:00 - Wonogiri Dam,133.60716
2025-12-07 12:00:00 - Wonogiri Dam,133.73062
2025-12-07 18:00:00 - Wonogiri Dam,133.8827
2025-12-08 06:00:00 - Wonogiri Dam,133.79536
2025-12-08 12:00:00 - Wonogiri Dam,133.73706
2025-12-08 18:00:00 - Wonogiri Dam,133.77338
2025-12-09 06:00:00 - Wonogiri Dam,133.71964
2025-12-09 12:00:00 - Wonogiri Dam,133.73312
2025-12-09 18:00:00 - Wonogiri Dam,133.74232
2025-12-10 06:00:00 - Wonogiri Dam,133.69638
2025-12-10 12:00:00 - Wonogiri Dam,133.59389
2025-12-10 18:00:00 - Wonogiri Dam,133.58112
2025-12-11 06:00:00 - Wonogiri Dam,133.61778
2025-12-11 12:00:00 - Wonogiri Dam,133.61731
2025-12-11 18:00:00 - Wonogiri Dam,133.47205
2025-12-12 06:00:00 - Wonogiri Dam,133.49767
2025-12-12 12:00:00 - Wonogiri Dam,133.51343
2025-12-12 18:00:00 - Wonogiri Dam,133.37497
2025-12-13 06:00:00 - Wonogiri Dam,133.47801
2025-12-13 12:00:00 - Wonogiri Dam,133.45238
2025-12-13 18:00:00 - Wonogiri Dam,133.2912
2025-12-14 06:00:00 - Wonogiri Dam,133.3248
2025-12-14 12:00:00 - Wonogiri Dam,133.5702
2025-12-14 18:00:00 - Wonogiri Dam,133.42494
2025-12-15 06:00:00 - Wonogiri Dam,133.50159
2025-12-15 12:00:00 - Wonogiri Dam,133.54355
2025-12-15 18:00:00 - Wonogiri Dam,133.52878
2025-12-16 06:00:00 - Wonogiri Dam,133.47678
2025-12-16 12:00:00 - Wonogiri Dam,133.45215
2025-12-16 18:00:00 - Wonogiri Dam,133.51445
2025-12-17 06:00:00 - Wonogiri Dam,133.60066
2025-12-17 12:00:00 - Wonogiri Dam,133.6795
2025-12-17 18:00:00 - Wonogiri Dam,133.66444
2025-12-18 06:00:00 - Wonogiri Dam,133.63512
2025-12-18 12:00:00 - Wonogiri Dam,133.67758
2025-12-18 18:00:00 - Wonogiri Dam,133.81462
2025-12-19 06:00:00 - Wonogiri Dam,133.66743
2025-12-19 12:00:00 - Wonogiri Dam,134.14195
2025-12-19 18:00:00 - Wonogiri Dam,134.17636
2025-12-20 06:00:00 - Wonogiri Dam,134.06712
2025-12-20 12:00:00 - Wonogiri Dam,134.0093
2025-12-20 18:00:00 - Wonogiri Dam,133.65308
2025-12-21 06:00:00 - Wonogiri Dam,133.66496
2025-12-21 12:00:00 - Wonogiri Dam,133.58827
2025-12-21 18:00:00 - Wonogiri Dam,133.61406
2025-12-22 06:00:00 - Wonogiri Dam,134.00058
2025-12-22 12:00:00 - Wonogiri Dam,133.98575
2025-12-22 18:00:00 - Wonogiri Dam,134.15971
2025-12-23 06:00:00 - Wonogiri Dam,134.01268
2025-12-23 12:00:00 - Wonogiri Dam,133.98627
2025-12-23 18:00:00 - Wonogiri Dam,133.98424
2025-12-24 06:00:00 - Wonogiri Dam,133.97292
2025-12-24 12:00:00 - Wonogiri Dam,134.0288
2025-12-24 18:00:00 - Wonogiri Dam,134.03003
2025-12-25 06:00:00 - Wonogiri Dam,133.61877
2025-12-25 12:00:00 - Wonogiri Dam,133.61037
2025-12-25 18:00:00 - Wonogiri Dam,134.03796
2025-12-26 06:00:00 - Wonogiri Dam,133.93427
2025-12-26 12:00:00 - Wonogiri Dam,133.59053
2025-12-26 18:00:00 - Wonogiri Dam,133.93102
2025-12-27 06:00:00 - Wonogiri Dam,133.71793
2025-12-27 12:00:00 - Wonogiri Dam,133.62646
2025-12-27 18:00:00 - Wonogiri Dam,133.6347
2025-12-28 06:00:00 - Wonogiri Dam,134.10335
2025-12-28 12:00:00 - Wonogiri Dam,134.07721
2025-12-28 18:00:00 - Wonogiri Dam,133.85751
2025-12-29 06:00:00 - Wonogiri Dam,133.9852
2025-12-29 12:00:00 - Wonogiri Dam,133.99303
2025-12-29 18:00:00 - Wonogiri Dam,133.9126
2025-12-30 06:00:00 - Wonogiri Dam,133.48758
2025-12-30 12:00:00 - Wonogiri Dam,133.85435
2025-12-30 18:00:00 - Wonogiri Dam,133.79414
2025-12-31 06:00:00 - Wonogiri Dam,133.92259
2025-12-31 12:00:00 - Wonogiri Dam,133.47328
2025-12-31 18:00:00 - Wonogiri Dam,133.4584
2026-01-01 06:00:00 - Wonogiri Dam,133.20952
2026-01-01 12:00:00 - Wonogiri Dam,133.21263
2026-01-01 18:00:00 - Wonogiri Dam,133.37784
2026-01-02 06:00:00 - Wonogiri Dam,135.43803
2026-01-02 12:00:00 - Wonogiri Dam,133.81271
2026-01-02 18:00:00 - Wonogiri Dam,133.65108
2026-01-03 06:00:00 - Wonogiri Dam,133.455
2026-01-03 12:00:00 - Wonogiri Dam,133.45547
2026-01-03 18:00:00 - Wonogiri Dam,133.5548
2026-01-04 06:00:00 - Wonogiri Dam,136.18079
2026-01-04 12:00:00 - Wonogiri Dam,133.33037
2026-01-04 18:00:00 - Wonogiri Dam,133.71472
2026-01-05 06:00:00 - Wonogiri Dam,133.73727
2026-01-05 12:00:00 - Wonogiri Dam,134.31514
2026-01-05 18:00:00 - Wonogiri Dam,133.79337
2026-01-06 06:00:00 - Wonogiri Dam,134.12416
2026-01-06 12:00:00 - Wonogiri Dam,134.0589
2026-01-06 18:00:00 - Wonogiri Dam,134.016
2026-01-07 06:00:00 - Wonogiri Dam,133.53386
2026-01-07 12:00:00 - Wonogiri Dam,133.54066
2026-01-07 18:00:00 - Wonogiri Dam,134.0133
2026-01-08 06:00:00 - Wonogiri Dam,133.83136
2026-01-08 12:00:00 - Wonogiri Dam,133.94383
2026-01-08 18:00:00 - Wonogiri Dam,133.91057
2026-01-09 06:00:00 - Wonogiri Dam,134.14746
2026-01-09 12:00:00 - Wonogiri Dam,134.28604
2026-01-09 18:00:00 - Wonogiri Dam,133.79083
2026-01-10 06:00:00 - Wonogiri Dam,133.66046
2026-01-10 12:00:00 - Wonogiri Dam,133.8567
2026-01-10 18:00:00 - Wonogiri Dam,133.39363
2026-01-11 06:00:00 - Wonogiri Dam,133.73563
2026-01-11 12:00:00 - Wonogiri Dam,133.84041
2026-01-11 18:00:00 - Wonogiri Dam,133.81308
2026-01-12 06:00:00 - Wonogiri Dam,133.80756
2026-01-12 12:00:00 - Wonogiri Dam,134.04083
2026-01-12 18:00:00 - Wonogiri Dam,133.94556
2026-01-13 06:00:00 - Wonogiri Dam,133.28973
2026-01-13 12:00:00 - Wonogiri Dam,133.49866
2026-01-13 18:00:00 - Wonogiri Dam,133.99455
2026-01-14 06:00:00 - Wonogiri Dam,133.4623
2026-01-14 12:00:00 - Wonogiri Dam,134.03903
2026-01-14 18:00:00 - Wonogiri Dam,133.92949
2026-01-15 06:00:00 - Wonogiri Dam,133.41464
2026-01-15 12:00:00 - Wonogiri Dam,133.39905
2026-01-15 18:00:00 - Wonogiri Dam,133.20204
2026-01-16 06:00:00 - Wonogiri Dam,133.80293
2026-01-16 12:00:00 - Wonogiri Dam,133.82059
2026-01-16 18:00:00 - Wonogiri Dam,133.67377
2026-01-17 06:00:00 - Wonogiri Dam,133.3946
2026-01-17 12:00:00 - Wonogiri Dam,133.87164
2026-01-17 18:00:00 - Wonogiri Dam,133.51402
2026-01-18 06:00:00 - Wonogiri Dam,134.42409
2026-01-18 12:00:00 - Wonogiri Dam,133.28275
2026-01-18 18:00:00 - Wonogiri Dam,133.28316
2026-01-19 06:00:00 - Wonogiri Dam,133.71721
2026-01-19 12:00:00 - Wonogiri Dam,133.48772
2026-01-19 18:00:00 - Wonogiri Dam,133.33432
2026-01-20 06:00:00 - Wonogiri Dam,133.38245
2026-01-20 12:00:00 - Wonogiri Dam,134.04468
2026-01-20 18:00:00 - Wonogiri Dam,133.61563
2026-01-21 06:00:00 - Wonogiri Dam,133.54166
2026-01-21 12:00:00 - Wonogiri Dam,133.96164
2026-01-21 18:00:00 - Wonogiri Dam,133.60773
2026-01-22 06:00:00 - Wonogiri Dam,133.59038
2026-01-22 12:00:00 - Wonogiri Dam,133.49046
2026-01-22 18:00:00 - Wonogiri Dam,133.63712
2026-01-23 06:00:00 - Wonogiri Dam,134.32132
2026-01-23 12:00:00 - Wonogiri Dam,134.33409
2026-01-23 18:00:00 - Wonogiri Dam,134.54684
2026-01-24 06:00:00 - Wonogiri Dam,133.90363
2026-01-24 12:00:00 - Wonogiri Dam,133.75755
2026-01-24 18:00:00 - Wonogiri Dam,134.55048
2026-01-25 06:00:00 - Wonogiri Dam,134.3082
2026-01-25 12:00:00 - Wonogiri Dam,134.32787
2026-01-25 18:00:00 - Wonogiri Dam,133.82791
2026-01-26 06:00:00 - Wonogiri Dam,133.92151
2026-01-26 12:00:00 - Wonogiri Dam,134.9681
2026-01-26 18:00:00 - Wonogiri Dam,134.54257
2026-01-27 06:00:00 - Wonogiri Dam,134.52185
2026-01-27 12:00:00 - Wonogiri Dam,134.50809
2026-01-27 18:00:00 - Wonogiri Dam,135.91924
2026-01-28 06:00:00 - Wonogiri Dam,135.07437
2026-01-28 12:00:00 - Wonogiri Dam,135.36932
2026-01-28 18:00:00 - Wonogiri Dam,136.35548
2026-01-29 06:00:00 - Wonogiri Dam,134.9786
2026-01-29 12:00:00 - Wonogiri Dam,135.4057
2026-01-29 18:00:00 - Wonogiri Dam,135.2689
2026-01-30 06:00:00 - Wonogiri Dam,134.83958
2026-01-30 12:00:00 - Wonogiri Dam,135.20644
2026-01-30 18:00:00 - Wonogiri Dam,135.26584
2026-01-31 06:00:00 - Wonogiri Dam,135.2076
2026-01-31 12:00:00 - Wonogiri Dam,135.31157
2026-01-31 18:00:00 - Wonogiri Dam,135.17302
2026-02-01 06:00:00 - Wonogiri Dam,135.42357
2026-02-01 12:00:00 - Wonogiri Dam,135.35712
2026-02-01 18:00:00 - Wonogiri Dam,135.42679
2026-02-02 06:00:00 - Wonogiri Dam,135.37361
2026-02-02 12:00:00 - Wonogiri Dam,135.52763
2026-02-02 18:00:00 - Wonogiri Dam,135.6523
2026-02-03 06:00:00 - Wonogiri Dam,135.69081
2026-02-03 12:00:00 - Wonogiri Dam,135.70688
2026-02-03 18:00:00 - Wonogiri Dam,135.60088
2026-02-04 06:00:00 - Wonogiri Dam,135.5014
2026-02-04 12:00:00 - Wonogiri Dam,135.56259
2026-02-04 18:00:00 - Wonogiri Dam,135.82106
2026-02-05 06:00:00 - Wonogiri Dam,135.22691
2026-02-05 12:00:00 - Wonogiri Dam,135.38931
2026-02-05 18:00:00 - Wonogiri Dam,135.31958
2026-02-06 06:00:00 - Wonogiri Dam,135.76895
2026-02-06 12:00:00 - Wonogiri Dam,135.8403
2026-02-06 18:00:00 - Wonogiri Dam,135.954
2026-02-07 06:00:00 - Wonogiri Dam,135.32439
2026-02-07 12:00:00 - Wonogiri Dam,135.31287
2026-02-07 18:00:00 - Wonogiri Dam,135.549
2026-02-08 06:00:00 - Wonogiri Dam,135.37283
2026-02-08 12:00:00 - Wonogiri Dam,135.34702
2026-02-08 18:00:00 - Wonogiri Dam,135.47388
2026-02-09 06:00:00 - Wonogiri Dam,135.58409
2026-02-09 12:00:00 - Wonogiri Dam,135.60432
2026-02-09 18:00:00 - Wonogiri Dam,135.64224
2026-02-10 06:00:00 - Wonogiri Dam,135.38622
2026-02-10 12:00:00 - Wonogiri Dam,135.40527
2026-02-10 18:00:00 - Wonogiri Dam,135.55586
2026-02-11 06:00:00 - Wonogiri Dam,135.78616
2026-02-11 12:00:00 - Wonogiri Dam,135.7563
2026-02-11 18:00:00 - Wonogiri Dam,135.79471
2026-02-12 06:00:00 - Wonogiri Dam,135.7283
2026-02-12 12:00:00 - Wonogiri Dam,135.7073
2026-02-12 18:00:00 - Wonogiri Dam,135.86914
2026-02-13 06:00:00 - Wonogiri Dam,135.72075
2026-02-13 12:00:00 - Wonogiri Dam,135.87971
2026-02-13 18:00:00 - Wonogiri Dam,136.05511
2026-02-14 06:00:00 - Wonogiri Dam,135.9576
2026-02-14 12:00:00 - Wonogiri Dam,135.93411
2026-02-14 18:00:00 - Wonogiri Dam,136.08243
2026-02-15 06:00:00 - Wonogiri Dam,136.02794
2026-02-15 12:00:00 - Wonogiri Dam,136.04407
2026-02-15 18:00:00 - Wonogiri Dam,136.12108
2026-02-16 06:00:00 - Wonogiri Dam,136.02296
2026-02-16 12:00:00 - Wonogiri Dam,136.15918
2026-02-16 18:00:00 - Wonogiri Dam,136.12473
2026-02-17 06:00:00 - Wonogiri Dam,135.97296
2026-02-17 12:00:00 - Wonogiri Dam,136.11363
2026-02-17 18:00:00 - Wonogiri Dam,136.21626
2026-02-18 06:00:00 - Wonogiri Dam,136.07777
2026-02-18 12:00:00 - Wonogiri Dam,136.1855
2026-02-18 18:00:00 - Wonogiri Dam,136.13705
2026-02-19 06:00:00 - Wonogiri Dam,135.99042
2026-02-19 12:00:00 - Wonogiri Dam,136.15997
2026-02-19 18:00:00 - Wonogiri Dam,136.18611
2026-02-20 06:00:00 - Wonogiri Dam,136.1831
2026-02-20 12:00:00 - Wonogiri Dam,136.12018
2026-02-20 18:00:00 - Wonogiri Dam,136.01167
2026-02-21 06:00:00 - Wonogiri Dam,136.14653
2026-02-21 12:00:00 - Wonogiri Dam,136.20319
2026-02-21 18:00:00 - Wonogiri Dam,136.21086
2026-02-22 06:00:00 - Wonogiri Dam,136.07698
2026-02-22 12:00:00 - Wonogiri Dam,136.13446
2026-02-22 18:00:00 - Wonogiri Dam,136.82005
2026-02-23 06:00:00 - Wonogiri Dam,136.02242
2026-02-23 12:00:00 - Wonogiri Dam,136.09282
2026-02-23 18:00:00 - Wonogiri Dam,136.02199
2026-02-24 06:00:00 - Wonogiri Dam,136.03786
2026-02-24 12:00:00 - Wonogiri Dam,136.03664
2026-02-24 18:00:00 - Wonogiri Dam,135.9383
2026-02-25 06:00:00 - Wonogiri Dam,136.01808
2026-02-25 12:00:00 - Wonogiri Dam,136.11105
2026-02-25 18:00:00 - Wonogiri Dam,135.9853
2026-02-26 06:00:00 - Wonogiri Dam,136.08081
2026-02-26 12:00:00 - Wonogiri Dam,136.13684
2026-02-26 18:00:00 - Wonogiri Dam,136.15689
2026-02-27 06:00:00 - Wonogiri Dam,136.12769
2026-02-27 12:00:00 - Wonogiri Dam,136.12256
2026-02-27 18:00:00 - Wonogiri Dam,136.03308
2026-02-28 06:00:00 - Wonogiri Dam,136.30193
2026-02-28 12:00:00 - Wonogiri Dam,136.11446
2026-02-28 18:00:00 - Wonogiri Dam,136.19011
2026-03-01 06:00:00 - Wonogiri Dam,136.44548
2026-03-01 12:00:00 - Wonogiri Dam,136.16899
2026-03-01 18:00:00 - Wonogiri Dam,136.2136
2026-03-02 06:00:00 - Wonogiri Dam,136.09398
2026-03-02 12:00:00 - Wonogiri Dam,136.1304
2026-03-02 18:00:00 - Wonogiri Dam,135.69293
2026-03-03 06:00:00 - Wonogiri Dam,136.21411
2026-03-03 12:00:00 - Wonogiri Dam,136.04779
2026-03-03 18:00:00 - Wonogiri Dam,136.04951
2026-03-04 06:00:00 - Wonogiri Dam,136.01564
2026-03-04 12:00:00 - Wonogiri Dam,136.1732
2026-03-04 18:00:00 - Wonogiri Dam,136.24681
2026-03-05 06:00:00 - Wonogiri Dam,135.91588
2026-03-05 12:00:00 - Wonogiri Dam,136.2499
2026-03-05 18:00:00 - Wonogiri Dam,136.12503
2026-03-06 06:00:00 - Wonogiri Dam,136.14127
2026-03-06 12:00:00 - Wonogiri Dam,136.10068
2026-03-06 18:00:00 - Wonogiri Dam,136.05685
2026-03-07 06:00:00 - Wonogiri Dam,136.18925
2026-03-07 12:00:00 - Wonogiri Dam,136.30328
2026-03-07 18:00:00 - Wonogiri Dam,135.91362
2026-03-08 06:00:00 - Wonogiri Dam,136.14688
2026-03-08 12:00:00 - Wonogiri Dam,136.21996
2026-03-08 18:00:00 - Wonogiri Dam,136.20903
2026-03-09 06:00:00 - Wonogiri Dam,136.15256
2026-03-09 12:00:00 - Wonogiri Dam,136.11098
2026-03-09 18:00:00 - Wonogiri Dam,135.94054
2026-03-10 06:00:00 - Wonogiri Dam,135.95482
2026-03-10 12:00:00 - Wonogiri Dam,136.07973
2026-03-10 18:00:00 - Wonogiri Dam,136.20094
2026-03-11 06:00:00 - Wonogiri Dam,136.14873
2026-03-11 12:00:00 - Wonogiri Dam,136.23474
2026-03-11 18:00:00 - Wonogiri Dam,136.32373
2026-03-12 06:00:00 - Wonogiri Dam,136.17155
2026-03-12 12:00:00 - Wonogiri Dam,136.19345
2026-03-12 18:00:00 - Wonogiri Dam,136.16893
2026-03-13 06:00:00 - Wonogiri Dam,136.17827
2026-03-13 12:00:00 - Wonogiri Dam,136.1335
2026-03-13 18:00:00 - Wonogiri Dam,136.23506
2026-03-14 06:00:00 - Wonogiri Dam,136.28697
2026-03-14 12:00:00 - Wonogiri Dam,136.25156
2026-03-14 18:00:00 - Wonogiri Dam,136.1257
2026-03-15 06:00:00 - Wonogiri Dam,136.22075
2026-03-15 12:00:00 - Wonogiri Dam,136.26302
2026-03-15 18:00:00 - Wonogiri Dam,136.0423
2026-03-16 06:00:00 - Wonogiri Dam,136.12756
2026-03-16 12:00:00 - Wonogiri Dam,136.16417
2026-03-16 18:00:00 - Wonogiri Dam,136.21559
2026-03-17 06:00:00 - Wonogiri Dam,136.1077
2026-03-17 12:00:00 - Wonogiri Dam,136.19414
2026-03-17 18:00:00 - Wonogiri Dam,136.19585
2026-03-18 06:00:00 - Wonogiri Dam,136.30252
2026-03-18 12:00:00 - Wonogiri Dam,136.17809
2026-03-18 18:00:00 - Wonogiri Dam,136.28302
2026-03-19 06:00:00 - Wonogiri Dam,136.17563
2026-03-19 12:00:00 - Wonogiri Dam,136.19565
2026-03-19 18:00:00 - Wonogiri Dam,136.13927
2026-03-20 06:00:00 - Wonogiri Dam,136.20364
2026-03-20 12:00:00 - Wonogiri Dam,136.28079
2026-03-20 18:00:00 - Wonogiri Dam,136.07993
2026-03-21 06:00:00 - Wonogiri Dam,136.11873
2026-03-21 12:00:00 - Wonogiri Dam,136.125
2026-03-21 18:00:00 - Wonogiri Dam,136.2291
2026-03-22 06:00:00 - Wonogiri Dam,136.00348
2026-03-22 12:00:00 - Wonogiri Dam,136.0689
2026-03-22 18:00:00 - Wonogiri Dam,136.08983
2026-03-23 06:00:00 - Wonogiri Dam,135.9525
2026-03-23 12:00:00 - Wonogiri Dam,135.86061
2026-03-23 18:00:00 - Wonogiri Dam,136.03728
2026-03-24 06:00:00 - Wonogiri Dam,135.89891
2026-03-24 12:00:00 - Wonogiri Dam,136.01117
2026-03-24 18:00:00 - Wonogiri Dam,135.89197
2026-03-25 06:00:00 - Wonogiri Dam,135.78845
2026-03-25 12:00:00 - Wonogiri Dam,135.85887
2026-03-25 18:00:00 - Wonogiri Dam,135.891
2026-03-26 06:00:00 - Wonogiri Dam,135.9528
2026-03-26 12:00:00 - Wonogiri Dam,135.99284
2026-03-26 18:00:00 - Wonogiri Dam,135.99301
2026-03-27 06:00:00 - Wonogiri Dam,136.05275
2026-03-27 12:00:00 - Wonogiri Dam,136.16022
2026-03-27 18:00:00 - Wonogiri Dam,136.15787
2026-03-28 06:00:00 - Wonogiri Dam,136.05682
2026-03-28 12:00:00 - Wonogiri Dam,136.02437
2026-03-28 18:00:00 - Wonogiri Dam,138.18236
2026-03-29 06:00:00 - Wonogiri Dam,136.16388
2026-03-29 12:00:00 - Wonogiri Dam,136.22296
2026-03-29 18:00:00 - Wonogiri Dam,136.30518
2026-03-30 06:00:00 - Wonogiri Dam,136.16417
2026-03-30 12:00:00 - Wonogiri Dam,136.11617
2026-03-30 18:00:00 - Wonogiri Dam,137.25386
2026-03-31 06:00:00 - Wonogiri Dam,136.03113
2026-03-31 12:00:00 - Wonogiri Dam,136.19495
2026-03-31 18:00:00 - Wonogiri Dam,136.04019
2026-04-01 06:00:00 - Wonogiri Dam,136.06459
2026-04-01 12:00:00 - Wonogiri Dam,136.1679
2026-04-01 18:00:00 - Wonogiri Dam,136.12482
2026-04-02 06:00:00 - Wonogiri Dam,136.10803
2026-04-02 12:00:00 - Wonogiri Dam,135.95328
2026-04-02 18:00:00 - Wonogiri Dam,135.88829
2026-04-03 06:00:00 - Wonogiri Dam,135.98315
2026-04-03 12:00:00 - Wonogiri Dam,136.04602
2026-04-03 18:00:00 - Wonogiri Dam,136.25424
2026-04-04 06:00:00 - Wonogiri Dam,136.03534
2026-04-04 12:00:00 - Wonogiri Dam,136.17877
2026-04-04 18:00:00 - Wonogiri Dam,136.10075
2026-04-05 06:00:00 - Wonogiri Dam,136.07242
2026-04-05 12:00:00 - Wonogiri Dam,136.04477
2026-04-05 18:00:00 - Wonogiri Dam,136.35156
2026-04-06 06:00:00 - Wonogiri Dam,136.04608
2026-04-06 12:00:00 - Wonogiri Dam,136.18298
2026-04-06 18:00:00 - Wonogiri Dam,136.33221
2026-04-07 06:00:00 - Wonogiri Dam,136.05414
2026-04-07 12:00:00 - Wonogiri Dam,136.26959
2026-04-07 18:00:00 - Wonogiri Dam,136.27963
2026-04-08 06:00:00 - Wonogiri Dam,135.97308
2026-04-08 12:00:00 - Wonogiri Dam,136.11015
2026-04-08 18:00:00 - Wonogiri Dam,136.36594
2026-04-09 06:00:00 - Wonogiri Dam,136.21774
2026-04-09 12:00:00 - Wonogiri Dam,136.27083
2026-04-09 18:00:00 - Wonogiri Dam,136.04645
2026-04-10 06:00:00 - Wonogiri Dam,136.27763
2026-04-10 12:00:00 - Wonogiri Dam,136.197
2026-04-10 18:00:00 - Wonogiri Dam,136.01253
2026-04-11 06:00:00 - Wonogiri Dam,136.27788
2026-04-11 12:00:00 - Wonogiri Dam,136.29546
2026-04-11 18:00:00 - Wonogiri Dam,136.40686
2026-04-12 06:00:00 - Wonogiri Dam,136.08232
2026-04-12 12:00:00 - Wonogiri Dam,136.15189
2026-04-12 18:00:00 - Wonogiri Dam,136.25792
2026-04-13 06:00:00 - Wonogiri Dam,136.06053
2026-04-13 12:00:00 - Wonogiri Dam,136.11974
2026-04-13 18:00:00 - Wonogiri Dam,136.07867
2026-04-14 06:00:00 - Wonogiri Dam,136.17928
2026-04-14 12:00:00 - Wonogiri Dam,136.20004
2026-04-14 18:00:00 - Wonogiri Dam,136.18053
2026-04-15 06:00:00 - Wonogiri Dam,135.99889
2026-04-15 12:00:00 - Wonogiri Dam,136.14781
2026-04-15 18:00:00 - Wonogiri Dam,136.10504
2026-04-16 06:00:00 - Wonogiri Dam,135.92683
2026-04-16 12:00:00 - Wonogiri Dam,136.25365
2026-04-16 18:00:00 - Wonogiri Dam,136.07303
2026-04-17 06:00:00 - Wonogiri Dam,135.97879
2026-04-17 12:00:00 - Wonogiri Dam,136.05437
2026-04-17 18:00:00 - Wonogiri Dam,136.08707
2026-04-18 06:00:00 - Wonogiri Dam,136.06003
2026-04-18 12:00:00 - Wonogiri Dam,136.06128
2026-04-18 18:00:00 - Wonogiri Dam,135.94557
2026-04-19 06:00:00 - Wonogiri Dam,136.1105
2026-04-19 12:00:00 - Wonogiri Dam,135.96762
2026-04-19 18:00:00 - Wonogiri Dam,135.92769
2026-04-20 06:00:00 - Wonogiri Dam,135.91434
2026-04-20 12:00:00 - Wonogiri Dam,136.02464
2026-04-20 18:00:00 - Wonogiri Dam,135.92473
2026-04-21 06:00:00 - Wonogiri Dam,135.96367
2026-04-21 12:00:00 - Wonogiri Dam,136.21776
2026-04-21 18:00:00 - Wonogiri Dam,136.17325
2026-04-22 06:00:00 - Wonogiri Dam,136.0089
2026-04-22 12:00:00 - Wonogiri Dam,136.19313
2026-04-22 18:00:00 - Wonogiri Dam,136.0301
2026-04-23 06:00:00 - Wonogiri Dam,135.97253
2026-04-23 12:00:00 - Wonogiri Dam,136.0151
2026-04-23 18:00:00 - Wonogiri Dam,135.97046
2026-04-24 06:00:00 - Wonogiri Dam,135.94655
2026-04-24 12:00:00 - Wonogiri Dam,136.20093
2026-04-24 18:00:00 - Wonogiri Dam,136.06522
2026-04-25 06:00:00 - Wonogiri Dam,135.95667
2026-04-25 12:00:00 - Wonogiri Dam,136.01556
2026-04-25 18:00:00 - Wonogiri Dam,135.95189
2026-04-26 06:00:00 - Wonogiri Dam,135.90245
2026-04-26 12:00:00 - Wonogiri Dam,135.95532
2026-04-26 18:00:00 - Wonogiri Dam,135.97331
2026-04-27 06:00:00 - Wonogiri Dam,135.85547
2026-04-27 12:00:00 - Wonogiri Dam,135.99171
2026-04-27 18:00:00 - Wonogiri Dam,135.93643
2026-04-28 06:00:00 - Wonogiri Dam,135.86731
2026-04-28 12:00:00 - Wonogiri Dam,136.03633
2026-04-28 18:00:00 - Wonogiri Dam,136.05017
2026-04-29 06:00:00 - Wonogiri Dam,135.88638
2026-04-29 12:00:00 - Wonogiri Dam,136.01778
2026-04-29 18:00:00 - Wonogiri Dam,135.98296
2026-04-30 06:00:00 - Wonogiri Dam,135.95195
2026-04-30 12:00:00 - Wonogiri Dam,135.99648
2026-04-30 18:00:00 - Wonogiri Dam,136.90945
2026-05-01 06:00:00 - Wonogiri Dam,135.80383
2026-05-01 12:00:00 - Wonogiri Dam,135.79225
2026-05-01 18:00:00 - Wonogiri Dam,135.91548
2026-05-02 06:00:00 - Wonogiri Dam,135.71722
2026-05-02 12:00:00 - Wonogiri Dam,135.90175
2026-05-02 18:00:00 - Wonogiri Dam,135.88608
2026-05-03 06:00:00 - Wonogiri Dam,135.78456
2026-05-03 12:00:00 - Wonogiri Dam,135.81396
2026-05-03 18:00:00 - Wonogiri Dam,135.71019
2026-05-04 06:00:00 - Wonogiri Dam,135.70668
2026-05-04 12:00:00 - Wonogiri Dam,135.75612
2026-05-04 18:00:00 - Wonogiri Dam,135.74733
2026-05-05 06:00:00 - Wonogiri Dam,135.7264
2026-05-05 12:00:00 - Wonogiri Dam,135.80609
2026-05-05 18:00:00 - Wonogiri Dam,135.81523
2026-05-06 06:00:00 - Wonogiri Dam,135.65929
2026-05-06 12:00:00 - Wonogiri Dam,135.73245
2026-05-06 18:00:00 - Wonogiri Dam,135.60046
2026-05-07 06:00:00 - Wonogiri Dam,135.59969
2026-05-07 12:00:00 - Wonogiri Dam,135.6902
2026-05-07 18:00:00 - Wonogiri Dam,135.65765
2026-05-08 06:00:00 - Wonogiri Dam,135.61879
2026-05-08 12:00:00 - Wonogiri Dam,135.72548
2026-05-08 18:00:00 - Wonogiri Dam,135.64842
2026-05-09 06:00:00 - Wonogiri Dam,135.60356
2026-05-09 12:00:00 - Wonogiri Dam,135.77234
2026-05-09 18:00:00 - Wonogiri Dam,135.676
2026-05-10 06:00:00 - Wonogiri Dam,135.60446
2026-05-10 12:00:00 - Wonogiri Dam,135.76108
2026-05-10 18:00:00 - Wonogiri Dam,135.68497
2026-05-11 06:00:00 - Wonogiri Dam,135.69333
2026-05-11 12:00:00 - Wonogiri Dam,135.82523
2026-05-11 18:00:00 - Wonogiri Dam,135.71223
2026-05-12 06:00:00 - Wonogiri Dam,135.69496
2026-05-12 12:00:00 - Wonogiri Dam,135.83423
2026-05-12 18:00:00 - Wonogiri Dam,135.75186
2026-05-13 06:00:00 - Wonogiri Dam,135.83281
2026-05-13 12:00:00 - Wonogiri Dam,135.90831
2026-05-13 18:00:00 - Wonogiri Dam,135.81393
2026-05-14 06:00:00 - Wonogiri Dam,135.7385
2026-05-14 12:00:00 - Wonogiri Dam,135.86896
2026-05-14 18:00:00 - Wonogiri Dam,135.84229
2026-05-15 06:00:00 - Wonogiri Dam,135.8513
2026-05-15 12:00:00 - Wonogiri Dam,136.03856
2026-05-15 18:00:00 - Wonogiri Dam,135.91695
2026-05-16 06:00:00 - Wonogiri Dam,135.91887
2026-05-16 12:00:00 - Wonogiri Dam,135.91013
2026-05-16 18:00:00 - Wonogiri Dam,136.00739
2026-05-17 06:00:00 - Wonogiri Dam,135.89204
2026-05-17 12:00:00 - Wonogiri Dam,135.9149
2026-05-17 18:00:00 - Wonogiri Dam,135.95358
2026-05-18 06:00:00 - Wonogiri Dam,135.86531
2026-05-18 12:00:00 - Wonogiri Dam,135.9223
2026-05-18 18:00:00 - Wonogiri Dam,135.49742
